% Энерговыделение в мишени, проинтегрированное по глубине
% Аргументы: y, z в метрах. Функция: Вт/м² (средняя мощность)
% Источник: wall_load_20MeV.npz, 2026-09-24 14:56:23
% Grid
-2.5000000000e-02 -2.4750000000e-02 -2.4500000000e-02 -2.4250000000e-02 -2.4000000000e-02 -2.3750000000e-02 -2.3500000000e-02 -2.3250000000e-02 -2.3000000000e-02 -2.2750000000e-02 -2.2500000000e-02 -2.2250000000e-02 -2.2000000000e-02 -2.1750000000e-02 -2.1500000000e-02 -2.1250000000e-02 -2.1000000000e-02 -2.0750000000e-02 -2.0500000000e-02 -2.0250000000e-02 -2.0000000000e-02 -1.9750000000e-02 -1.9500000000e-02 -1.9250000000e-02 -1.9000000000e-02 -1.8750000000e-02 -1.8500000000e-02 -1.8250000000e-02 -1.8000000000e-02 -1.7750000000e-02 -1.7500000000e-02 -1.7250000000e-02 -1.7000000000e-02 -1.6750000000e-02 -1.6500000000e-02 -1.6250000000e-02 -1.6000000000e-02 -1.5750000000e-02 -1.5500000000e-02 -1.5250000000e-02 -1.5000000000e-02 -1.4750000000e-02 -1.4500000000e-02 -1.4250000000e-02 -1.4000000000e-02 -1.3750000000e-02 -1.3500000000e-02 -1.3250000000e-02 -1.3000000000e-02 -1.2750000000e-02 -1.2500000000e-02 -1.2250000000e-02 -1.2000000000e-02 -1.1750000000e-02 -1.1500000000e-02 -1.1250000000e-02 -1.1000000000e-02 -1.0750000000e-02 -1.0500000000e-02 -1.0250000000e-02 -1.0000000000e-02 -9.7500000000e-03 -9.5000000000e-03 -9.2500000000e-03 -9.0000000000e-03 -8.7500000000e-03 -8.5000000000e-03 -8.2500000000e-03 -8.0000000000e-03 -7.7500000000e-03 -7.5000000000e-03 -7.2500000000e-03 -7.0000000000e-03 -6.7500000000e-03 -6.5000000000e-03 -6.2500000000e-03 -6.0000000000e-03 -5.7500000000e-03 -5.5000000000e-03 -5.2500000000e-03 -5.0000000000e-03 -4.7500000000e-03 -4.5000000000e-03 -4.2500000000e-03 -4.0000000000e-03 -3.7500000000e-03 -3.5000000000e-03 -3.2500000000e-03 -3.0000000000e-03 -2.7500000000e-03 -2.5000000000e-03 -2.2500000000e-03 -2.0000000000e-03 -1.7500000000e-03 -1.5000000000e-03 -1.2500000000e-03 -1.0000000000e-03 -7.5000000000e-04 -5.0000000000e-04 -2.5000000000e-04 0.0000000000e+00 2.5000000000e-04 5.0000000000e-04 7.5000000000e-04 1.0000000000e-03 1.2500000000e-03 1.5000000000e-03 1.7500000000e-03 2.0000000000e-03 2.2500000000e-03 2.5000000000e-03 2.7500000000e-03 3.0000000000e-03 3.2500000000e-03 3.5000000000e-03 3.7500000000e-03 4.0000000000e-03 4.2500000000e-03 4.5000000000e-03 4.7500000000e-03 5.0000000000e-03 5.2500000000e-03 5.5000000000e-03 5.7500000000e-03 6.0000000000e-03 6.2500000000e-03 6.5000000000e-03 6.7500000000e-03 7.0000000000e-03 7.2500000000e-03 7.5000000000e-03 7.7500000000e-03 8.0000000000e-03 8.2500000000e-03 8.5000000000e-03 8.7500000000e-03 9.0000000000e-03 9.2500000000e-03 9.5000000000e-03 9.7500000000e-03 1.0000000000e-02 1.0250000000e-02 1.0500000000e-02 1.0750000000e-02 1.1000000000e-02 1.1250000000e-02 1.1500000000e-02 1.1750000000e-02 1.2000000000e-02 1.2250000000e-02 1.2500000000e-02 1.2750000000e-02 1.3000000000e-02 1.3250000000e-02 1.3500000000e-02 1.3750000000e-02 1.4000000000e-02 1.4250000000e-02 1.4500000000e-02 1.4750000000e-02 1.5000000000e-02 1.5250000000e-02 1.5500000000e-02 1.5750000000e-02 1.6000000000e-02 1.6250000000e-02 1.6500000000e-02 1.6750000000e-02 1.7000000000e-02 1.7250000000e-02 1.7500000000e-02 1.7750000000e-02 1.8000000000e-02 1.8250000000e-02 1.8500000000e-02 1.8750000000e-02 1.9000000000e-02 1.9250000000e-02 1.9500000000e-02 1.9750000000e-02 2.0000000000e-02 2.0250000000e-02 2.0500000000e-02 2.0750000000e-02 2.1000000000e-02 2.1250000000e-02 2.1500000000e-02 2.1750000000e-02 2.2000000000e-02 2.2250000000e-02 2.2500000000e-02 2.2750000000e-02 2.3000000000e-02 2.3250000000e-02 2.3500000000e-02 2.3750000000e-02 2.4000000000e-02 2.4250000000e-02 2.4500000000e-02 2.4750000000e-02 2.5000000000e-02
-2.5000000000e-02 -2.4750000000e-02 -2.4500000000e-02 -2.4250000000e-02 -2.4000000000e-02 -2.3750000000e-02 -2.3500000000e-02 -2.3250000000e-02 -2.3000000000e-02 -2.2750000000e-02 -2.2500000000e-02 -2.2250000000e-02 -2.2000000000e-02 -2.1750000000e-02 -2.1500000000e-02 -2.1250000000e-02 -2.1000000000e-02 -2.0750000000e-02 -2.0500000000e-02 -2.0250000000e-02 -2.0000000000e-02 -1.9750000000e-02 -1.9500000000e-02 -1.9250000000e-02 -1.9000000000e-02 -1.8750000000e-02 -1.8500000000e-02 -1.8250000000e-02 -1.8000000000e-02 -1.7750000000e-02 -1.7500000000e-02 -1.7250000000e-02 -1.7000000000e-02 -1.6750000000e-02 -1.6500000000e-02 -1.6250000000e-02 -1.6000000000e-02 -1.5750000000e-02 -1.5500000000e-02 -1.5250000000e-02 -1.5000000000e-02 -1.4750000000e-02 -1.4500000000e-02 -1.4250000000e-02 -1.4000000000e-02 -1.3750000000e-02 -1.3500000000e-02 -1.3250000000e-02 -1.3000000000e-02 -1.2750000000e-02 -1.2500000000e-02 -1.2250000000e-02 -1.2000000000e-02 -1.1750000000e-02 -1.1500000000e-02 -1.1250000000e-02 -1.1000000000e-02 -1.0750000000e-02 -1.0500000000e-02 -1.0250000000e-02 -1.0000000000e-02 -9.7500000000e-03 -9.5000000000e-03 -9.2500000000e-03 -9.0000000000e-03 -8.7500000000e-03 -8.5000000000e-03 -8.2500000000e-03 -8.0000000000e-03 -7.7500000000e-03 -7.5000000000e-03 -7.2500000000e-03 -7.0000000000e-03 -6.7500000000e-03 -6.5000000000e-03 -6.2500000000e-03 -6.0000000000e-03 -5.7500000000e-03 -5.5000000000e-03 -5.2500000000e-03 -5.0000000000e-03 -4.7500000000e-03 -4.5000000000e-03 -4.2500000000e-03 -4.0000000000e-03 -3.7500000000e-03 -3.5000000000e-03 -3.2500000000e-03 -3.0000000000e-03 -2.7500000000e-03 -2.5000000000e-03 -2.2500000000e-03 -2.0000000000e-03 -1.7500000000e-03 -1.5000000000e-03 -1.2500000000e-03 -1.0000000000e-03 -7.5000000000e-04 -5.0000000000e-04 -2.5000000000e-04 0.0000000000e+00 2.5000000000e-04 5.0000000000e-04 7.5000000000e-04 1.0000000000e-03 1.2500000000e-03 1.5000000000e-03 1.7500000000e-03 2.0000000000e-03 2.2500000000e-03 2.5000000000e-03 2.7500000000e-03 3.0000000000e-03 3.2500000000e-03 3.5000000000e-03 3.7500000000e-03 4.0000000000e-03 4.2500000000e-03 4.5000000000e-03 4.7500000000e-03 5.0000000000e-03 5.2500000000e-03 5.5000000000e-03 5.7500000000e-03 6.0000000000e-03 6.2500000000e-03 6.5000000000e-03 6.7500000000e-03 7.0000000000e-03 7.2500000000e-03 7.5000000000e-03 7.7500000000e-03 8.0000000000e-03 8.2500000000e-03 8.5000000000e-03 8.7500000000e-03 9.0000000000e-03 9.2500000000e-03 9.5000000000e-03 9.7500000000e-03 1.0000000000e-02 1.0250000000e-02 1.0500000000e-02 1.0750000000e-02 1.1000000000e-02 1.1250000000e-02 1.1500000000e-02 1.1750000000e-02 1.2000000000e-02 1.2250000000e-02 1.2500000000e-02 1.2750000000e-02 1.3000000000e-02 1.3250000000e-02 1.3500000000e-02 1.3750000000e-02 1.4000000000e-02 1.4250000000e-02 1.4500000000e-02 1.4750000000e-02 1.5000000000e-02 1.5250000000e-02 1.5500000000e-02 1.5750000000e-02 1.6000000000e-02 1.6250000000e-02 1.6500000000e-02 1.6750000000e-02 1.7000000000e-02 1.7250000000e-02 1.7500000000e-02 1.7750000000e-02 1.8000000000e-02 1.8250000000e-02 1.8500000000e-02 1.8750000000e-02 1.9000000000e-02 1.9250000000e-02 1.9500000000e-02 1.9750000000e-02 2.0000000000e-02 2.0250000000e-02 2.0500000000e-02 2.0750000000e-02 2.1000000000e-02 2.1250000000e-02 2.1500000000e-02 2.1750000000e-02 2.2000000000e-02 2.2250000000e-02 2.2500000000e-02 2.2750000000e-02 2.3000000000e-02 2.3250000000e-02 2.3500000000e-02 2.3750000000e-02 2.4000000000e-02 2.4250000000e-02 2.4500000000e-02 2.4750000000e-02 2.5000000000e-02
% Data
0.0000000000e+00 0.0000000000e+00 0.0000000000e+00 0.0000000000e+00 0.0000000000e+00 0.0000000000e+00 0.0000000000e+00 0.0000000000e+00 0.0000000000e+00 0.0000000000e+00 0.0000000000e+00 0.0000000000e+00 0.0000000000e+00 0.0000000000e+00 0.0000000000e+00 0.0000000000e+00 0.0000000000e+00 0.0000000000e+00 0.0000000000e+00 0.0000000000e+00 0.0000000000e+00 0.0000000000e+00 0.0000000000e+00 0.0000000000e+00 0.0000000000e+00 0.0000000000e+00 0.0000000000e+00 0.0000000000e+00 0.0000000000e+00 0.0000000000e+00 0.0000000000e+00 0.0000000000e+00 0.0000000000e+00 0.0000000000e+00 0.0000000000e+00 0.0000000000e+00 0.0000000000e+00 0.0000000000e+00 0.0000000000e+00 0.0000000000e+00 0.0000000000e+00 0.0000000000e+00 0.0000000000e+00 0.0000000000e+00 0.0000000000e+00 0.0000000000e+00 0.0000000000e+00 0.0000000000e+00 0.0000000000e+00 0.0000000000e+00 0.0000000000e+00 0.0000000000e+00 0.0000000000e+00 0.0000000000e+00 0.0000000000e+00 0.0000000000e+00 0.0000000000e+00 0.0000000000e+00 0.0000000000e+00 0.0000000000e+00 0.0000000000e+00 0.0000000000e+00 0.0000000000e+00 0.0000000000e+00 0.0000000000e+00 0.0000000000e+00 0.0000000000e+00 0.0000000000e+00 0.0000000000e+00 0.0000000000e+00 0.0000000000e+00 0.0000000000e+00 0.0000000000e+00 0.0000000000e+00 0.0000000000e+00 0.0000000000e+00 0.0000000000e+00 0.0000000000e+00 0.0000000000e+00 0.0000000000e+00 0.0000000000e+00 0.0000000000e+00 0.0000000000e+00 0.0000000000e+00 0.0000000000e+00 0.0000000000e+00 0.0000000000e+00 0.0000000000e+00 0.0000000000e+00 0.0000000000e+00 0.0000000000e+00 0.0000000000e+00 0.0000000000e+00 0.0000000000e+00 0.0000000000e+00 0.0000000000e+00 0.0000000000e+00 -5.5470137318e-10 6.5104448018e-10 1.2028297268e-09 3.5486469942e-09 -2.2012994349e-09 -1.5648462045e-09 1.8495030026e-09 0.0000000000e+00 0.0000000000e+00 0.0000000000e+00 0.0000000000e+00 0.0000000000e+00 0.0000000000e+00 0.0000000000e+00 0.0000000000e+00 0.0000000000e+00 0.0000000000e+00 0.0000000000e+00 0.0000000000e+00 0.0000000000e+00 0.0000000000e+00 0.0000000000e+00 0.0000000000e+00 0.0000000000e+00 0.0000000000e+00 0.0000000000e+00 0.0000000000e+00 0.0000000000e+00 0.0000000000e+00 0.0000000000e+00 0.0000000000e+00 0.0000000000e+00 0.0000000000e+00 0.0000000000e+00 0.0000000000e+00 0.0000000000e+00 0.0000000000e+00 0.0000000000e+00 0.0000000000e+00 0.0000000000e+00 0.0000000000e+00 0.0000000000e+00 0.0000000000e+00 0.0000000000e+00 0.0000000000e+00 0.0000000000e+00 0.0000000000e+00 0.0000000000e+00 0.0000000000e+00 0.0000000000e+00 0.0000000000e+00 0.0000000000e+00 0.0000000000e+00 0.0000000000e+00 0.0000000000e+00 0.0000000000e+00 0.0000000000e+00 0.0000000000e+00 0.0000000000e+00 0.0000000000e+00 0.0000000000e+00 0.0000000000e+00 0.0000000000e+00 0.0000000000e+00 0.0000000000e+00 0.0000000000e+00 0.0000000000e+00 0.0000000000e+00 0.0000000000e+00 0.0000000000e+00 0.0000000000e+00 0.0000000000e+00 0.0000000000e+00 0.0000000000e+00 0.0000000000e+00 0.0000000000e+00 0.0000000000e+00 0.0000000000e+00 0.0000000000e+00 0.0000000000e+00 0.0000000000e+00 0.0000000000e+00 0.0000000000e+00 0.0000000000e+00 0.0000000000e+00 0.0000000000e+00 0.0000000000e+00 0.0000000000e+00 0.0000000000e+00 0.0000000000e+00 0.0000000000e+00 0.0000000000e+00 0.0000000000e+00 0.0000000000e+00 0.0000000000e+00 0.0000000000e+00 0.0000000000e+00 0.0000000000e+00 0.0000000000e+00 0.0000000000e+00 0.0000000000e+00 0.0000000000e+00 0.0000000000e+00 0.0000000000e+00
0.0000000000e+00 0.0000000000e+00 0.0000000000e+00 0.0000000000e+00 0.0000000000e+00 0.0000000000e+00 0.0000000000e+00 0.0000000000e+00 0.0000000000e+00 0.0000000000e+00 0.0000000000e+00 0.0000000000e+00 0.0000000000e+00 0.0000000000e+00 0.0000000000e+00 0.0000000000e+00 0.0000000000e+00 0.0000000000e+00 0.0000000000e+00 0.0000000000e+00 0.0000000000e+00 0.0000000000e+00 0.0000000000e+00 0.0000000000e+00 0.0000000000e+00 0.0000000000e+00 0.0000000000e+00 0.0000000000e+00 0.0000000000e+00 0.0000000000e+00 0.0000000000e+00 0.0000000000e+00 0.0000000000e+00 0.0000000000e+00 0.0000000000e+00 0.0000000000e+00 0.0000000000e+00 0.0000000000e+00 0.0000000000e+00 0.0000000000e+00 0.0000000000e+00 0.0000000000e+00 0.0000000000e+00 0.0000000000e+00 0.0000000000e+00 0.0000000000e+00 0.0000000000e+00 0.0000000000e+00 0.0000000000e+00 0.0000000000e+00 0.0000000000e+00 0.0000000000e+00 0.0000000000e+00 0.0000000000e+00 0.0000000000e+00 0.0000000000e+00 0.0000000000e+00 0.0000000000e+00 0.0000000000e+00 0.0000000000e+00 0.0000000000e+00 0.0000000000e+00 0.0000000000e+00 0.0000000000e+00 0.0000000000e+00 0.0000000000e+00 0.0000000000e+00 0.0000000000e+00 0.0000000000e+00 0.0000000000e+00 0.0000000000e+00 0.0000000000e+00 0.0000000000e+00 0.0000000000e+00 0.0000000000e+00 0.0000000000e+00 0.0000000000e+00 0.0000000000e+00 0.0000000000e+00 0.0000000000e+00 0.0000000000e+00 0.0000000000e+00 0.0000000000e+00 0.0000000000e+00 0.0000000000e+00 0.0000000000e+00 -5.2517544616e-09 -4.6940434276e-09 -1.2326974450e-08 7.2518171381e-10 4.4346910678e-09 -8.7329204894e-09 -5.6295712663e-09 -8.3912543410e-09 -2.8233966718e-09 -2.9037527886e-09 -9.8974193749e-09 -8.7008027235e-09 -8.5702967467e-09 -5.4790814752e-09 -1.1387520491e-09 -8.5262813496e-09 -8.9939481360e-09 -1.6102395768e-09 -8.5517887070e-09 -5.5858437633e-09 -4.5377880427e-09 -1.6653628584e-09 -6.4713477829e-09 -5.7318968896e-09 -6.6766047086e-09 -5.3547717334e-09 -7.3263014817e-09 -5.1714813960e-09 -3.7764182992e-09 0.0000000000e+00 0.0000000000e+00 0.0000000000e+00 0.0000000000e+00 0.0000000000e+00 0.0000000000e+00 0.0000000000e+00 0.0000000000e+00 0.0000000000e+00 0.0000000000e+00 0.0000000000e+00 0.0000000000e+00 0.0000000000e+00 0.0000000000e+00 0.0000000000e+00 0.0000000000e+00 0.0000000000e+00 0.0000000000e+00 0.0000000000e+00 0.0000000000e+00 0.0000000000e+00 0.0000000000e+00 0.0000000000e+00 0.0000000000e+00 0.0000000000e+00 0.0000000000e+00 0.0000000000e+00 0.0000000000e+00 0.0000000000e+00 0.0000000000e+00 0.0000000000e+00 0.0000000000e+00 0.0000000000e+00 0.0000000000e+00 0.0000000000e+00 0.0000000000e+00 0.0000000000e+00 0.0000000000e+00 0.0000000000e+00 0.0000000000e+00 0.0000000000e+00 0.0000000000e+00 0.0000000000e+00 0.0000000000e+00 0.0000000000e+00 0.0000000000e+00 0.0000000000e+00 0.0000000000e+00 0.0000000000e+00 0.0000000000e+00 0.0000000000e+00 0.0000000000e+00 0.0000000000e+00 0.0000000000e+00 0.0000000000e+00 0.0000000000e+00 0.0000000000e+00 0.0000000000e+00 0.0000000000e+00 0.0000000000e+00 0.0000000000e+00 0.0000000000e+00 0.0000000000e+00 0.0000000000e+00 0.0000000000e+00 0.0000000000e+00 0.0000000000e+00 0.0000000000e+00 0.0000000000e+00 0.0000000000e+00 0.0000000000e+00 0.0000000000e+00 0.0000000000e+00 0.0000000000e+00 0.0000000000e+00 0.0000000000e+00 0.0000000000e+00 0.0000000000e+00 0.0000000000e+00 0.0000000000e+00 0.0000000000e+00 0.0000000000e+00 0.0000000000e+00 0.0000000000e+00 0.0000000000e+00 0.0000000000e+00
0.0000000000e+00 0.0000000000e+00 0.0000000000e+00 0.0000000000e+00 0.0000000000e+00 0.0000000000e+00 0.0000000000e+00 0.0000000000e+00 0.0000000000e+00 0.0000000000e+00 0.0000000000e+00 0.0000000000e+00 0.0000000000e+00 0.0000000000e+00 0.0000000000e+00 0.0000000000e+00 0.0000000000e+00 0.0000000000e+00 0.0000000000e+00 0.0000000000e+00 0.0000000000e+00 0.0000000000e+00 0.0000000000e+00 0.0000000000e+00 0.0000000000e+00 0.0000000000e+00 0.0000000000e+00 0.0000000000e+00 0.0000000000e+00 0.0000000000e+00 0.0000000000e+00 0.0000000000e+00 0.0000000000e+00 0.0000000000e+00 0.0000000000e+00 0.0000000000e+00 0.0000000000e+00 0.0000000000e+00 0.0000000000e+00 0.0000000000e+00 0.0000000000e+00 0.0000000000e+00 0.0000000000e+00 0.0000000000e+00 0.0000000000e+00 0.0000000000e+00 0.0000000000e+00 0.0000000000e+00 0.0000000000e+00 0.0000000000e+00 0.0000000000e+00 0.0000000000e+00 0.0000000000e+00 0.0000000000e+00 0.0000000000e+00 0.0000000000e+00 0.0000000000e+00 0.0000000000e+00 0.0000000000e+00 0.0000000000e+00 0.0000000000e+00 0.0000000000e+00 0.0000000000e+00 0.0000000000e+00 0.0000000000e+00 0.0000000000e+00 0.0000000000e+00 0.0000000000e+00 0.0000000000e+00 0.0000000000e+00 0.0000000000e+00 0.0000000000e+00 0.0000000000e+00 0.0000000000e+00 0.0000000000e+00 0.0000000000e+00 0.0000000000e+00 0.0000000000e+00 0.0000000000e+00 0.0000000000e+00 1.8327432658e-09 3.9085393156e-09 -5.7062133809e-09 3.3513649616e-09 -1.8727723959e-09 1.2325065932e-09 -5.3163670562e-10 2.9571513302e-09 -2.0118973293e-09 3.9975511523e-09 7.8458888083e-09 2.0993956604e-09 1.4344791792e-09 4.5790933294e-09 2.3425415213e-09 7.2642420757e-09 -6.2233057441e-10 -3.0563320368e-09 6.9290576475e-09 3.5731292900e-09 -7.9744991649e-10 9.1329824702e-11 -3.0183017629e-10 2.7726162911e-09 3.9833066174e-09 2.8752874848e-09 2.4292491076e-09 4.4643808440e-09 -1.9861845148e-09 4.6705158098e-09 4.3524859764e-09 9.2642228265e-09 7.0871389000e-09 3.5107877219e-09 4.1720232333e-09 2.7983057294e-09 1.9221130287e-09 -1.7270888361e-09 -2.2349929076e-09 3.0021736727e-10 -1.4780187931e-09 0.0000000000e+00 0.0000000000e+00 0.0000000000e+00 0.0000000000e+00 0.0000000000e+00 0.0000000000e+00 0.0000000000e+00 0.0000000000e+00 0.0000000000e+00 0.0000000000e+00 0.0000000000e+00 0.0000000000e+00 0.0000000000e+00 0.0000000000e+00 0.0000000000e+00 0.0000000000e+00 0.0000000000e+00 0.0000000000e+00 0.0000000000e+00 0.0000000000e+00 0.0000000000e+00 0.0000000000e+00 0.0000000000e+00 0.0000000000e+00 0.0000000000e+00 0.0000000000e+00 0.0000000000e+00 0.0000000000e+00 0.0000000000e+00 0.0000000000e+00 0.0000000000e+00 0.0000000000e+00 0.0000000000e+00 0.0000000000e+00 0.0000000000e+00 0.0000000000e+00 0.0000000000e+00 0.0000000000e+00 0.0000000000e+00 0.0000000000e+00 0.0000000000e+00 0.0000000000e+00 0.0000000000e+00 0.0000000000e+00 0.0000000000e+00 0.0000000000e+00 0.0000000000e+00 0.0000000000e+00 0.0000000000e+00 0.0000000000e+00 0.0000000000e+00 0.0000000000e+00 0.0000000000e+00 0.0000000000e+00 0.0000000000e+00 0.0000000000e+00 0.0000000000e+00 0.0000000000e+00 0.0000000000e+00 0.0000000000e+00 0.0000000000e+00 0.0000000000e+00 0.0000000000e+00 0.0000000000e+00 0.0000000000e+00 0.0000000000e+00 0.0000000000e+00 0.0000000000e+00 0.0000000000e+00 0.0000000000e+00 0.0000000000e+00 0.0000000000e+00 0.0000000000e+00 0.0000000000e+00 0.0000000000e+00 0.0000000000e+00 0.0000000000e+00 0.0000000000e+00 0.0000000000e+00 0.0000000000e+00
0.0000000000e+00 0.0000000000e+00 0.0000000000e+00 0.0000000000e+00 0.0000000000e+00 0.0000000000e+00 0.0000000000e+00 0.0000000000e+00 0.0000000000e+00 0.0000000000e+00 0.0000000000e+00 0.0000000000e+00 0.0000000000e+00 0.0000000000e+00 0.0000000000e+00 0.0000000000e+00 0.0000000000e+00 0.0000000000e+00 0.0000000000e+00 0.0000000000e+00 0.0000000000e+00 0.0000000000e+00 0.0000000000e+00 0.0000000000e+00 0.0000000000e+00 0.0000000000e+00 0.0000000000e+00 0.0000000000e+00 0.0000000000e+00 0.0000000000e+00 0.0000000000e+00 0.0000000000e+00 0.0000000000e+00 0.0000000000e+00 0.0000000000e+00 0.0000000000e+00 0.0000000000e+00 0.0000000000e+00 0.0000000000e+00 0.0000000000e+00 0.0000000000e+00 0.0000000000e+00 0.0000000000e+00 0.0000000000e+00 0.0000000000e+00 0.0000000000e+00 0.0000000000e+00 0.0000000000e+00 0.0000000000e+00 0.0000000000e+00 0.0000000000e+00 0.0000000000e+00 0.0000000000e+00 0.0000000000e+00 0.0000000000e+00 0.0000000000e+00 0.0000000000e+00 0.0000000000e+00 0.0000000000e+00 0.0000000000e+00 0.0000000000e+00 0.0000000000e+00 0.0000000000e+00 0.0000000000e+00 0.0000000000e+00 0.0000000000e+00 0.0000000000e+00 0.0000000000e+00 0.0000000000e+00 0.0000000000e+00 0.0000000000e+00 0.0000000000e+00 0.0000000000e+00 0.0000000000e+00 0.0000000000e+00 0.0000000000e+00 -4.2704447982e-10 -1.0728257803e-08 -3.2393550927e-09 -6.4014195080e-09 -7.1850506473e-09 -5.2432979718e-09 -7.8443582976e-09 -4.6640629381e-09 -6.4731834790e-09 -5.5511083557e-09 -8.0195540501e-09 -3.6629645106e-09 -9.3503424665e-09 -7.2592790347e-09 -3.2372360267e-10 -6.6813702041e-09 -9.3310669044e-09 3.2738582303e-09 -8.4026765649e-09 -6.4536772457e-09 -7.5746838223e-09 -1.6832409569e-08 -5.9982857341e-09 -5.9064265937e-09 -1.8472958644e-09 -5.9607375373e-09 -1.1297126096e-08 -1.0279109053e-08 -8.9158620706e-09 -8.7835843201e-09 -4.5559567467e-09 1.3162152435e-09 -9.1422542785e-09 -6.0778345981e-09 -9.5568454929e-09 -1.0367086198e-08 -1.0158716109e-08 -8.1672690792e-09 -1.4608213427e-09 -5.5040492481e-09 -4.1162640077e-09 -7.3593981203e-09 -9.9845729457e-09 -2.7195824425e-09 -7.2479749618e-09 -9.9904137715e-09 -6.2807762215e-09 -4.0347135579e-09 -1.0661180312e-09 0.0000000000e+00 0.0000000000e+00 0.0000000000e+00 0.0000000000e+00 0.0000000000e+00 0.0000000000e+00 0.0000000000e+00 0.0000000000e+00 0.0000000000e+00 0.0000000000e+00 0.0000000000e+00 0.0000000000e+00 0.0000000000e+00 0.0000000000e+00 0.0000000000e+00 0.0000000000e+00 0.0000000000e+00 0.0000000000e+00 0.0000000000e+00 0.0000000000e+00 0.0000000000e+00 0.0000000000e+00 0.0000000000e+00 0.0000000000e+00 0.0000000000e+00 0.0000000000e+00 0.0000000000e+00 0.0000000000e+00 0.0000000000e+00 0.0000000000e+00 0.0000000000e+00 0.0000000000e+00 0.0000000000e+00 0.0000000000e+00 0.0000000000e+00 0.0000000000e+00 0.0000000000e+00 0.0000000000e+00 0.0000000000e+00 0.0000000000e+00 0.0000000000e+00 0.0000000000e+00 0.0000000000e+00 0.0000000000e+00 0.0000000000e+00 0.0000000000e+00 0.0000000000e+00 0.0000000000e+00 0.0000000000e+00 0.0000000000e+00 0.0000000000e+00 0.0000000000e+00 0.0000000000e+00 0.0000000000e+00 0.0000000000e+00 0.0000000000e+00 0.0000000000e+00 0.0000000000e+00 0.0000000000e+00 0.0000000000e+00 0.0000000000e+00 0.0000000000e+00 0.0000000000e+00 0.0000000000e+00 0.0000000000e+00 0.0000000000e+00 0.0000000000e+00 0.0000000000e+00 0.0000000000e+00 0.0000000000e+00 0.0000000000e+00 0.0000000000e+00 0.0000000000e+00 0.0000000000e+00 0.0000000000e+00 0.0000000000e+00
0.0000000000e+00 0.0000000000e+00 0.0000000000e+00 0.0000000000e+00 0.0000000000e+00 0.0000000000e+00 0.0000000000e+00 0.0000000000e+00 0.0000000000e+00 0.0000000000e+00 0.0000000000e+00 0.0000000000e+00 0.0000000000e+00 0.0000000000e+00 0.0000000000e+00 0.0000000000e+00 0.0000000000e+00 0.0000000000e+00 0.0000000000e+00 0.0000000000e+00 0.0000000000e+00 0.0000000000e+00 0.0000000000e+00 0.0000000000e+00 0.0000000000e+00 0.0000000000e+00 0.0000000000e+00 0.0000000000e+00 0.0000000000e+00 0.0000000000e+00 0.0000000000e+00 0.0000000000e+00 0.0000000000e+00 0.0000000000e+00 0.0000000000e+00 0.0000000000e+00 0.0000000000e+00 0.0000000000e+00 0.0000000000e+00 0.0000000000e+00 0.0000000000e+00 0.0000000000e+00 0.0000000000e+00 0.0000000000e+00 0.0000000000e+00 0.0000000000e+00 0.0000000000e+00 0.0000000000e+00 0.0000000000e+00 0.0000000000e+00 0.0000000000e+00 0.0000000000e+00 0.0000000000e+00 0.0000000000e+00 0.0000000000e+00 0.0000000000e+00 0.0000000000e+00 0.0000000000e+00 0.0000000000e+00 0.0000000000e+00 0.0000000000e+00 0.0000000000e+00 0.0000000000e+00 0.0000000000e+00 0.0000000000e+00 0.0000000000e+00 0.0000000000e+00 0.0000000000e+00 0.0000000000e+00 0.0000000000e+00 0.0000000000e+00 0.0000000000e+00 1.7225487699e-09 -1.9898731103e-09 -6.7075902227e-10 -5.9566974473e-09 -5.9408051355e-09 -1.0654525073e-08 -5.1122810371e-09 4.0868775784e-10 -5.4296015942e-09 -1.5392534832e-09 -1.0351709290e-08 6.0756415615e-12 -6.6511783332e-09 -6.5446795569e-09 -1.6611651201e-09 -1.2842182700e-09 -9.1300853284e-09 -2.5654452536e-09 1.1157577923e-09 2.5744608024e-09 -4.7408601408e-10 -4.0079333921e-09 -1.5824089130e-09 -2.3674579735e-09 -1.5366098863e-09 -4.1460890642e-09 3.1029197339e-09 3.6386504347e-09 -2.8277976621e-09 -1.9570949401e-09 -3.4469565470e-10 -3.3446767629e-09 4.1568887671e-09 -5.4223430778e-09 1.8703795159e-09 5.1920528959e-09 -7.0363945192e-09 -1.8821819318e-10 -5.9988004429e-09 3.3833179243e-10 3.1013216842e-10 -8.7958348946e-10 2.3364084850e-10 -6.6403885633e-11 -7.3158739884e-10 -6.5712962359e-09 -5.3472287901e-09 -3.4299632436e-10 -5.5609063297e-09 -1.2056598407e-08 -9.6791806878e-09 -2.9710908840e-10 -7.1530851234e-09 -8.5681716686e-10 -8.0365461248e-10 -2.2587953319e-10 2.5692251280e-09 0.0000000000e+00 0.0000000000e+00 0.0000000000e+00 0.0000000000e+00 0.0000000000e+00 0.0000000000e+00 0.0000000000e+00 0.0000000000e+00 0.0000000000e+00 0.0000000000e+00 0.0000000000e+00 0.0000000000e+00 0.0000000000e+00 0.0000000000e+00 0.0000000000e+00 0.0000000000e+00 0.0000000000e+00 0.0000000000e+00 0.0000000000e+00 0.0000000000e+00 0.0000000000e+00 0.0000000000e+00 0.0000000000e+00 0.0000000000e+00 0.0000000000e+00 0.0000000000e+00 0.0000000000e+00 0.0000000000e+00 0.0000000000e+00 0.0000000000e+00 0.0000000000e+00 0.0000000000e+00 0.0000000000e+00 0.0000000000e+00 0.0000000000e+00 0.0000000000e+00 0.0000000000e+00 0.0000000000e+00 0.0000000000e+00 0.0000000000e+00 0.0000000000e+00 0.0000000000e+00 0.0000000000e+00 0.0000000000e+00 0.0000000000e+00 0.0000000000e+00 0.0000000000e+00 0.0000000000e+00 0.0000000000e+00 0.0000000000e+00 0.0000000000e+00 0.0000000000e+00 0.0000000000e+00 0.0000000000e+00 0.0000000000e+00 0.0000000000e+00 0.0000000000e+00 0.0000000000e+00 0.0000000000e+00 0.0000000000e+00 0.0000000000e+00 0.0000000000e+00 0.0000000000e+00 0.0000000000e+00 0.0000000000e+00 0.0000000000e+00 0.0000000000e+00 0.0000000000e+00 0.0000000000e+00 0.0000000000e+00 0.0000000000e+00 0.0000000000e+00
0.0000000000e+00 0.0000000000e+00 0.0000000000e+00 0.0000000000e+00 0.0000000000e+00 0.0000000000e+00 0.0000000000e+00 0.0000000000e+00 0.0000000000e+00 0.0000000000e+00 0.0000000000e+00 0.0000000000e+00 0.0000000000e+00 0.0000000000e+00 0.0000000000e+00 0.0000000000e+00 0.0000000000e+00 0.0000000000e+00 0.0000000000e+00 0.0000000000e+00 0.0000000000e+00 0.0000000000e+00 0.0000000000e+00 0.0000000000e+00 0.0000000000e+00 0.0000000000e+00 0.0000000000e+00 0.0000000000e+00 0.0000000000e+00 0.0000000000e+00 0.0000000000e+00 0.0000000000e+00 0.0000000000e+00 0.0000000000e+00 0.0000000000e+00 0.0000000000e+00 0.0000000000e+00 0.0000000000e+00 0.0000000000e+00 0.0000000000e+00 0.0000000000e+00 0.0000000000e+00 0.0000000000e+00 0.0000000000e+00 0.0000000000e+00 0.0000000000e+00 0.0000000000e+00 0.0000000000e+00 0.0000000000e+00 0.0000000000e+00 0.0000000000e+00 0.0000000000e+00 0.0000000000e+00 0.0000000000e+00 0.0000000000e+00 0.0000000000e+00 0.0000000000e+00 0.0000000000e+00 0.0000000000e+00 0.0000000000e+00 0.0000000000e+00 0.0000000000e+00 0.0000000000e+00 0.0000000000e+00 0.0000000000e+00 0.0000000000e+00 0.0000000000e+00 0.0000000000e+00 0.0000000000e+00 7.9260918252e-10 -2.3765259622e-09 -4.6331439241e-09 -2.9797199337e-09 -4.9160456529e-09 -4.2067409202e-09 -3.9916742669e-09 -3.1004230163e-09 -2.9262164553e-09 1.9270575974e-09 -1.1857480535e-09 -5.6521070853e-09 -3.9355161931e-10 -1.5877595855e-09 -1.0568465481e-09 -6.0119026913e-09 -4.0369850520e-09 -1.0746132914e-09 -2.8531479977e-09 -8.0043337939e-09 -9.6134828019e-09 -5.7177396335e-09 -5.0036668839e-09 -4.9516037005e-09 -1.4583754439e-09 -2.9480350236e-09 2.3798341249e-09 -3.1060514467e-09 -7.8896012568e-09 -1.7410594874e-09 -4.4478967188e-10 -7.5936103512e-10 -3.4113758858e-09 -3.3125391595e-09 -3.7023405282e-09 1.3677279031e-09 -7.7104488446e-09 5.2153933819e-10 -2.7947958795e-09 -5.9678876021e-09 -5.0249649518e-09 -1.1192733353e-08 -1.9853929250e-09 -4.6019195795e-09 -3.7829254414e-09 4.0642951450e-09 -1.3505895810e-09 -4.1862708519e-10 -1.0658283551e-09 -4.2046340156e-09 1.1422802535e-09 -6.3690317415e-09 -4.9196002377e-09 -8.8868226833e-09 2.0278034550e-09 -5.3308181807e-09 -3.2146080349e-09 1.9224538249e-11 -2.9256332426e-09 -3.9409034026e-09 -6.2011898069e-09 -6.4546164431e-10 -2.8097237078e-09 0.0000000000e+00 0.0000000000e+00 0.0000000000e+00 0.0000000000e+00 0.0000000000e+00 0.0000000000e+00 0.0000000000e+00 0.0000000000e+00 0.0000000000e+00 0.0000000000e+00 0.0000000000e+00 0.0000000000e+00 0.0000000000e+00 0.0000000000e+00 0.0000000000e+00 0.0000000000e+00 0.0000000000e+00 0.0000000000e+00 0.0000000000e+00 0.0000000000e+00 0.0000000000e+00 0.0000000000e+00 0.0000000000e+00 0.0000000000e+00 0.0000000000e+00 0.0000000000e+00 0.0000000000e+00 0.0000000000e+00 0.0000000000e+00 0.0000000000e+00 0.0000000000e+00 0.0000000000e+00 0.0000000000e+00 0.0000000000e+00 0.0000000000e+00 0.0000000000e+00 0.0000000000e+00 0.0000000000e+00 0.0000000000e+00 0.0000000000e+00 0.0000000000e+00 0.0000000000e+00 0.0000000000e+00 0.0000000000e+00 0.0000000000e+00 0.0000000000e+00 0.0000000000e+00 0.0000000000e+00 0.0000000000e+00 0.0000000000e+00 0.0000000000e+00 0.0000000000e+00 0.0000000000e+00 0.0000000000e+00 0.0000000000e+00 0.0000000000e+00 0.0000000000e+00 0.0000000000e+00 0.0000000000e+00 0.0000000000e+00 0.0000000000e+00 0.0000000000e+00 0.0000000000e+00 0.0000000000e+00 0.0000000000e+00 0.0000000000e+00 0.0000000000e+00 0.0000000000e+00 0.0000000000e+00
0.0000000000e+00 0.0000000000e+00 0.0000000000e+00 0.0000000000e+00 0.0000000000e+00 0.0000000000e+00 0.0000000000e+00 0.0000000000e+00 0.0000000000e+00 0.0000000000e+00 0.0000000000e+00 0.0000000000e+00 0.0000000000e+00 0.0000000000e+00 0.0000000000e+00 0.0000000000e+00 0.0000000000e+00 0.0000000000e+00 0.0000000000e+00 0.0000000000e+00 0.0000000000e+00 0.0000000000e+00 0.0000000000e+00 0.0000000000e+00 0.0000000000e+00 0.0000000000e+00 0.0000000000e+00 0.0000000000e+00 0.0000000000e+00 0.0000000000e+00 0.0000000000e+00 0.0000000000e+00 0.0000000000e+00 0.0000000000e+00 0.0000000000e+00 0.0000000000e+00 0.0000000000e+00 0.0000000000e+00 0.0000000000e+00 0.0000000000e+00 0.0000000000e+00 0.0000000000e+00 0.0000000000e+00 0.0000000000e+00 0.0000000000e+00 0.0000000000e+00 0.0000000000e+00 0.0000000000e+00 0.0000000000e+00 0.0000000000e+00 0.0000000000e+00 0.0000000000e+00 0.0000000000e+00 0.0000000000e+00 0.0000000000e+00 0.0000000000e+00 0.0000000000e+00 0.0000000000e+00 0.0000000000e+00 0.0000000000e+00 0.0000000000e+00 0.0000000000e+00 0.0000000000e+00 0.0000000000e+00 0.0000000000e+00 0.0000000000e+00 -3.2009321654e-09 -1.5459892878e-09 -4.7868092040e-09 -1.2693490275e-09 -5.6485006941e-09 -8.5665557892e-09 -7.6181469321e-09 -7.3789379115e-09 -2.1381295374e-09 -7.8919075847e-09 -4.7956136098e-09 -8.8847578536e-09 -5.1375099202e-09 -7.3395259646e-09 -9.8748910844e-09 -3.7596071377e-09 -4.5664618371e-09 -4.7036713908e-09 -1.7471675929e-08 -1.0018983755e-08 -1.5494573218e-08 -8.4961011687e-09 -1.9772248386e-08 -4.6612290235e-09 -6.1615629731e-10 -1.0484142286e-08 -1.2654636377e-08 -3.2065384007e-09 -7.4792694468e-09 -1.7275378110e-09 -9.6775772402e-09 -1.1359630468e-08 -1.2556646095e-08 -1.1099214963e-08 -4.6181961968e-09 -8.0779112354e-09 -1.2804447083e-08 -1.2921844110e-08 -7.0676134000e-09 -1.5342582324e-09 -3.3761574748e-09 7.5768320716e-10 -1.0576595347e-08 -9.2077204192e-09 -8.0353428767e-09 -8.1527552615e-09 -8.6465185520e-09 -8.4828717481e-09 -4.6084511255e-09 -5.5415759860e-09 -5.5317846937e-09 -1.4466377435e-09 -4.6943260733e-09 -3.4837028727e-09 -5.2508359977e-09 -1.0447367373e-08 -3.3284140695e-09 -3.7704648368e-09 -7.9239192572e-09 -7.1138691781e-09 -3.0494573350e-09 -4.5539675894e-09 -5.5208872178e-09 -8.1127200826e-09 -3.9907121516e-09 -5.8503578535e-09 -2.8698877448e-09 -2.0843403664e-10 -1.0490109089e-09 0.0000000000e+00 0.0000000000e+00 0.0000000000e+00 0.0000000000e+00 0.0000000000e+00 0.0000000000e+00 0.0000000000e+00 0.0000000000e+00 0.0000000000e+00 0.0000000000e+00 0.0000000000e+00 0.0000000000e+00 0.0000000000e+00 0.0000000000e+00 0.0000000000e+00 0.0000000000e+00 0.0000000000e+00 0.0000000000e+00 0.0000000000e+00 0.0000000000e+00 0.0000000000e+00 0.0000000000e+00 0.0000000000e+00 0.0000000000e+00 0.0000000000e+00 0.0000000000e+00 0.0000000000e+00 0.0000000000e+00 0.0000000000e+00 0.0000000000e+00 0.0000000000e+00 0.0000000000e+00 0.0000000000e+00 0.0000000000e+00 0.0000000000e+00 0.0000000000e+00 0.0000000000e+00 0.0000000000e+00 0.0000000000e+00 0.0000000000e+00 0.0000000000e+00 0.0000000000e+00 0.0000000000e+00 0.0000000000e+00 0.0000000000e+00 0.0000000000e+00 0.0000000000e+00 0.0000000000e+00 0.0000000000e+00 0.0000000000e+00 0.0000000000e+00 0.0000000000e+00 0.0000000000e+00 0.0000000000e+00 0.0000000000e+00 0.0000000000e+00 0.0000000000e+00 0.0000000000e+00 0.0000000000e+00 0.0000000000e+00 0.0000000000e+00 0.0000000000e+00 0.0000000000e+00 0.0000000000e+00 0.0000000000e+00 0.0000000000e+00
0.0000000000e+00 0.0000000000e+00 0.0000000000e+00 0.0000000000e+00 0.0000000000e+00 0.0000000000e+00 0.0000000000e+00 0.0000000000e+00 0.0000000000e+00 0.0000000000e+00 0.0000000000e+00 0.0000000000e+00 0.0000000000e+00 0.0000000000e+00 0.0000000000e+00 0.0000000000e+00 0.0000000000e+00 0.0000000000e+00 0.0000000000e+00 0.0000000000e+00 0.0000000000e+00 0.0000000000e+00 0.0000000000e+00 0.0000000000e+00 0.0000000000e+00 0.0000000000e+00 0.0000000000e+00 0.0000000000e+00 0.0000000000e+00 0.0000000000e+00 0.0000000000e+00 0.0000000000e+00 0.0000000000e+00 0.0000000000e+00 0.0000000000e+00 0.0000000000e+00 0.0000000000e+00 0.0000000000e+00 0.0000000000e+00 0.0000000000e+00 0.0000000000e+00 0.0000000000e+00 0.0000000000e+00 0.0000000000e+00 0.0000000000e+00 0.0000000000e+00 0.0000000000e+00 0.0000000000e+00 0.0000000000e+00 0.0000000000e+00 0.0000000000e+00 0.0000000000e+00 0.0000000000e+00 0.0000000000e+00 0.0000000000e+00 0.0000000000e+00 0.0000000000e+00 0.0000000000e+00 0.0000000000e+00 0.0000000000e+00 0.0000000000e+00 0.0000000000e+00 0.0000000000e+00 0.0000000000e+00 -4.3309806167e-09 1.9092971148e-10 5.0577929875e-09 6.3206380058e-10 2.3341123075e-09 2.3934162252e-09 1.6359548190e-09 3.5636741144e-09 -2.0678398867e-09 -2.0543202119e-09 -3.1215508329e-09 3.2809827914e-09 -1.3399892341e-09 -8.7495754290e-10 -2.6611843712e-10 -2.8686280959e-09 -1.5576203288e-09 -9.1553744260e-10 -6.1449439575e-09 -7.0328617563e-11 -3.1206851197e-09 9.4017312078e-10 -4.1286446995e-09 7.5917730207e-11 -6.6311319476e-10 2.7484797609e-09 -2.3899633767e-09 -1.2396129896e-09 5.8017118526e-09 5.9828039982e-09 7.5758707094e-10 1.7589646617e-09 8.8646575968e-10 -5.3886343532e-09 8.7432385498e-09 4.0473011919e-09 2.4224294464e-09 -4.7692007026e-09 4.7357067337e-09 6.3673996209e-10 5.6261024893e-09 -1.4981584397e-09 2.0742727381e-09 3.0461395877e-09 5.3836670781e-10 3.7989800386e-09 5.4822791735e-09 8.5793236897e-09 9.4304037035e-09 8.8540959442e-10 6.4000003267e-09 3.9011514718e-09 3.7487509585e-09 -1.3399159491e-09 -4.0150710921e-09 1.4197427085e-10 -5.8983331663e-09 1.3179883788e-11 -2.9569203050e-09 -2.9652490751e-10 -2.5311044434e-09 2.4467266716e-09 -2.0780258970e-09 -3.1391157533e-09 -1.8155864227e-09 4.4365839315e-09 7.3287020402e-09 -2.0661248231e-09 4.1911234004e-09 2.4882721900e-09 9.9412281409e-10 -2.6618124136e-09 9.6589867877e-10 0.0000000000e+00 0.0000000000e+00 0.0000000000e+00 0.0000000000e+00 0.0000000000e+00 0.0000000000e+00 0.0000000000e+00 0.0000000000e+00 0.0000000000e+00 0.0000000000e+00 0.0000000000e+00 0.0000000000e+00 0.0000000000e+00 0.0000000000e+00 0.0000000000e+00 0.0000000000e+00 0.0000000000e+00 0.0000000000e+00 0.0000000000e+00 0.0000000000e+00 0.0000000000e+00 0.0000000000e+00 0.0000000000e+00 0.0000000000e+00 0.0000000000e+00 0.0000000000e+00 0.0000000000e+00 0.0000000000e+00 0.0000000000e+00 0.0000000000e+00 0.0000000000e+00 0.0000000000e+00 0.0000000000e+00 0.0000000000e+00 0.0000000000e+00 0.0000000000e+00 0.0000000000e+00 0.0000000000e+00 0.0000000000e+00 0.0000000000e+00 0.0000000000e+00 0.0000000000e+00 0.0000000000e+00 0.0000000000e+00 0.0000000000e+00 0.0000000000e+00 0.0000000000e+00 0.0000000000e+00 0.0000000000e+00 0.0000000000e+00 0.0000000000e+00 0.0000000000e+00 0.0000000000e+00 0.0000000000e+00 0.0000000000e+00 0.0000000000e+00 0.0000000000e+00 0.0000000000e+00 0.0000000000e+00 0.0000000000e+00 0.0000000000e+00 0.0000000000e+00 0.0000000000e+00 0.0000000000e+00
0.0000000000e+00 0.0000000000e+00 0.0000000000e+00 0.0000000000e+00 0.0000000000e+00 0.0000000000e+00 0.0000000000e+00 0.0000000000e+00 0.0000000000e+00 0.0000000000e+00 0.0000000000e+00 0.0000000000e+00 0.0000000000e+00 0.0000000000e+00 0.0000000000e+00 0.0000000000e+00 0.0000000000e+00 0.0000000000e+00 0.0000000000e+00 0.0000000000e+00 0.0000000000e+00 0.0000000000e+00 0.0000000000e+00 0.0000000000e+00 0.0000000000e+00 0.0000000000e+00 0.0000000000e+00 0.0000000000e+00 0.0000000000e+00 0.0000000000e+00 0.0000000000e+00 0.0000000000e+00 0.0000000000e+00 0.0000000000e+00 0.0000000000e+00 0.0000000000e+00 0.0000000000e+00 0.0000000000e+00 0.0000000000e+00 0.0000000000e+00 0.0000000000e+00 0.0000000000e+00 0.0000000000e+00 0.0000000000e+00 0.0000000000e+00 0.0000000000e+00 0.0000000000e+00 0.0000000000e+00 0.0000000000e+00 0.0000000000e+00 0.0000000000e+00 0.0000000000e+00 0.0000000000e+00 0.0000000000e+00 0.0000000000e+00 0.0000000000e+00 0.0000000000e+00 0.0000000000e+00 0.0000000000e+00 0.0000000000e+00 0.0000000000e+00 -6.2074588260e-09 -6.2055344962e-09 -4.1283972465e-09 -6.5857675009e-09 -3.8377900988e-09 -1.7404261829e-09 -3.0542406326e-09 -4.0270289692e-09 -5.1363459326e-09 -1.0182375698e-08 -8.7141985532e-09 -1.0155776600e-08 -8.7227605438e-09 -1.1946870175e-08 -5.5660250326e-09 -5.2006365455e-09 -1.0523339039e-08 -3.3295016135e-09 -1.3254394484e-08 -8.6324035540e-09 -4.1475585235e-09 -4.7993315934e-09 -5.9746040028e-09 -9.7321225981e-09 -7.3712815265e-09 -8.4259447990e-09 -1.1469734740e-08 -1.7679899847e-08 -1.4766528252e-08 -3.7147626851e-09 -9.7413405216e-09 -1.6321928230e-08 2.9222482181e-09 -1.1478051284e-08 -7.4633717256e-09 -6.6063741000e-09 -1.4851416471e-08 -4.6364817162e-09 -7.9275454771e-09 -8.5530026572e-09 -1.3025136300e-08 -1.7083756581e-08 -2.0138045279e-08 -1.3642100016e-08 -6.8678564414e-09 -9.9184664036e-09 -3.8378150445e-09 -1.1430593337e-08 -1.2927415254e-08 -1.4354115130e-08 -1.0186918858e-08 -1.3319464133e-08 -1.5669880088e-08 -5.3756083512e-10 -7.5070289475e-09 -3.0476478082e-09 -7.4216494775e-09 -9.6474125424e-09 -4.6009779853e-09 -9.7448949840e-09 -1.4940600095e-08 -8.4585318108e-09 -7.3450236350e-09 -4.2509761651e-09 -7.3194274484e-09 -6.1807812981e-09 -7.7385052934e-09 -9.8986243226e-09 -6.4512729189e-09 -2.4730148910e-09 -1.0519204116e-08 -1.4553674322e-09 -4.4338263662e-09 -5.7437562432e-09 -2.6167756043e-09 -3.7721165005e-09 -3.3564063718e-09 -2.6130071468e-09 -3.3243030500e-09 0.0000000000e+00 0.0000000000e+00 0.0000000000e+00 0.0000000000e+00 0.0000000000e+00 0.0000000000e+00 0.0000000000e+00 0.0000000000e+00 0.0000000000e+00 0.0000000000e+00 0.0000000000e+00 0.0000000000e+00 0.0000000000e+00 0.0000000000e+00 0.0000000000e+00 0.0000000000e+00 0.0000000000e+00 0.0000000000e+00 0.0000000000e+00 0.0000000000e+00 0.0000000000e+00 0.0000000000e+00 0.0000000000e+00 0.0000000000e+00 0.0000000000e+00 0.0000000000e+00 0.0000000000e+00 0.0000000000e+00 0.0000000000e+00 0.0000000000e+00 0.0000000000e+00 0.0000000000e+00 0.0000000000e+00 0.0000000000e+00 0.0000000000e+00 0.0000000000e+00 0.0000000000e+00 0.0000000000e+00 0.0000000000e+00 0.0000000000e+00 0.0000000000e+00 0.0000000000e+00 0.0000000000e+00 0.0000000000e+00 0.0000000000e+00 0.0000000000e+00 0.0000000000e+00 0.0000000000e+00 0.0000000000e+00 0.0000000000e+00 0.0000000000e+00 0.0000000000e+00 0.0000000000e+00 0.0000000000e+00 0.0000000000e+00 0.0000000000e+00 0.0000000000e+00 0.0000000000e+00 0.0000000000e+00 0.0000000000e+00 0.0000000000e+00
0.0000000000e+00 0.0000000000e+00 0.0000000000e+00 0.0000000000e+00 0.0000000000e+00 0.0000000000e+00 0.0000000000e+00 0.0000000000e+00 0.0000000000e+00 0.0000000000e+00 0.0000000000e+00 0.0000000000e+00 0.0000000000e+00 0.0000000000e+00 0.0000000000e+00 0.0000000000e+00 0.0000000000e+00 0.0000000000e+00 0.0000000000e+00 0.0000000000e+00 0.0000000000e+00 0.0000000000e+00 0.0000000000e+00 0.0000000000e+00 0.0000000000e+00 0.0000000000e+00 0.0000000000e+00 0.0000000000e+00 0.0000000000e+00 0.0000000000e+00 0.0000000000e+00 0.0000000000e+00 0.0000000000e+00 0.0000000000e+00 0.0000000000e+00 0.0000000000e+00 0.0000000000e+00 0.0000000000e+00 0.0000000000e+00 0.0000000000e+00 0.0000000000e+00 0.0000000000e+00 0.0000000000e+00 0.0000000000e+00 0.0000000000e+00 0.0000000000e+00 0.0000000000e+00 0.0000000000e+00 0.0000000000e+00 0.0000000000e+00 0.0000000000e+00 0.0000000000e+00 0.0000000000e+00 0.0000000000e+00 0.0000000000e+00 0.0000000000e+00 0.0000000000e+00 0.0000000000e+00 0.0000000000e+00 1.0564054974e-09 -1.3093756599e-09 -1.3775261530e-09 -2.5223670618e-09 -3.0743528978e-09 -2.3532250675e-09 -3.3306326579e-09 5.1460701239e-09 -2.8459401543e-10 2.3625914369e-09 4.3019020417e-10 2.6897948832e-10 -3.7324025088e-09 -2.8564559640e-09 2.6557355696e-10 1.2333588706e-09 -1.3188446367e-09 -4.0863765089e-09 -6.3512028148e-09 -8.2489574081e-09 -3.5109404915e-09 -1.9550060235e-09 9.8070542326e-10 4.4089808254e-09 1.4863296435e-09 -9.2107887350e-09 1.3346900601e-09 -3.7263116855e-09 1.6425539129e-10 -9.7042779201e-09 -1.4869802953e-09 2.3215682944e-09 6.6425173530e-10 -1.8917883421e-09 9.8112513990e-09 9.1089883953e-09 2.7392330622e-09 1.1917706104e-08 -2.6443021051e-09 2.1316656924e-09 2.1063208104e-09 -2.4670804724e-09 2.4670008120e-09 6.7054773828e-09 -2.1826053778e-09 5.0479549581e-09 1.0190913260e-08 1.1411578958e-08 8.2045853270e-09 3.6026238184e-10 2.5363283794e-09 -4.2259855044e-09 -5.8831749785e-10 -3.5111575622e-09 -2.4673798597e-09 5.0289590105e-09 1.5372118185e-09 -4.0359934446e-09 -1.5814772115e-09 -5.1936404130e-09 -3.1616143835e-10 -1.2401220182e-09 -2.1254426335e-09 -1.2253064640e-08 -3.4031735466e-09 -8.9890475642e-09 -3.9123880519e-09 -1.6447279221e-09 3.6152993049e-09 3.3184257886e-10 -3.4666474750e-09 2.7865468183e-09 2.0654441247e-09 1.8470503290e-09 7.4328645127e-10 -2.5304300916e-09 -2.0054323247e-09 9.4265859710e-10 -2.0337216450e-09 -3.8270703065e-10 -2.0582875004e-11 4.6974860283e-10 1.3617081063e-09 0.0000000000e+00 0.0000000000e+00 0.0000000000e+00 0.0000000000e+00 0.0000000000e+00 0.0000000000e+00 0.0000000000e+00 0.0000000000e+00 0.0000000000e+00 0.0000000000e+00 0.0000000000e+00 0.0000000000e+00 0.0000000000e+00 0.0000000000e+00 0.0000000000e+00 0.0000000000e+00 0.0000000000e+00 0.0000000000e+00 0.0000000000e+00 0.0000000000e+00 0.0000000000e+00 0.0000000000e+00 0.0000000000e+00 0.0000000000e+00 0.0000000000e+00 0.0000000000e+00 0.0000000000e+00 0.0000000000e+00 0.0000000000e+00 0.0000000000e+00 0.0000000000e+00 0.0000000000e+00 0.0000000000e+00 0.0000000000e+00 0.0000000000e+00 0.0000000000e+00 0.0000000000e+00 0.0000000000e+00 0.0000000000e+00 0.0000000000e+00 0.0000000000e+00 0.0000000000e+00 0.0000000000e+00 0.0000000000e+00 0.0000000000e+00 0.0000000000e+00 0.0000000000e+00 0.0000000000e+00 0.0000000000e+00 0.0000000000e+00 0.0000000000e+00 0.0000000000e+00 0.0000000000e+00 0.0000000000e+00 0.0000000000e+00 0.0000000000e+00 0.0000000000e+00 0.0000000000e+00 0.0000000000e+00
0.0000000000e+00 0.0000000000e+00 0.0000000000e+00 0.0000000000e+00 0.0000000000e+00 0.0000000000e+00 0.0000000000e+00 0.0000000000e+00 0.0000000000e+00 0.0000000000e+00 0.0000000000e+00 0.0000000000e+00 0.0000000000e+00 0.0000000000e+00 0.0000000000e+00 0.0000000000e+00 0.0000000000e+00 0.0000000000e+00 0.0000000000e+00 0.0000000000e+00 0.0000000000e+00 0.0000000000e+00 0.0000000000e+00 0.0000000000e+00 0.0000000000e+00 0.0000000000e+00 0.0000000000e+00 0.0000000000e+00 0.0000000000e+00 0.0000000000e+00 0.0000000000e+00 0.0000000000e+00 0.0000000000e+00 0.0000000000e+00 0.0000000000e+00 0.0000000000e+00 0.0000000000e+00 0.0000000000e+00 0.0000000000e+00 0.0000000000e+00 0.0000000000e+00 0.0000000000e+00 0.0000000000e+00 0.0000000000e+00 0.0000000000e+00 0.0000000000e+00 0.0000000000e+00 0.0000000000e+00 0.0000000000e+00 0.0000000000e+00 0.0000000000e+00 0.0000000000e+00 0.0000000000e+00 0.0000000000e+00 0.0000000000e+00 0.0000000000e+00 0.0000000000e+00 1.0725045884e-09 -8.0900545135e-10 -1.1690668433e-09 5.8840932603e-10 -7.4636511854e-10 2.8712721478e-09 1.7528035733e-09 4.2143035379e-10 1.1813164056e-09 6.0348857809e-09 3.2452590151e-09 2.7790366756e-09 4.4722460488e-09 7.0951328383e-10 -9.7868735808e-10 1.5018602465e-09 4.5548366909e-09 -5.5008108946e-10 3.4134693771e-09 1.5241016332e-09 2.9037144094e-09 8.6393802399e-09 9.6994136533e-10 8.3750362819e-10 1.9177302179e-09 7.8247264330e-09 9.3826158918e-09 2.3043888937e-09 4.7103419487e-09 3.5285020423e-09 3.8650901839e-09 -1.6285893354e-09 -8.6238279738e-10 5.2420681656e-09 6.4147857589e-10 2.0468902613e-09 7.7650530778e-09 8.1460951507e-09 8.8417395631e-09 9.5809984257e-09 9.5750447679e-09 8.4691498354e-09 6.4967245965e-09 1.2506941351e-08 5.3841748804e-09 1.2063566091e-08 1.6933849761e-09 1.4348855188e-08 6.6021523777e-09 4.8827591293e-09 7.5913413822e-09 4.2300438006e-10 1.0872705415e-08 -1.5516615382e-09 4.1650948065e-09 1.8394985045e-09 3.5429845867e-10 1.2174229361e-08 1.0565221147e-08 6.1576078218e-09 5.2773678949e-09 6.9283499243e-09 9.3601261062e-09 2.9222606357e-09 4.2461476296e-09 2.5345562892e-10 6.0169473492e-09 2.9391110451e-09 5.4010508475e-09 4.2479128712e-09 5.3894902685e-09 -2.0993922850e-09 1.8230144423e-09 4.5759130971e-09 3.1975294310e-09 7.9065527717e-09 6.2264435195e-09 4.1323678580e-09 1.6599518161e-09 1.0656787201e-09 2.4492709076e-09 1.9686238177e-09 2.5051862659e-09 1.4079487518e-09 2.4221158559e-09 1.7251212946e-09 1.5474553972e-09 0.0000000000e+00 0.0000000000e+00 0.0000000000e+00 0.0000000000e+00 0.0000000000e+00 0.0000000000e+00 0.0000000000e+00 0.0000000000e+00 0.0000000000e+00 0.0000000000e+00 0.0000000000e+00 0.0000000000e+00 0.0000000000e+00 0.0000000000e+00 0.0000000000e+00 0.0000000000e+00 0.0000000000e+00 0.0000000000e+00 0.0000000000e+00 0.0000000000e+00 0.0000000000e+00 0.0000000000e+00 0.0000000000e+00 0.0000000000e+00 0.0000000000e+00 0.0000000000e+00 0.0000000000e+00 0.0000000000e+00 0.0000000000e+00 0.0000000000e+00 0.0000000000e+00 0.0000000000e+00 0.0000000000e+00 0.0000000000e+00 0.0000000000e+00 0.0000000000e+00 0.0000000000e+00 0.0000000000e+00 0.0000000000e+00 0.0000000000e+00 0.0000000000e+00 0.0000000000e+00 0.0000000000e+00 0.0000000000e+00 0.0000000000e+00 0.0000000000e+00 0.0000000000e+00 0.0000000000e+00 0.0000000000e+00 0.0000000000e+00 0.0000000000e+00 0.0000000000e+00 0.0000000000e+00 0.0000000000e+00 0.0000000000e+00 0.0000000000e+00 0.0000000000e+00
0.0000000000e+00 0.0000000000e+00 0.0000000000e+00 0.0000000000e+00 0.0000000000e+00 0.0000000000e+00 0.0000000000e+00 0.0000000000e+00 0.0000000000e+00 0.0000000000e+00 0.0000000000e+00 0.0000000000e+00 0.0000000000e+00 0.0000000000e+00 0.0000000000e+00 0.0000000000e+00 0.0000000000e+00 0.0000000000e+00 0.0000000000e+00 0.0000000000e+00 0.0000000000e+00 0.0000000000e+00 0.0000000000e+00 0.0000000000e+00 0.0000000000e+00 0.0000000000e+00 0.0000000000e+00 0.0000000000e+00 0.0000000000e+00 0.0000000000e+00 0.0000000000e+00 0.0000000000e+00 0.0000000000e+00 0.0000000000e+00 0.0000000000e+00 0.0000000000e+00 0.0000000000e+00 0.0000000000e+00 0.0000000000e+00 0.0000000000e+00 0.0000000000e+00 0.0000000000e+00 0.0000000000e+00 0.0000000000e+00 0.0000000000e+00 0.0000000000e+00 0.0000000000e+00 0.0000000000e+00 0.0000000000e+00 0.0000000000e+00 0.0000000000e+00 0.0000000000e+00 0.0000000000e+00 0.0000000000e+00 0.0000000000e+00 5.6203510158e-08 6.2987675689e-08 6.9339727365e-08 7.6024633434e-08 8.1270947853e-08 9.1134488848e-08 1.0149000890e-07 1.0684336542e-07 1.1807811206e-07 1.2481315495e-07 1.3117347526e-07 1.4459007827e-07 1.5327371098e-07 1.6025756019e-07 1.7284760922e-07 1.7810907549e-07 1.8341724377e-07 1.9087639095e-07 2.0447735149e-07 2.0845247832e-07 2.1627328030e-07 2.2744628966e-07 2.3159251557e-07 2.4065809449e-07 2.4415956723e-07 2.5092860887e-07 2.5830631096e-07 2.6217779868e-07 2.6981263828e-07 2.6120258652e-07 2.7162834529e-07 2.6606997585e-07 2.7304007832e-07 2.7612402257e-07 2.8198981977e-07 2.8690071733e-07 2.8695481485e-07 2.8386913429e-07 2.9740324848e-07 2.9588794978e-07 2.9882445571e-07 2.9249171916e-07 2.9219221741e-07 2.8753848383e-07 2.9076428135e-07 2.9513166916e-07 2.9058484959e-07 2.8972051241e-07 2.8920307669e-07 2.9727444644e-07 2.9617950929e-07 2.9636393245e-07 2.9720841463e-07 2.8906976664e-07 2.8581276337e-07 2.8250525025e-07 2.8795428569e-07 2.7693086070e-07 2.7767713015e-07 2.7526278907e-07 2.7131017118e-07 2.6269509454e-07 2.6489719716e-07 2.5775167849e-07 2.5515101342e-07 2.4861575742e-07 2.4269062865e-07 2.4030453966e-07 2.3316737144e-07 2.2707332608e-07 2.1766557841e-07 2.1312115572e-07 2.0304482946e-07 1.9531951899e-07 1.8657637722e-07 1.7800534367e-07 1.6718177898e-07 1.6438348444e-07 1.5318328209e-07 1.4645660146e-07 1.3190444928e-07 1.2694247140e-07 1.1603739915e-07 1.0905182279e-07 1.0210850217e-07 9.0153213443e-08 8.4129854220e-08 7.8875876437e-08 6.9754342702e-08 6.3684931754e-08 5.6383452767e-08 0.0000000000e+00 0.0000000000e+00 0.0000000000e+00 0.0000000000e+00 0.0000000000e+00 0.0000000000e+00 0.0000000000e+00 0.0000000000e+00 0.0000000000e+00 0.0000000000e+00 0.0000000000e+00 0.0000000000e+00 0.0000000000e+00 0.0000000000e+00 0.0000000000e+00 0.0000000000e+00 0.0000000000e+00 0.0000000000e+00 0.0000000000e+00 0.0000000000e+00 0.0000000000e+00 0.0000000000e+00 0.0000000000e+00 0.0000000000e+00 0.0000000000e+00 0.0000000000e+00 0.0000000000e+00 0.0000000000e+00 0.0000000000e+00 0.0000000000e+00 0.0000000000e+00 0.0000000000e+00 0.0000000000e+00 0.0000000000e+00 0.0000000000e+00 0.0000000000e+00 0.0000000000e+00 0.0000000000e+00 0.0000000000e+00 0.0000000000e+00 0.0000000000e+00 0.0000000000e+00 0.0000000000e+00 0.0000000000e+00 0.0000000000e+00 0.0000000000e+00 0.0000000000e+00 0.0000000000e+00 0.0000000000e+00 0.0000000000e+00 0.0000000000e+00 0.0000000000e+00 0.0000000000e+00 0.0000000000e+00 0.0000000000e+00
0.0000000000e+00 0.0000000000e+00 0.0000000000e+00 0.0000000000e+00 0.0000000000e+00 0.0000000000e+00 0.0000000000e+00 0.0000000000e+00 0.0000000000e+00 0.0000000000e+00 0.0000000000e+00 0.0000000000e+00 0.0000000000e+00 0.0000000000e+00 0.0000000000e+00 0.0000000000e+00 0.0000000000e+00 0.0000000000e+00 0.0000000000e+00 0.0000000000e+00 0.0000000000e+00 0.0000000000e+00 0.0000000000e+00 0.0000000000e+00 0.0000000000e+00 0.0000000000e+00 0.0000000000e+00 0.0000000000e+00 0.0000000000e+00 0.0000000000e+00 0.0000000000e+00 0.0000000000e+00 0.0000000000e+00 0.0000000000e+00 0.0000000000e+00 0.0000000000e+00 0.0000000000e+00 0.0000000000e+00 0.0000000000e+00 0.0000000000e+00 0.0000000000e+00 0.0000000000e+00 0.0000000000e+00 0.0000000000e+00 0.0000000000e+00 0.0000000000e+00 0.0000000000e+00 0.0000000000e+00 0.0000000000e+00 0.0000000000e+00 0.0000000000e+00 0.0000000000e+00 0.0000000000e+00 6.2809523692e-09 6.1616696687e-09 6.7024729484e-09 8.4035167809e-09 9.7515650348e-09 8.3096790546e-09 9.0113338365e-09 1.3854385362e-08 1.1385265379e-08 1.4467532683e-08 1.6100078567e-08 1.9401024684e-08 1.7963414348e-08 2.1884516178e-08 2.3381610421e-08 2.5302128519e-08 2.6418462149e-08 2.6891746840e-08 2.7445864144e-08 2.8171520193e-08 2.1209951217e-08 3.6016659837e-08 2.9783839635e-08 2.9748928932e-08 2.8228234558e-08 3.2368703917e-08 3.4907873868e-08 3.4800072454e-08 2.9395308105e-08 2.9693352462e-08 3.5825671422e-08 3.2008019109e-08 3.6671598659e-08 3.3776738433e-08 3.2148547873e-08 3.6302067579e-08 3.9142703041e-08 4.8342412300e-08 3.6215970042e-08 3.6189420991e-08 4.4158075563e-08 3.9650215534e-08 4.7881899610e-08 4.7467322228e-08 3.7987841830e-08 4.3898450749e-08 4.3573309096e-08 4.1346360468e-08 3.9439175111e-08 4.2241077075e-08 3.5100074190e-08 4.2315513344e-08 4.1066458884e-08 3.4558673306e-08 4.2446069405e-08 3.6030981705e-08 3.8499304386e-08 3.4280885004e-08 4.4363068341e-08 4.3362881395e-08 3.7949103413e-08 4.4082155373e-08 4.6048319204e-08 3.9764315853e-08 3.4331052401e-08 3.3429607835e-08 3.5192106589e-08 2.8140524055e-08 3.4496943721e-08 3.0416041613e-08 3.2746765759e-08 2.6490915751e-08 3.0048005252e-08 3.4899930516e-08 2.7573614319e-08 2.6392294028e-08 2.8607470721e-08 3.0442713417e-08 2.1032301400e-08 2.7770737814e-08 2.4656375143e-08 2.3333842855e-08 1.8225026200e-08 1.6999482768e-08 1.6928057988e-08 1.3734863888e-08 1.3121723524e-08 1.3659978948e-08 1.3993089770e-08 1.0118336362e-08 1.1734365434e-08 1.0373047313e-08 7.7430907633e-09 6.5754088802e-09 8.4880060268e-09 0.0000000000e+00 0.0000000000e+00 0.0000000000e+00 0.0000000000e+00 0.0000000000e+00 0.0000000000e+00 0.0000000000e+00 0.0000000000e+00 0.0000000000e+00 0.0000000000e+00 0.0000000000e+00 0.0000000000e+00 0.0000000000e+00 0.0000000000e+00 0.0000000000e+00 0.0000000000e+00 0.0000000000e+00 0.0000000000e+00 0.0000000000e+00 0.0000000000e+00 0.0000000000e+00 0.0000000000e+00 0.0000000000e+00 0.0000000000e+00 0.0000000000e+00 0.0000000000e+00 0.0000000000e+00 0.0000000000e+00 0.0000000000e+00 0.0000000000e+00 0.0000000000e+00 0.0000000000e+00 0.0000000000e+00 0.0000000000e+00 0.0000000000e+00 0.0000000000e+00 0.0000000000e+00 0.0000000000e+00 0.0000000000e+00 0.0000000000e+00 0.0000000000e+00 0.0000000000e+00 0.0000000000e+00 0.0000000000e+00 0.0000000000e+00 0.0000000000e+00 0.0000000000e+00 0.0000000000e+00 0.0000000000e+00 0.0000000000e+00 0.0000000000e+00 0.0000000000e+00 0.0000000000e+00
0.0000000000e+00 0.0000000000e+00 0.0000000000e+00 0.0000000000e+00 0.0000000000e+00 0.0000000000e+00 0.0000000000e+00 0.0000000000e+00 0.0000000000e+00 0.0000000000e+00 0.0000000000e+00 0.0000000000e+00 0.0000000000e+00 0.0000000000e+00 0.0000000000e+00 0.0000000000e+00 0.0000000000e+00 0.0000000000e+00 0.0000000000e+00 0.0000000000e+00 0.0000000000e+00 0.0000000000e+00 0.0000000000e+00 0.0000000000e+00 0.0000000000e+00 0.0000000000e+00 0.0000000000e+00 0.0000000000e+00 0.0000000000e+00 0.0000000000e+00 0.0000000000e+00 0.0000000000e+00 0.0000000000e+00 0.0000000000e+00 0.0000000000e+00 0.0000000000e+00 0.0000000000e+00 0.0000000000e+00 0.0000000000e+00 0.0000000000e+00 0.0000000000e+00 0.0000000000e+00 0.0000000000e+00 0.0000000000e+00 0.0000000000e+00 0.0000000000e+00 0.0000000000e+00 0.0000000000e+00 0.0000000000e+00 0.0000000000e+00 0.0000000000e+00 6.2100686305e-08 6.9808468519e-08 7.8662423261e-08 8.7483956780e-08 9.7994206391e-08 1.0863703773e-07 1.1903298417e-07 1.3019240807e-07 1.4328268780e-07 1.5720108718e-07 1.7050027054e-07 1.8419897435e-07 2.0296376610e-07 2.1513745288e-07 2.2971744579e-07 2.5019123560e-07 2.6408259906e-07 2.7729090105e-07 2.8997329230e-07 3.0313723968e-07 3.1740355014e-07 3.3247724510e-07 3.4754903866e-07 3.5302971160e-07 3.7814364249e-07 3.9417505748e-07 3.9487686115e-07 4.1199292407e-07 4.1594943781e-07 4.3024834230e-07 4.3996888834e-07 4.5318235676e-07 4.5807163446e-07 4.5963862439e-07 4.6442671349e-07 4.7213197120e-07 4.7347895011e-07 4.7871961249e-07 4.8095908743e-07 4.8636032685e-07 4.9039325781e-07 4.8729213472e-07 5.0028330435e-07 4.9136379974e-07 4.9705895479e-07 5.0095039661e-07 4.9524634037e-07 5.0697083620e-07 5.0379939907e-07 5.1179616378e-07 5.0104781801e-07 5.0400844491e-07 4.9899557533e-07 4.9471448987e-07 4.9544832801e-07 4.9857346994e-07 4.9869151099e-07 4.8808139595e-07 4.8900795448e-07 4.8450366200e-07 4.8643110921e-07 4.7935878812e-07 4.7277012988e-07 4.7747506853e-07 4.6386660828e-07 4.6521694614e-07 4.5766184172e-07 4.4883272786e-07 4.4160070147e-07 4.2664088276e-07 4.2066587575e-07 4.0758605210e-07 4.0056938432e-07 3.8828470836e-07 3.7303294638e-07 3.6134826966e-07 3.4724905300e-07 3.2796813633e-07 3.1634062164e-07 3.0998528292e-07 2.8630119625e-07 2.7814165302e-07 2.6167359546e-07 2.4399664113e-07 2.3002805395e-07 2.1693484943e-07 2.0080610137e-07 1.8826069582e-07 1.7262123272e-07 1.5888582163e-07 1.4432275687e-07 1.3119456948e-07 1.1962069867e-07 1.0967796942e-07 9.7433354241e-08 8.8390385675e-08 7.9441646571e-08 6.9288603036e-08 6.1455402147e-08 0.0000000000e+00 0.0000000000e+00 0.0000000000e+00 0.0000000000e+00 0.0000000000e+00 0.0000000000e+00 0.0000000000e+00 0.0000000000e+00 0.0000000000e+00 0.0000000000e+00 0.0000000000e+00 0.0000000000e+00 0.0000000000e+00 0.0000000000e+00 0.0000000000e+00 0.0000000000e+00 0.0000000000e+00 0.0000000000e+00 0.0000000000e+00 0.0000000000e+00 0.0000000000e+00 0.0000000000e+00 0.0000000000e+00 0.0000000000e+00 0.0000000000e+00 0.0000000000e+00 0.0000000000e+00 0.0000000000e+00 0.0000000000e+00 0.0000000000e+00 0.0000000000e+00 0.0000000000e+00 0.0000000000e+00 0.0000000000e+00 0.0000000000e+00 0.0000000000e+00 0.0000000000e+00 0.0000000000e+00 0.0000000000e+00 0.0000000000e+00 0.0000000000e+00 0.0000000000e+00 0.0000000000e+00 0.0000000000e+00 0.0000000000e+00 0.0000000000e+00 0.0000000000e+00 0.0000000000e+00 0.0000000000e+00 0.0000000000e+00 0.0000000000e+00
0.0000000000e+00 0.0000000000e+00 0.0000000000e+00 0.0000000000e+00 0.0000000000e+00 0.0000000000e+00 0.0000000000e+00 0.0000000000e+00 0.0000000000e+00 0.0000000000e+00 0.0000000000e+00 0.0000000000e+00 0.0000000000e+00 0.0000000000e+00 0.0000000000e+00 0.0000000000e+00 0.0000000000e+00 0.0000000000e+00 0.0000000000e+00 0.0000000000e+00 0.0000000000e+00 0.0000000000e+00 0.0000000000e+00 0.0000000000e+00 0.0000000000e+00 0.0000000000e+00 0.0000000000e+00 0.0000000000e+00 0.0000000000e+00 0.0000000000e+00 0.0000000000e+00 0.0000000000e+00 0.0000000000e+00 0.0000000000e+00 0.0000000000e+00 0.0000000000e+00 0.0000000000e+00 0.0000000000e+00 0.0000000000e+00 0.0000000000e+00 0.0000000000e+00 0.0000000000e+00 0.0000000000e+00 0.0000000000e+00 0.0000000000e+00 0.0000000000e+00 0.0000000000e+00 0.0000000000e+00 0.0000000000e+00 4.7485200459e-08 8.3522176135e-08 9.5651756301e-08 1.0709472564e-07 1.2001006103e-07 1.3418410483e-07 1.4865050750e-07 1.6598834455e-07 1.8309722379e-07 2.0178726952e-07 2.2288124456e-07 2.4247575469e-07 2.6270266587e-07 2.8464752360e-07 3.0631586245e-07 3.3119429576e-07 3.5171387707e-07 3.8518641368e-07 4.0157681582e-07 4.2756094673e-07 4.5028873358e-07 4.6976478375e-07 4.8564541110e-07 5.1131650143e-07 5.3660241302e-07 5.5236996757e-07 5.7423330302e-07 5.9563244259e-07 6.1311974761e-07 6.2500028090e-07 6.3773725480e-07 6.5601479091e-07 6.6986292090e-07 6.8378241409e-07 7.0203237810e-07 7.0038236724e-07 7.1698201420e-07 7.1912307213e-07 7.2962523528e-07 7.3719317677e-07 7.3891558525e-07 7.5505076036e-07 7.5703003090e-07 7.6246816812e-07 7.6783763891e-07 7.7592768360e-07 7.7162125789e-07 7.7543853693e-07 7.7461636844e-07 7.8345720562e-07 7.7362606109e-07 7.6561402875e-07 7.7283228716e-07 7.8165724106e-07 7.7275973926e-07 7.7677711368e-07 7.7474560626e-07 7.7287851967e-07 7.6905704225e-07 7.6009242212e-07 7.6047809347e-07 7.4686635322e-07 7.4768635047e-07 7.3766901207e-07 7.2885973466e-07 7.2582906771e-07 7.1761770387e-07 7.0829079230e-07 6.9637477641e-07 6.7921275581e-07 6.7205425640e-07 6.5992838482e-07 6.3883701843e-07 6.1827775801e-07 6.1151397895e-07 5.9044039549e-07 5.6861112545e-07 5.5485286214e-07 5.3605998171e-07 5.0969440164e-07 4.8854560996e-07 4.7731779536e-07 4.4829550913e-07 4.2386644864e-07 4.0439680053e-07 3.7634455104e-07 3.5159055923e-07 3.2939186917e-07 3.0618145268e-07 2.8886662617e-07 2.6214911290e-07 2.4117548335e-07 2.2365594045e-07 2.0349799856e-07 1.8440017795e-07 1.6598236407e-07 1.4884515379e-07 1.3491911734e-07 1.2067357521e-07 1.0636047821e-07 9.5234521250e-08 8.2806580148e-08 4.7419955889e-08 0.0000000000e+00 0.0000000000e+00 0.0000000000e+00 0.0000000000e+00 0.0000000000e+00 0.0000000000e+00 0.0000000000e+00 0.0000000000e+00 0.0000000000e+00 0.0000000000e+00 0.0000000000e+00 0.0000000000e+00 0.0000000000e+00 0.0000000000e+00 0.0000000000e+00 0.0000000000e+00 0.0000000000e+00 0.0000000000e+00 0.0000000000e+00 0.0000000000e+00 0.0000000000e+00 0.0000000000e+00 0.0000000000e+00 0.0000000000e+00 0.0000000000e+00 0.0000000000e+00 0.0000000000e+00 0.0000000000e+00 0.0000000000e+00 0.0000000000e+00 0.0000000000e+00 0.0000000000e+00 0.0000000000e+00 0.0000000000e+00 0.0000000000e+00 0.0000000000e+00 0.0000000000e+00 0.0000000000e+00 0.0000000000e+00 0.0000000000e+00 0.0000000000e+00 0.0000000000e+00 0.0000000000e+00 0.0000000000e+00 0.0000000000e+00 0.0000000000e+00 0.0000000000e+00 0.0000000000e+00 0.0000000000e+00
0.0000000000e+00 0.0000000000e+00 0.0000000000e+00 0.0000000000e+00 0.0000000000e+00 0.0000000000e+00 0.0000000000e+00 0.0000000000e+00 0.0000000000e+00 0.0000000000e+00 0.0000000000e+00 0.0000000000e+00 0.0000000000e+00 0.0000000000e+00 0.0000000000e+00 0.0000000000e+00 0.0000000000e+00 0.0000000000e+00 0.0000000000e+00 0.0000000000e+00 0.0000000000e+00 0.0000000000e+00 0.0000000000e+00 0.0000000000e+00 0.0000000000e+00 0.0000000000e+00 0.0000000000e+00 0.0000000000e+00 0.0000000000e+00 0.0000000000e+00 0.0000000000e+00 0.0000000000e+00 0.0000000000e+00 0.0000000000e+00 0.0000000000e+00 0.0000000000e+00 0.0000000000e+00 0.0000000000e+00 0.0000000000e+00 0.0000000000e+00 0.0000000000e+00 0.0000000000e+00 0.0000000000e+00 0.0000000000e+00 0.0000000000e+00 0.0000000000e+00 0.0000000000e+00 0.0000000000e+00 1.3262076943e-07 1.5246010816e-07 1.7318949540e-07 1.9790551032e-07 2.2249532484e-07 2.5084502735e-07 2.8003608088e-07 3.1307747573e-07 3.4587116142e-07 3.8368571325e-07 4.2007694594e-07 4.6188622305e-07 5.0473499953e-07 5.4799685313e-07 5.9328471169e-07 6.4059403793e-07 6.8631828171e-07 7.3795950828e-07 7.8756584562e-07 8.3362670954e-07 8.8391182944e-07 9.2736183424e-07 9.7652742834e-07 1.0225308846e-06 1.0659786596e-06 1.1143975275e-06 1.1529218416e-06 1.1990111013e-06 1.2348930473e-06 1.2700916244e-06 1.3079742070e-06 1.3396096356e-06 1.3722905751e-06 1.4041204045e-06 1.4280708690e-06 1.4516098191e-06 1.4694100580e-06 1.4929898725e-06 1.5064280171e-06 1.5197060030e-06 1.5353381859e-06 1.5457279641e-06 1.5633343477e-06 1.5698060988e-06 1.5744754102e-06 1.5913668702e-06 1.5917200619e-06 1.6007340254e-06 1.6065160534e-06 1.6026502941e-06 1.6144810081e-06 1.6090794471e-06 1.6106558130e-06 1.6095180361e-06 1.6118046761e-06 1.5967348825e-06 1.6031647765e-06 1.6062816448e-06 1.5893340035e-06 1.5881056386e-06 1.5850010655e-06 1.5717040162e-06 1.5545385648e-06 1.5505656276e-06 1.5370452849e-06 1.5234949593e-06 1.5128235098e-06 1.4868724289e-06 1.4736894719e-06 1.4507277757e-06 1.4286531400e-06 1.3990226761e-06 1.3704681166e-06 1.3375692122e-06 1.3059278096e-06 1.2725703220e-06 1.2319099935e-06 1.1979605556e-06 1.1575397550e-06 1.1120606986e-06 1.0624186871e-06 1.0244173725e-06 9.8051091071e-07 9.2626402979e-07 8.8612522202e-07 8.3470271035e-07 7.8668706631e-07 7.3626312602e-07 6.9008128050e-07 6.4071270628e-07 5.9467177020e-07 5.4699424414e-07 5.0483582165e-07 4.6396731926e-07 4.1972305492e-07 3.8219417495e-07 3.4670337572e-07 3.1123600612e-07 2.8015776089e-07 2.5114293692e-07 2.2179444047e-07 1.9645033839e-07 1.7235564209e-07 1.5172235531e-07 1.3220999740e-07 0.0000000000e+00 0.0000000000e+00 0.0000000000e+00 0.0000000000e+00 0.0000000000e+00 0.0000000000e+00 0.0000000000e+00 0.0000000000e+00 0.0000000000e+00 0.0000000000e+00 0.0000000000e+00 0.0000000000e+00 0.0000000000e+00 0.0000000000e+00 0.0000000000e+00 0.0000000000e+00 0.0000000000e+00 0.0000000000e+00 0.0000000000e+00 0.0000000000e+00 0.0000000000e+00 0.0000000000e+00 0.0000000000e+00 0.0000000000e+00 0.0000000000e+00 0.0000000000e+00 0.0000000000e+00 0.0000000000e+00 0.0000000000e+00 0.0000000000e+00 0.0000000000e+00 0.0000000000e+00 0.0000000000e+00 0.0000000000e+00 0.0000000000e+00 0.0000000000e+00 0.0000000000e+00 0.0000000000e+00 0.0000000000e+00 0.0000000000e+00 0.0000000000e+00 0.0000000000e+00 0.0000000000e+00 0.0000000000e+00 0.0000000000e+00 0.0000000000e+00 0.0000000000e+00 0.0000000000e+00
0.0000000000e+00 0.0000000000e+00 0.0000000000e+00 0.0000000000e+00 0.0000000000e+00 0.0000000000e+00 0.0000000000e+00 0.0000000000e+00 0.0000000000e+00 0.0000000000e+00 0.0000000000e+00 0.0000000000e+00 0.0000000000e+00 0.0000000000e+00 0.0000000000e+00 0.0000000000e+00 0.0000000000e+00 0.0000000000e+00 0.0000000000e+00 0.0000000000e+00 0.0000000000e+00 0.0000000000e+00 0.0000000000e+00 0.0000000000e+00 0.0000000000e+00 0.0000000000e+00 0.0000000000e+00 0.0000000000e+00 0.0000000000e+00 0.0000000000e+00 0.0000000000e+00 0.0000000000e+00 0.0000000000e+00 0.0000000000e+00 0.0000000000e+00 0.0000000000e+00 0.0000000000e+00 0.0000000000e+00 0.0000000000e+00 0.0000000000e+00 0.0000000000e+00 0.0000000000e+00 0.0000000000e+00 0.0000000000e+00 0.0000000000e+00 0.0000000000e+00 2.0598055502e-07 2.3794064339e-07 2.7367873104e-07 3.1464966483e-07 3.5927042767e-07 4.0774544292e-07 4.6007818934e-07 5.1835720694e-07 5.8011935823e-07 6.4546191815e-07 7.1690276709e-07 7.9222876519e-07 8.7060484075e-07 9.5591248091e-07 1.0439343924e-06 1.1330557260e-06 1.2280420577e-06 1.3254720206e-06 1.4217311624e-06 1.5212422844e-06 1.6250698465e-06 1.7232781453e-06 1.8217358600e-06 1.9257809756e-06 2.0196604586e-06 2.1144891017e-06 2.2079191603e-06 2.3000016300e-06 2.3915066584e-06 2.4766558559e-06 2.5583379934e-06 2.6306230835e-06 2.7034277345e-06 2.7774171702e-06 2.8335388507e-06 2.8985330350e-06 2.9495349812e-06 2.9975951657e-06 3.0325501107e-06 3.0820878288e-06 3.1120543538e-06 3.1466853197e-06 3.1717842853e-06 3.2059137622e-06 3.2284415086e-06 3.2469645271e-06 3.2631151177e-06 3.2856154601e-06 3.2947678581e-06 3.3038777349e-06 3.3085561747e-06 3.3074184368e-06 3.3197169992e-06 3.3210781517e-06 3.3249730866e-06 3.3178781807e-06 3.3182453706e-06 3.3090021016e-06 3.3137206942e-06 3.3034599440e-06 3.2963966871e-06 3.2874097713e-06 3.2683639510e-06 3.2520463575e-06 3.2254806791e-06 3.2054871164e-06 3.1763197222e-06 3.1464767927e-06 3.1175903661e-06 3.0767262896e-06 3.0441148142e-06 2.9974330420e-06 2.9462894199e-06 2.8933337683e-06 2.8349552829e-06 2.7678337830e-06 2.6992025835e-06 2.6316510558e-06 2.5552251498e-06 2.4763079044e-06 2.3949859908e-06 2.2998631595e-06 2.2070166931e-06 2.1122792220e-06 2.0250580785e-06 1.9187082116e-06 1.8215469772e-06 1.7231400932e-06 1.6218265545e-06 1.5204840227e-06 1.4224596132e-06 1.3247073469e-06 1.2282849362e-06 1.1334495956e-06 1.0421249532e-06 9.5391403997e-07 8.7024207859e-07 7.9146994421e-07 7.1575945389e-07 6.4439203623e-07 5.7834972209e-07 5.1805963478e-07 4.5845213221e-07 4.0616659349e-07 3.5748770289e-07 3.1347925439e-07 2.7269584064e-07 2.3664042860e-07 2.0543606534e-07 0.0000000000e+00 0.0000000000e+00 0.0000000000e+00 0.0000000000e+00 0.0000000000e+00 0.0000000000e+00 0.0000000000e+00 0.0000000000e+00 0.0000000000e+00 0.0000000000e+00 0.0000000000e+00 0.0000000000e+00 0.0000000000e+00 0.0000000000e+00 0.0000000000e+00 0.0000000000e+00 0.0000000000e+00 0.0000000000e+00 0.0000000000e+00 0.0000000000e+00 0.0000000000e+00 0.0000000000e+00 0.0000000000e+00 0.0000000000e+00 0.0000000000e+00 0.0000000000e+00 0.0000000000e+00 0.0000000000e+00 0.0000000000e+00 0.0000000000e+00 0.0000000000e+00 0.0000000000e+00 0.0000000000e+00 0.0000000000e+00 0.0000000000e+00 0.0000000000e+00 0.0000000000e+00 0.0000000000e+00 0.0000000000e+00 0.0000000000e+00 0.0000000000e+00 0.0000000000e+00 0.0000000000e+00 0.0000000000e+00 0.0000000000e+00 0.0000000000e+00
0.0000000000e+00 0.0000000000e+00 0.0000000000e+00 0.0000000000e+00 0.0000000000e+00 0.0000000000e+00 0.0000000000e+00 0.0000000000e+00 0.0000000000e+00 0.0000000000e+00 0.0000000000e+00 0.0000000000e+00 0.0000000000e+00 0.0000000000e+00 0.0000000000e+00 0.0000000000e+00 0.0000000000e+00 0.0000000000e+00 0.0000000000e+00 0.0000000000e+00 0.0000000000e+00 0.0000000000e+00 0.0000000000e+00 0.0000000000e+00 0.0000000000e+00 0.0000000000e+00 0.0000000000e+00 0.0000000000e+00 0.0000000000e+00 0.0000000000e+00 0.0000000000e+00 0.0000000000e+00 0.0000000000e+00 0.0000000000e+00 0.0000000000e+00 0.0000000000e+00 0.0000000000e+00 0.0000000000e+00 0.0000000000e+00 0.0000000000e+00 0.0000000000e+00 0.0000000000e+00 0.0000000000e+00 0.0000000000e+00 0.0000000000e+00 3.7478925124e-07 4.3583606146e-07 5.0447546339e-07 5.8144329838e-07 6.6558051367e-07 7.5994306832e-07 8.6320898212e-07 9.7511556650e-07 1.0971485374e-06 1.2287452164e-06 1.3702714304e-06 1.5226659025e-06 1.6819970999e-06 1.8475360056e-06 2.0279644949e-06 2.2137438582e-06 2.4051907652e-06 2.6018113372e-06 2.8069028690e-06 3.0147295774e-06 3.2248958183e-06 3.4398291330e-06 3.6508621139e-06 3.8659476782e-06 4.0757273937e-06 4.2858381150e-06 4.4864041968e-06 4.6906661735e-06 4.8771664452e-06 5.0665648080e-06 5.2463867795e-06 5.4144222543e-06 5.5769503047e-06 5.7290934228e-06 5.8722903375e-06 6.0036761635e-06 6.1305102432e-06 6.2417016796e-06 6.3509571881e-06 6.4382756753e-06 6.5394217274e-06 6.6057081761e-06 6.6820815337e-06 6.7397019000e-06 6.7955534616e-06 6.8463491038e-06 6.8824570648e-06 6.9146221058e-06 6.9544697018e-06 6.9740902983e-06 6.9986806685e-06 7.0150596951e-06 7.0218860134e-06 7.0426673668e-06 7.0462007880e-06 7.0356192922e-06 7.0385357468e-06 7.0356321586e-06 7.0200603456e-06 7.0098850371e-06 6.9980776552e-06 6.9759749499e-06 6.9455868775e-06 6.9157504863e-06 6.8846049568e-06 6.8413006433e-06 6.7942590924e-06 6.7367859379e-06 6.6809111715e-06 6.6117870096e-06 6.5264523072e-06 6.4359039031e-06 6.3434035181e-06 6.2386966869e-06 6.1237455198e-06 5.9980520685e-06 5.8722802072e-06 5.7191224569e-06 5.5780113143e-06 5.4136437157e-06 5.2377646018e-06 5.0603116290e-06 4.8752017611e-06 4.6852575306e-06 4.4869669034e-06 4.2832465686e-06 4.0644969303e-06 3.8602509460e-06 3.6492702680e-06 3.4342757720e-06 3.2209475101e-06 3.0099719157e-06 2.8008469985e-06 2.6007613361e-06 2.3998658495e-06 2.2091961856e-06 2.0258999137e-06 1.8465958543e-06 1.6793220427e-06 1.5170568796e-06 1.3653251746e-06 1.2258415538e-06 1.0955798642e-06 9.7324001936e-07 8.5939854531e-07 7.5712160085e-07 6.6330423453e-07 5.7935494849e-07 5.0221445222e-07 4.3490953001e-07 3.7334076091e-07 0.0000000000e+00 0.0000000000e+00 0.0000000000e+00 0.0000000000e+00 0.0000000000e+00 0.0000000000e+00 0.0000000000e+00 0.0000000000e+00 0.0000000000e+00 0.0000000000e+00 0.0000000000e+00 0.0000000000e+00 0.0000000000e+00 0.0000000000e+00 0.0000000000e+00 0.0000000000e+00 0.0000000000e+00 0.0000000000e+00 0.0000000000e+00 0.0000000000e+00 0.0000000000e+00 0.0000000000e+00 0.0000000000e+00 0.0000000000e+00 0.0000000000e+00 0.0000000000e+00 0.0000000000e+00 0.0000000000e+00 0.0000000000e+00 0.0000000000e+00 0.0000000000e+00 0.0000000000e+00 0.0000000000e+00 0.0000000000e+00 0.0000000000e+00 0.0000000000e+00 0.0000000000e+00 0.0000000000e+00 0.0000000000e+00 0.0000000000e+00 0.0000000000e+00 0.0000000000e+00 0.0000000000e+00 0.0000000000e+00 0.0000000000e+00
0.0000000000e+00 0.0000000000e+00 0.0000000000e+00 0.0000000000e+00 0.0000000000e+00 0.0000000000e+00 0.0000000000e+00 0.0000000000e+00 0.0000000000e+00 0.0000000000e+00 0.0000000000e+00 0.0000000000e+00 0.0000000000e+00 0.0000000000e+00 0.0000000000e+00 0.0000000000e+00 0.0000000000e+00 0.0000000000e+00 0.0000000000e+00 0.0000000000e+00 0.0000000000e+00 0.0000000000e+00 0.0000000000e+00 0.0000000000e+00 0.0000000000e+00 0.0000000000e+00 0.0000000000e+00 0.0000000000e+00 0.0000000000e+00 0.0000000000e+00 0.0000000000e+00 0.0000000000e+00 0.0000000000e+00 0.0000000000e+00 0.0000000000e+00 0.0000000000e+00 0.0000000000e+00 0.0000000000e+00 0.0000000000e+00 0.0000000000e+00 0.0000000000e+00 0.0000000000e+00 0.0000000000e+00 5.7288291797e-07 6.7262090801e-07 7.8590749934e-07 9.1363040962e-07 1.0571962114e-06 1.2173564965e-06 1.3957109082e-06 1.5923946243e-06 1.8080463417e-06 2.0430786400e-06 2.2992831467e-06 2.5751665399e-06 2.8707269148e-06 3.1872601319e-06 3.5230923615e-06 3.8751112425e-06 4.2490573052e-06 4.6388816360e-06 5.0407738891e-06 5.4534662103e-06 5.8843960406e-06 6.3167194081e-06 6.7579807833e-06 7.2045060622e-06 7.6484102651e-06 8.0990999992e-06 8.5347748681e-06 8.9732532651e-06 9.3993227667e-06 9.8186666597e-06 1.0227014015e-05 1.0614618707e-05 1.0994148271e-05 1.1348340351e-05 1.1686780499e-05 1.2010043272e-05 1.2306775609e-05 1.2586206760e-05 1.2850569187e-05 1.3088427744e-05 1.3306948999e-05 1.3505131670e-05 1.3686519624e-05 1.3846590312e-05 1.3993956901e-05 1.4116535533e-05 1.4233978631e-05 1.4335717787e-05 1.4420475839e-05 1.4492303365e-05 1.4564535820e-05 1.4607227967e-05 1.4656082980e-05 1.4696094964e-05 1.4711648897e-05 1.4740956674e-05 1.4747068325e-05 1.4747439635e-05 1.4749174600e-05 1.4734855449e-05 1.4708362914e-05 1.4684887478e-05 1.4657701831e-05 1.4606149891e-05 1.4557519725e-05 1.4491041029e-05 1.4418346857e-05 1.4329142425e-05 1.4235984617e-05 1.4114866971e-05 1.3980276842e-05 1.3848278279e-05 1.3679853036e-05 1.3501414576e-05 1.3302348001e-05 1.3076824083e-05 1.2842267158e-05 1.2577477407e-05 1.2296938566e-05 1.2000658967e-05 1.1685195299e-05 1.1341367522e-05 1.0984703005e-05 1.0608776659e-05 1.0216165936e-05 9.8076858026e-06 9.3921255640e-06 8.9640809641e-06 8.5213826410e-06 8.0857927837e-06 7.6379904406e-06 7.1935210788e-06 6.7480631669e-06 6.3067419551e-06 5.8742531867e-06 5.4469527043e-06 5.0299198599e-06 4.6264051139e-06 4.2414014929e-06 3.8666816334e-06 3.5150129311e-06 3.1803857325e-06 2.8632567477e-06 2.5684249538e-06 2.2935173780e-06 2.0368515213e-06 1.8023635800e-06 1.5877559185e-06 1.3911308638e-06 1.2135841622e-06 1.0533690919e-06 9.1047519535e-07 7.8257102585e-07 6.6972964608e-07 5.7034354349e-07 0.0000000000e+00 0.0000000000e+00 0.0000000000e+00 0.0000000000e+00 0.0000000000e+00 0.0000000000e+00 0.0000000000e+00 0.0000000000e+00 0.0000000000e+00 0.0000000000e+00 0.0000000000e+00 0.0000000000e+00 0.0000000000e+00 0.0000000000e+00 0.0000000000e+00 0.0000000000e+00 0.0000000000e+00 0.0000000000e+00 0.0000000000e+00 0.0000000000e+00 0.0000000000e+00 0.0000000000e+00 0.0000000000e+00 0.0000000000e+00 0.0000000000e+00 0.0000000000e+00 0.0000000000e+00 0.0000000000e+00 0.0000000000e+00 0.0000000000e+00 0.0000000000e+00 0.0000000000e+00 0.0000000000e+00 0.0000000000e+00 0.0000000000e+00 0.0000000000e+00 0.0000000000e+00 0.0000000000e+00 0.0000000000e+00 0.0000000000e+00 0.0000000000e+00 0.0000000000e+00 0.0000000000e+00
0.0000000000e+00 0.0000000000e+00 0.0000000000e+00 0.0000000000e+00 0.0000000000e+00 0.0000000000e+00 0.0000000000e+00 0.0000000000e+00 0.0000000000e+00 0.0000000000e+00 0.0000000000e+00 0.0000000000e+00 0.0000000000e+00 0.0000000000e+00 0.0000000000e+00 0.0000000000e+00 0.0000000000e+00 0.0000000000e+00 0.0000000000e+00 0.0000000000e+00 0.0000000000e+00 0.0000000000e+00 0.0000000000e+00 0.0000000000e+00 0.0000000000e+00 0.0000000000e+00 0.0000000000e+00 0.0000000000e+00 0.0000000000e+00 0.0000000000e+00 0.0000000000e+00 0.0000000000e+00 0.0000000000e+00 0.0000000000e+00 0.0000000000e+00 0.0000000000e+00 0.0000000000e+00 0.0000000000e+00 0.0000000000e+00 0.0000000000e+00 0.0000000000e+00 0.0000000000e+00 9.9068173534e-07 1.1688569089e-06 1.3721062496e-06 1.6033279514e-06 1.8642448226e-06 2.1570203146e-06 2.4835627847e-06 2.8467056447e-06 3.2474749370e-06 3.6883654048e-06 4.1688201628e-06 4.6888973866e-06 5.2526925482e-06 5.8571318330e-06 6.5007220543e-06 7.1854479414e-06 7.9075062966e-06 8.6694839192e-06 9.4589896776e-06 1.0280532314e-05 1.1126234570e-05 1.1998552287e-05 1.2883411128e-05 1.3786454860e-05 1.4695846712e-05 1.5607583838e-05 1.6522188815e-05 1.7423254559e-05 1.8310618112e-05 1.9178863536e-05 2.0037717657e-05 2.0859524814e-05 2.1656160584e-05 2.2417139158e-05 2.3155832400e-05 2.3842035883e-05 2.4488693963e-05 2.5109291877e-05 2.5674547681e-05 2.6203149031e-05 2.6688922910e-05 2.7142304744e-05 2.7540537918e-05 2.7909992471e-05 2.8241395459e-05 2.8541359565e-05 2.8803348240e-05 2.9039395076e-05 2.9248404301e-05 2.9425674420e-05 2.9569298717e-05 2.9712233826e-05 2.9819824715e-05 2.9905110472e-05 2.9976620628e-05 3.0025300980e-05 3.0071204972e-05 3.0089002657e-05 3.0088208912e-05 3.0085713455e-05 3.0070877333e-05 3.0032084218e-05 2.9981089798e-05 2.9898621823e-05 2.9818070475e-05 2.9705540308e-05 2.9572436703e-05 2.9426538288e-05 2.9228667340e-05 2.9035311868e-05 2.8792539856e-05 2.8530073712e-05 2.8239717353e-05 2.7906846436e-05 2.7535040728e-05 2.7128536568e-05 2.6673460749e-05 2.6192525971e-05 2.5662652183e-05 2.5089132739e-05 2.4474596334e-05 2.3829525046e-05 2.3129446066e-05 2.2396752537e-05 2.1640450569e-05 2.0837481588e-05 2.0010514130e-05 1.9160493861e-05 1.8292967199e-05 1.7401685591e-05 1.6496677242e-05 1.5585042411e-05 1.4671819048e-05 1.3763165082e-05 1.2864437976e-05 1.1975919504e-05 1.1107782996e-05 1.0258340643e-05 9.4403734215e-06 8.6507491154e-06 7.8917462831e-06 7.1689169966e-06 6.4875330408e-06 5.8419759723e-06 5.2398188821e-06 4.6772710936e-06 4.1563912643e-06 3.6769630958e-06 3.2374954071e-06 2.8373236977e-06 2.4757390553e-06 2.1495317598e-06 1.8574871572e-06 1.5972025428e-06 1.3665473889e-06 1.1640639172e-06 9.8650979436e-07 0.0000000000e+00 0.0000000000e+00 0.0000000000e+00 0.0000000000e+00 0.0000000000e+00 0.0000000000e+00 0.0000000000e+00 0.0000000000e+00 0.0000000000e+00 0.0000000000e+00 0.0000000000e+00 0.0000000000e+00 0.0000000000e+00 0.0000000000e+00 0.0000000000e+00 0.0000000000e+00 0.0000000000e+00 0.0000000000e+00 0.0000000000e+00 0.0000000000e+00 0.0000000000e+00 0.0000000000e+00 0.0000000000e+00 0.0000000000e+00 0.0000000000e+00 0.0000000000e+00 0.0000000000e+00 0.0000000000e+00 0.0000000000e+00 0.0000000000e+00 0.0000000000e+00 0.0000000000e+00 0.0000000000e+00 0.0000000000e+00 0.0000000000e+00 0.0000000000e+00 0.0000000000e+00 0.0000000000e+00 0.0000000000e+00 0.0000000000e+00 0.0000000000e+00 0.0000000000e+00
0.0000000000e+00 0.0000000000e+00 0.0000000000e+00 0.0000000000e+00 0.0000000000e+00 0.0000000000e+00 0.0000000000e+00 0.0000000000e+00 0.0000000000e+00 0.0000000000e+00 0.0000000000e+00 0.0000000000e+00 0.0000000000e+00 0.0000000000e+00 0.0000000000e+00 0.0000000000e+00 0.0000000000e+00 0.0000000000e+00 0.0000000000e+00 0.0000000000e+00 0.0000000000e+00 0.0000000000e+00 0.0000000000e+00 0.0000000000e+00 0.0000000000e+00 0.0000000000e+00 0.0000000000e+00 0.0000000000e+00 0.0000000000e+00 0.0000000000e+00 0.0000000000e+00 0.0000000000e+00 0.0000000000e+00 0.0000000000e+00 0.0000000000e+00 0.0000000000e+00 0.0000000000e+00 0.0000000000e+00 0.0000000000e+00 0.0000000000e+00 1.1134292614e-06 1.6963140272e-06 2.0113994144e-06 2.3732654277e-06 2.7859598541e-06 3.2550014059e-06 3.7845270359e-06 4.3792863790e-06 5.0429160414e-06 5.7809326578e-06 6.5945250200e-06 7.4886920430e-06 8.4632904723e-06 9.5221825469e-06 1.0665536009e-05 1.1893076574e-05 1.3201309200e-05 1.4592627455e-05 1.6060259792e-05 1.7600568261e-05 1.9207626618e-05 2.0875619544e-05 2.2595830833e-05 2.4363865062e-05 2.6164529988e-05 2.7994358840e-05 2.9841444660e-05 3.1690788001e-05 3.3539661541e-05 3.5367473449e-05 3.7176069951e-05 3.8948171674e-05 4.0680592155e-05 4.2358839524e-05 4.3973588264e-05 4.5531614479e-05 4.7011807840e-05 4.8413981082e-05 4.9736061791e-05 5.0977486409e-05 5.2138063578e-05 5.3210130503e-05 5.4199530682e-05 5.5107232584e-05 5.5926079469e-05 5.6679958883e-05 5.7355345017e-05 5.7955052687e-05 5.8483842677e-05 5.8963432283e-05 5.9376644083e-05 5.9739704325e-05 6.0043765572e-05 6.0317776802e-05 6.0533668729e-05 6.0719415406e-05 6.0862261896e-05 6.0963878498e-05 6.1051704904e-05 6.1091479829e-05 6.1107254064e-05 6.1086716811e-05 6.1046641493e-05 6.0957347726e-05 6.0857496828e-05 6.0714217194e-05 6.0528836888e-05 6.0307839865e-05 6.0045159873e-05 5.9736725612e-05 5.9364669793e-05 5.8955152641e-05 5.8476667626e-05 5.7945506582e-05 5.7340978731e-05 5.6659471802e-05 5.5913704968e-05 5.5087097458e-05 5.4178165065e-05 5.3185823543e-05 5.2104678698e-05 5.0948851652e-05 4.9704973233e-05 4.8383578047e-05 4.6973914226e-05 4.5496559461e-05 4.3940180490e-05 4.2319758367e-05 4.0637081590e-05 3.8909065063e-05 3.7134704030e-05 3.5322558563e-05 3.3493890740e-05 3.1647610985e-05 2.9798214128e-05 2.7950432647e-05 2.6122898903e-05 2.4320330030e-05 2.2557784445e-05 2.0835154868e-05 1.9168561851e-05 1.7565456754e-05 1.6026144431e-05 1.4558601167e-05 1.3171314013e-05 1.1862374384e-05 1.0638836430e-05 9.4974788330e-06 8.4395181612e-06 7.4662746452e-06 6.5742590946e-06 5.7625447596e-06 5.0269039317e-06 4.3640608143e-06 3.7716423361e-06 3.2432056696e-06 2.7754934150e-06 2.3638193444e-06 2.0033665968e-06 1.6892879378e-06 1.1087539132e-06 0.0000000000e+00 0.0000000000e+00 0.0000000000e+00 0.0000000000e+00 0.0000000000e+00 0.0000000000e+00 0.0000000000e+00 0.0000000000e+00 0.0000000000e+00 0.0000000000e+00 0.0000000000e+00 0.0000000000e+00 0.0000000000e+00 0.0000000000e+00 0.0000000000e+00 0.0000000000e+00 0.0000000000e+00 0.0000000000e+00 0.0000000000e+00 0.0000000000e+00 0.0000000000e+00 0.0000000000e+00 0.0000000000e+00 0.0000000000e+00 0.0000000000e+00 0.0000000000e+00 0.0000000000e+00 0.0000000000e+00 0.0000000000e+00 0.0000000000e+00 0.0000000000e+00 0.0000000000e+00 0.0000000000e+00 0.0000000000e+00 0.0000000000e+00 0.0000000000e+00 0.0000000000e+00 0.0000000000e+00 0.0000000000e+00 0.0000000000e+00
0.0000000000e+00 0.0000000000e+00 0.0000000000e+00 0.0000000000e+00 0.0000000000e+00 0.0000000000e+00 0.0000000000e+00 0.0000000000e+00 0.0000000000e+00 0.0000000000e+00 0.0000000000e+00 0.0000000000e+00 0.0000000000e+00 0.0000000000e+00 0.0000000000e+00 0.0000000000e+00 0.0000000000e+00 0.0000000000e+00 0.0000000000e+00 0.0000000000e+00 0.0000000000e+00 0.0000000000e+00 0.0000000000e+00 0.0000000000e+00 0.0000000000e+00 0.0000000000e+00 0.0000000000e+00 0.0000000000e+00 0.0000000000e+00 0.0000000000e+00 0.0000000000e+00 0.0000000000e+00 0.0000000000e+00 0.0000000000e+00 0.0000000000e+00 0.0000000000e+00 0.0000000000e+00 0.0000000000e+00 0.0000000000e+00 2.3963118526e-06 2.8696557191e-06 3.4193416921e-06 4.0541112391e-06 4.7832894112e-06 5.6160798261e-06 6.5616483974e-06 7.6288956844e-06 8.8277818079e-06 1.0165464126e-05 1.1652850282e-05 1.3293443129e-05 1.5095279042e-05 1.7060892255e-05 1.9195440071e-05 2.1499340196e-05 2.3973102620e-05 2.6614552366e-05 2.9415952279e-05 3.2373966094e-05 3.5478508272e-05 3.8719266420e-05 4.2081061807e-05 4.5551233866e-05 4.9113083688e-05 5.2746688698e-05 5.6431440244e-05 6.0152972576e-05 6.3882014128e-05 6.7608359306e-05 7.1301607566e-05 7.4943040666e-05 7.8515714274e-05 8.2004604056e-05 8.5389543101e-05 8.8651749485e-05 9.1783600144e-05 9.4768019568e-05 9.7593558845e-05 1.0026314196e-04 1.0276845066e-04 1.0509998324e-04 1.0726508602e-04 1.0926052667e-04 1.1108797070e-04 1.1274599438e-04 1.1426059130e-04 1.1561253998e-04 1.1682930697e-04 1.1791054406e-04 1.1886643592e-04 1.1969853496e-04 1.2043058088e-04 1.2105367785e-04 1.2159143512e-04 1.2203100586e-04 1.2239651054e-04 1.2267992131e-04 1.2289428226e-04 1.2305503532e-04 1.2314365695e-04 1.2317138636e-04 1.2314686859e-04 1.2305000133e-04 1.2289107725e-04 1.2267567711e-04 1.2238994730e-04 1.2202072275e-04 1.2157504723e-04 1.2104223221e-04 1.2041832657e-04 1.1968376943e-04 1.1885044384e-04 1.1788916596e-04 1.1679558491e-04 1.1559264606e-04 1.1422609921e-04 1.1271487109e-04 1.1104691136e-04 1.0921342050e-04 1.0721629819e-04 1.0504693571e-04 1.0270893744e-04 1.0020150727e-04 9.7532823578e-05 9.4699962735e-05 9.1711686193e-05 8.8582259756e-05 8.5310017139e-05 8.1924467267e-05 7.8434906232e-05 7.4864527754e-05 7.1213787045e-05 6.7521296785e-05 6.3799422264e-05 6.0070001764e-05 5.6347205878e-05 5.2664413689e-05 4.9028511103e-05 4.5473486334e-05 4.2003560914e-05 3.8644175701e-05 3.5408759560e-05 3.2304848451e-05 2.9350885061e-05 2.6552611081e-05 2.3915414500e-05 2.1446177178e-05 1.9146191651e-05 1.7014280747e-05 1.5051353888e-05 1.3253840917e-05 1.1617028913e-05 1.0133528349e-05 8.7983481953e-06 7.6032308338e-06 6.5381445469e-06 5.5954685483e-06 4.7653106325e-06 4.0385560959e-06 3.4055699551e-06 2.8578042472e-06 2.3863168723e-06 0.0000000000e+00 0.0000000000e+00 0.0000000000e+00 0.0000000000e+00 0.0000000000e+00 0.0000000000e+00 0.0000000000e+00 0.0000000000e+00 0.0000000000e+00 0.0000000000e+00 0.0000000000e+00 0.0000000000e+00 0.0000000000e+00 0.0000000000e+00 0.0000000000e+00 0.0000000000e+00 0.0000000000e+00 0.0000000000e+00 0.0000000000e+00 0.0000000000e+00 0.0000000000e+00 0.0000000000e+00 0.0000000000e+00 0.0000000000e+00 0.0000000000e+00 0.0000000000e+00 0.0000000000e+00 0.0000000000e+00 0.0000000000e+00 0.0000000000e+00 0.0000000000e+00 0.0000000000e+00 0.0000000000e+00 0.0000000000e+00 0.0000000000e+00 0.0000000000e+00 0.0000000000e+00 0.0000000000e+00 0.0000000000e+00
0.0000000000e+00 0.0000000000e+00 0.0000000000e+00 0.0000000000e+00 0.0000000000e+00 0.0000000000e+00 0.0000000000e+00 0.0000000000e+00 0.0000000000e+00 0.0000000000e+00 0.0000000000e+00 0.0000000000e+00 0.0000000000e+00 0.0000000000e+00 0.0000000000e+00 0.0000000000e+00 0.0000000000e+00 0.0000000000e+00 0.0000000000e+00 0.0000000000e+00 0.0000000000e+00 0.0000000000e+00 0.0000000000e+00 0.0000000000e+00 0.0000000000e+00 0.0000000000e+00 0.0000000000e+00 0.0000000000e+00 0.0000000000e+00 0.0000000000e+00 0.0000000000e+00 0.0000000000e+00 0.0000000000e+00 0.0000000000e+00 0.0000000000e+00 0.0000000000e+00 0.0000000000e+00 0.0000000000e+00 3.9743548271e-06 4.7833348463e-06 5.7278588085e-06 6.8253808291e-06 8.0928271827e-06 9.5481176846e-06 1.1210008238e-05 1.3097295527e-05 1.5228433362e-05 1.7621637212e-05 2.0292920608e-05 2.3260320433e-05 2.6535960145e-05 3.0131523368e-05 3.4057931679e-05 3.8318842039e-05 4.2918522736e-05 4.7856866963e-05 5.3128528581e-05 5.8723415252e-05 6.4626919601e-05 7.0825348604e-05 7.7295260812e-05 8.4004660073e-05 9.0930457807e-05 9.8041093357e-05 1.0529284333e-04 1.1265134137e-04 1.2008106375e-04 1.2752958205e-04 1.3496532456e-04 1.4233799221e-04 1.4961545563e-04 1.5674690986e-04 1.6371016873e-04 1.7046092303e-04 1.7697670915e-04 1.8321821625e-04 1.8918097368e-04 1.9483493415e-04 2.0015729125e-04 2.0515486736e-04 2.0981346346e-04 2.1412938778e-04 2.1811214728e-04 2.2176202561e-04 2.2508379305e-04 2.2809978106e-04 2.3081205950e-04 2.3324277468e-04 2.3539582768e-04 2.3730202518e-04 2.3896542698e-04 2.4041140475e-04 2.4164869938e-04 2.4272582845e-04 2.4360299841e-04 2.4432803311e-04 2.4491293226e-04 2.4534578679e-04 2.4566298183e-04 2.4584026694e-04 2.4588951486e-04 2.4583417722e-04 2.4565275539e-04 2.4533748832e-04 2.4490019045e-04 2.4431635026e-04 2.4358759764e-04 2.4269443189e-04 2.4163438283e-04 2.4038663668e-04 2.3893042584e-04 2.3726171149e-04 2.3535019470e-04 2.3318544224e-04 2.3076124066e-04 2.2803427868e-04 2.2501056636e-04 2.2168486551e-04 2.1803088698e-04 2.1403581797e-04 2.0971092322e-04 2.0504198198e-04 2.0004325342e-04 1.9471135555e-04 1.8905486927e-04 1.8308210410e-04 1.7683410429e-04 1.7031180296e-04 1.6355570781e-04 1.5659286595e-04 1.4945626517e-04 1.4216930830e-04 1.3480246668e-04 1.2736429763e-04 1.1991568075e-04 1.1249073039e-04 1.0513527385e-04 9.7882832676e-05 9.0777612722e-05 8.3854926582e-05 7.7149643987e-05 7.0686996298e-05 6.4493012144e-05 5.8596732354e-05 5.3007454715e-05 4.7744656840e-05 4.2814225518e-05 3.8221705868e-05 3.3967636593e-05 3.0047936599e-05 2.6459788816e-05 2.3191026917e-05 2.0230833893e-05 1.7565107456e-05 1.5178474466e-05 1.3052335522e-05 1.1170779272e-05 9.5134596706e-06 8.0624659859e-06 6.7991785838e-06 5.7051890180e-06 4.7638665300e-06 3.9576555705e-06 0.0000000000e+00 0.0000000000e+00 0.0000000000e+00 0.0000000000e+00 0.0000000000e+00 0.0000000000e+00 0.0000000000e+00 0.0000000000e+00 0.0000000000e+00 0.0000000000e+00 0.0000000000e+00 0.0000000000e+00 0.0000000000e+00 0.0000000000e+00 0.0000000000e+00 0.0000000000e+00 0.0000000000e+00 0.0000000000e+00 0.0000000000e+00 0.0000000000e+00 0.0000000000e+00 0.0000000000e+00 0.0000000000e+00 0.0000000000e+00 0.0000000000e+00 0.0000000000e+00 0.0000000000e+00 0.0000000000e+00 0.0000000000e+00 0.0000000000e+00 0.0000000000e+00 0.0000000000e+00 0.0000000000e+00 0.0000000000e+00 0.0000000000e+00 0.0000000000e+00 0.0000000000e+00 0.0000000000e+00
0.0000000000e+00 0.0000000000e+00 0.0000000000e+00 0.0000000000e+00 0.0000000000e+00 0.0000000000e+00 0.0000000000e+00 0.0000000000e+00 0.0000000000e+00 0.0000000000e+00 0.0000000000e+00 0.0000000000e+00 0.0000000000e+00 0.0000000000e+00 0.0000000000e+00 0.0000000000e+00 0.0000000000e+00 0.0000000000e+00 0.0000000000e+00 0.0000000000e+00 0.0000000000e+00 0.0000000000e+00 0.0000000000e+00 0.0000000000e+00 0.0000000000e+00 0.0000000000e+00 0.0000000000e+00 0.0000000000e+00 0.0000000000e+00 0.0000000000e+00 0.0000000000e+00 0.0000000000e+00 0.0000000000e+00 0.0000000000e+00 0.0000000000e+00 0.0000000000e+00 0.0000000000e+00 6.5116284729e-06 7.8764785667e-06 9.4798443888e-06 1.1352306727e-05 1.3527354917e-05 1.6039031024e-05 1.8923092109e-05 2.2217863700e-05 2.5958715491e-05 3.0182244740e-05 3.4925984259e-05 4.0220443822e-05 4.6101912801e-05 5.2593255364e-05 5.9720617316e-05 6.7501514721e-05 7.5947108934e-05 8.5067208568e-05 9.4853674486e-05 1.0530225315e-04 1.1639074420e-04 1.2809163995e-04 1.4037935070e-04 1.5319883736e-04 1.6650378524e-04 1.8023173698e-04 1.9432387590e-04 2.0869846454e-04 2.2328485637e-04 2.3800397062e-04 2.5276859454e-04 2.6750425475e-04 2.8211917561e-04 2.9653818479e-04 3.1067989254e-04 3.2448330281e-04 3.3786980387e-04 3.5077666923e-04 3.6316200950e-04 3.7496929595e-04 3.8616826778e-04 3.9673157611e-04 4.0663359239e-04 4.1586818967e-04 4.2443175109e-04 4.3232600895e-04 4.3955505807e-04 4.4614129938e-04 4.5212020358e-04 4.5748979805e-04 4.6230067438e-04 4.6657086267e-04 4.7034206391e-04 4.7364689638e-04 4.7651989971e-04 4.7898744428e-04 4.8109605933e-04 4.8284699072e-04 4.8428981714e-04 4.8543792186e-04 4.8629917684e-04 4.8691389885e-04 4.8727445349e-04 4.8739084526e-04 4.8727011258e-04 4.8690458988e-04 4.8627904007e-04 4.8540861702e-04 4.8426375719e-04 4.8281160875e-04 4.8104757866e-04 4.7894341370e-04 4.7646182370e-04 4.7358086755e-04 4.7026998033e-04 4.6648482464e-04 4.6219617757e-04 4.5738745431e-04 4.5199554650e-04 4.4601083427e-04 4.3940882064e-04 4.3215740203e-04 4.2425228118e-04 4.1567431322e-04 4.0642776366e-04 3.9651071134e-04 3.8593852922e-04 3.7472203573e-04 3.6290001855e-04 3.5050773918e-04 3.3758345690e-04 3.2419086129e-04 3.1038514791e-04 2.9623227602e-04 2.8180417075e-04 2.6718871431e-04 2.5245397764e-04 2.3768967966e-04 2.2297171062e-04 2.0838844083e-04 1.9401853593e-04 1.7993619242e-04 1.6621374425e-04 1.5291810646e-04 1.4011152522e-04 1.2783595722e-04 1.1614748009e-04 1.0507156386e-04 9.4637105383e-05 8.4865102321e-05 7.5760505616e-05 6.7327957844e-05 5.9560315445e-05 5.2447114822e-05 4.5968793679e-05 4.0100788579e-05 3.4817620735e-05 3.0086294157e-05 2.5872589034e-05 2.2142119305e-05 1.8856691026e-05 1.5980930092e-05 1.3476811388e-05 1.1308817435e-05 9.4424768797e-06 7.8445210630e-06 6.4845078948e-06 0.0000000000e+00 0.0000000000e+00 0.0000000000e+00 0.0000000000e+00 0.0000000000e+00 0.0000000000e+00 0.0000000000e+00 0.0000000000e+00 0.0000000000e+00 0.0000000000e+00 0.0000000000e+00 0.0000000000e+00 0.0000000000e+00 0.0000000000e+00 0.0000000000e+00 0.0000000000e+00 0.0000000000e+00 0.0000000000e+00 0.0000000000e+00 0.0000000000e+00 0.0000000000e+00 0.0000000000e+00 0.0000000000e+00 0.0000000000e+00 0.0000000000e+00 0.0000000000e+00 0.0000000000e+00 0.0000000000e+00 0.0000000000e+00 0.0000000000e+00 0.0000000000e+00 0.0000000000e+00 0.0000000000e+00 0.0000000000e+00 0.0000000000e+00 0.0000000000e+00 0.0000000000e+00
0.0000000000e+00 0.0000000000e+00 0.0000000000e+00 0.0000000000e+00 0.0000000000e+00 0.0000000000e+00 0.0000000000e+00 0.0000000000e+00 0.0000000000e+00 0.0000000000e+00 0.0000000000e+00 0.0000000000e+00 0.0000000000e+00 0.0000000000e+00 0.0000000000e+00 0.0000000000e+00 0.0000000000e+00 0.0000000000e+00 0.0000000000e+00 0.0000000000e+00 0.0000000000e+00 0.0000000000e+00 0.0000000000e+00 0.0000000000e+00 0.0000000000e+00 0.0000000000e+00 0.0000000000e+00 0.0000000000e+00 0.0000000000e+00 0.0000000000e+00 0.0000000000e+00 0.0000000000e+00 0.0000000000e+00 0.0000000000e+00 0.0000000000e+00 2.0937057352e-06 1.0513978193e-05 1.2782280988e-05 1.5461724195e-05 1.8609217128e-05 2.2284582197e-05 2.6554390029e-05 3.1485567885e-05 3.7147495583e-05 4.3614756369e-05 5.0957918875e-05 5.9250328589e-05 6.8562290659e-05 7.8957003482e-05 9.0501617747e-05 1.0324544912e-04 1.1723770069e-04 1.3251343602e-04 1.4909390869e-04 1.6699608763e-04 1.8621111089e-04 2.0671974892e-04 2.2848982983e-04 2.5146646460e-04 2.7558437563e-04 3.0075156565e-04 3.2686911598e-04 3.5382122887e-04 3.8148279734e-04 4.0970459311e-04 4.3834282599e-04 4.6724171213e-04 4.9622987185e-04 5.2515710167e-04 5.5385159684e-04 5.8215881596e-04 6.0992625220e-04 6.3702014295e-04 6.6329561539e-04 6.8863886899e-04 7.1294668568e-04 7.3613613176e-04 7.5812271049e-04 7.7884672884e-04 7.9829779816e-04 8.1642578132e-04 8.3323114770e-04 8.4873183915e-04 8.6292856524e-04 8.7586314115e-04 8.8758713893e-04 8.9813286463e-04 9.0757634691e-04 9.1596588099e-04 9.2337857763e-04 9.2986494626e-04 9.3551181145e-04 9.4035244653e-04 9.4448615884e-04 9.4793335306e-04 9.5075871421e-04 9.5301167144e-04 9.5471181795e-04 9.5591196703e-04 9.5661749006e-04 9.5684878943e-04 9.5660979215e-04 9.5589320810e-04 9.5467766927e-04 9.5296882019e-04 9.5070315536e-04 9.4786683374e-04 9.4440403631e-04 9.4027140805e-04 9.3540431492e-04 9.2973764208e-04 9.2323387944e-04 9.1580668009e-04 9.0738774935e-04 8.9793469458e-04 8.8735340916e-04 8.7560689326e-04 8.6264423685e-04 8.4841583066e-04 8.3289749474e-04 8.1606106396e-04 7.9790362345e-04 7.7843374852e-04 7.5767809502e-04 7.3566441719e-04 7.1245244236e-04 6.8812310665e-04 6.6275663211e-04 6.3646079475e-04 6.0935662371e-04 5.8157753674e-04 5.5325993323e-04 5.2455852074e-04 4.9562954466e-04 4.6664155668e-04 4.3774599652e-04 4.0911503030e-04 3.8090194550e-04 3.5325563739e-04 3.2631541838e-04 3.0021857779e-04 2.7507363458e-04 2.5097784940e-04 2.2802491688e-04 2.0628035968e-04 1.8579820041e-04 1.6661089034e-04 1.4873697514e-04 1.3218203016e-04 1.1693329616e-04 1.0296703105e-04 9.0248834595e-05 7.8728620507e-05 6.8356621364e-05 5.9067315920e-05 5.0794864953e-05 4.3471004724e-05 3.7020960996e-05 3.1374984999e-05 2.6458385195e-05 2.2201763059e-05 1.8538162709e-05 1.5400938526e-05 1.2730636672e-05 1.0470280361e-05 2.0847987413e-06 0.0000000000e+00 0.0000000000e+00 0.0000000000e+00 0.0000000000e+00 0.0000000000e+00 0.0000000000e+00 0.0000000000e+00 0.0000000000e+00 0.0000000000e+00 0.0000000000e+00 0.0000000000e+00 0.0000000000e+00 0.0000000000e+00 0.0000000000e+00 0.0000000000e+00 0.0000000000e+00 0.0000000000e+00 0.0000000000e+00 0.0000000000e+00 0.0000000000e+00 0.0000000000e+00 0.0000000000e+00 0.0000000000e+00 0.0000000000e+00 0.0000000000e+00 0.0000000000e+00 0.0000000000e+00 0.0000000000e+00 0.0000000000e+00 0.0000000000e+00 0.0000000000e+00 0.0000000000e+00 0.0000000000e+00 0.0000000000e+00 0.0000000000e+00
0.0000000000e+00 0.0000000000e+00 0.0000000000e+00 0.0000000000e+00 0.0000000000e+00 0.0000000000e+00 0.0000000000e+00 0.0000000000e+00 0.0000000000e+00 0.0000000000e+00 0.0000000000e+00 0.0000000000e+00 0.0000000000e+00 0.0000000000e+00 0.0000000000e+00 0.0000000000e+00 0.0000000000e+00 0.0000000000e+00 0.0000000000e+00 0.0000000000e+00 0.0000000000e+00 0.0000000000e+00 0.0000000000e+00 0.0000000000e+00 0.0000000000e+00 0.0000000000e+00 0.0000000000e+00 0.0000000000e+00 0.0000000000e+00 0.0000000000e+00 0.0000000000e+00 0.0000000000e+00 0.0000000000e+00 0.0000000000e+00 1.3630225838e-05 1.6739850366e-05 2.0455985983e-05 2.4869377895e-05 3.0082514863e-05 3.6206611683e-05 4.3357874912e-05 5.1665473215e-05 6.1259467466e-05 7.2276323584e-05 8.4859604555e-05 9.9146957432e-05 1.1528161915e-04 1.3339938073e-04 1.5362495429e-04 1.7608888158e-04 2.0088538287e-04 2.2810987282e-04 2.5783175141e-04 2.9009509400e-04 3.2492677225e-04 3.6231509203e-04 4.0222023908e-04 4.4458217916e-04 4.8928902840e-04 5.3621379923e-04 5.8518422361e-04 6.3600619774e-04 6.8845215800e-04 7.4227445773e-04 7.9718958165e-04 8.5291364933e-04 9.0913901421e-04 9.6554848604e-04 1.0218321065e-03 1.0776670114e-03 1.1327485024e-03 1.1867888340e-03 1.2395029164e-03 1.2906302558e-03 1.3399523539e-03 1.3872510366e-03 1.4323650759e-03 1.4751460830e-03 1.5154895210e-03 1.5533241377e-03 1.5886046949e-03 1.6213058413e-03 1.6514554949e-03 1.6790863346e-03 1.7042592824e-03 1.7270703987e-03 1.7476017136e-03 1.7659684617e-03 1.7822984474e-03 1.7967182606e-03 1.8093432745e-03 1.8203169104e-03 1.8297529967e-03 1.8377794121e-03 1.8444811085e-03 1.8499844766e-03 1.8543639737e-03 1.8576803716e-03 1.8600154344e-03 1.8613931690e-03 1.8618424228e-03 1.8613760826e-03 1.8599763173e-03 1.8576230804e-03 1.8542815099e-03 1.8498858254e-03 1.8443534651e-03 1.8376225214e-03 1.8295791482e-03 1.8201127604e-03 1.8091085402e-03 1.7964451695e-03 1.7819895224e-03 1.7656187954e-03 1.7472106152e-03 1.7266244278e-03 1.7037759389e-03 1.6785533329e-03 1.6508718117e-03 1.6206769395e-03 1.5879126317e-03 1.5525886612e-03 1.5147001399e-03 1.4743167960e-03 1.4314766865e-03 1.3863167345e-03 1.3389755529e-03 1.2896169019e-03 1.2384510379e-03 1.1857116368e-03 1.1316524978e-03 1.0765488787e-03 1.0207030743e-03 9.6441346000e-04 9.0800787408e-04 8.5178802565e-04 7.9607591187e-04 7.4117914187e-04 6.8738442467e-04 6.3496408116e-04 5.8418001090e-04 5.3524984513e-04 4.8836783802e-04 4.4370585132e-04 4.0139345623e-04 3.6153564369e-04 3.2420085664e-04 2.8942114975e-04 2.5720758420e-04 2.2753526818e-04 2.0036035015e-04 1.7561253545e-04 1.5319545254e-04 1.3301250810e-04 1.1493668329e-04 9.8840379200e-05 8.4588596106e-05 7.2037834850e-05 6.1051193516e-05 5.1484725692e-05 4.3201849295e-05 3.6072554899e-05 2.9967942995e-05 2.4772098733e-05 2.0373809996e-05 1.6670672788e-05 1.3572574928e-05 0.0000000000e+00 0.0000000000e+00 0.0000000000e+00 0.0000000000e+00 0.0000000000e+00 0.0000000000e+00 0.0000000000e+00 0.0000000000e+00 0.0000000000e+00 0.0000000000e+00 0.0000000000e+00 0.0000000000e+00 0.0000000000e+00 0.0000000000e+00 0.0000000000e+00 0.0000000000e+00 0.0000000000e+00 0.0000000000e+00 0.0000000000e+00 0.0000000000e+00 0.0000000000e+00 0.0000000000e+00 0.0000000000e+00 0.0000000000e+00 0.0000000000e+00 0.0000000000e+00 0.0000000000e+00 0.0000000000e+00 0.0000000000e+00 0.0000000000e+00 0.0000000000e+00 0.0000000000e+00 0.0000000000e+00 0.0000000000e+00
0.0000000000e+00 0.0000000000e+00 0.0000000000e+00 0.0000000000e+00 0.0000000000e+00 0.0000000000e+00 0.0000000000e+00 0.0000000000e+00 0.0000000000e+00 0.0000000000e+00 0.0000000000e+00 0.0000000000e+00 0.0000000000e+00 0.0000000000e+00 0.0000000000e+00 0.0000000000e+00 0.0000000000e+00 0.0000000000e+00 0.0000000000e+00 0.0000000000e+00 0.0000000000e+00 0.0000000000e+00 0.0000000000e+00 0.0000000000e+00 0.0000000000e+00 0.0000000000e+00 0.0000000000e+00 0.0000000000e+00 0.0000000000e+00 0.0000000000e+00 0.0000000000e+00 0.0000000000e+00 0.0000000000e+00 2.1305339157e-05 2.6301676807e-05 3.2302151061e-05 3.9473419206e-05 4.7989819817e-05 5.8049715846e-05 6.9867659373e-05 8.3667558514e-05 9.9699327333e-05 1.1821296238e-04 1.3947254119e-04 1.6375634342e-04 1.9132756338e-04 2.2246362543e-04 2.5742682926e-04 2.9645840656e-04 3.3980806276e-04 3.8766081215e-04 4.4019782625e-04 4.9755750162e-04 5.5981895307e-04 6.2703859701e-04 6.9918986465e-04 7.7620401154e-04 8.5795346498e-04 9.4422987210e-04 1.0347873373e-03 1.1292966748e-03 1.2273708685e-03 1.3285891800e-03 1.4324518138e-03 1.5384361719e-03 1.6459748869e-03 1.7544844685e-03 1.8633494445e-03 1.9719679433e-03 2.0797266114e-03 2.1860299105e-03 2.2903114673e-03 2.3920441555e-03 2.4907187356e-03 2.5858989242e-03 2.6771861678e-03 2.7642519210e-03 2.8468201904e-03 2.9246800900e-03 2.9977022516e-03 3.0657769797e-03 3.1288963433e-03 3.1870822576e-03 3.2404024457e-03 3.2889913816e-03 3.3330047894e-03 3.3726246698e-03 3.4080872891e-03 3.4395990793e-03 3.4674235513e-03 3.4917951046e-03 3.5129749668e-03 3.5311771554e-03 3.5466625622e-03 3.5596028219e-03 3.5702262526e-03 3.5786634035e-03 3.5850757660e-03 3.5895787106e-03 3.5922367499e-03 3.5931055103e-03 3.5922013471e-03 3.5895064763e-03 3.5849692234e-03 3.5785165332e-03 3.5700327151e-03 3.5593724078e-03 3.5463749433e-03 3.5308571783e-03 3.5125864529e-03 3.4913502974e-03 3.4669150298e-03 3.4390193646e-03 3.4074281486e-03 3.3718958287e-03 3.3321813473e-03 3.2880818379e-03 3.2394041213e-03 3.1859867602e-03 3.1277076142e-03 3.0644946002e-03 2.9963188879e-03 2.9232060177e-03 2.8452549169e-03 2.7625917729e-03 2.6754426483e-03 2.5840857142e-03 2.4888227609e-03 2.3900856672e-03 2.2883045887e-03 2.1839785625e-03 2.0776352929e-03 1.9698561921e-03 1.8612271474e-03 1.7523650023e-03 1.6438695182e-03 1.5363549291e-03 1.4304048754e-03 1.3265904621e-03 1.2254251794e-03 1.1274178345e-03 1.0329844721e-03 9.4250640023e-04 8.5631539472e-04 7.7465474766e-04 6.9773568350e-04 6.2568008482e-04 5.5855664459e-04 4.9639059767e-04 4.3912525898e-04 3.8668070134e-04 3.3891790997e-04 2.9565433202e-04 2.5670413344e-04 2.2181857205e-04 1.9075364724e-04 1.6324965484e-04 1.3902759500e-04 1.1782425672e-04 9.9361453732e-05 8.3375834302e-05 6.9617089469e-05 5.7835676841e-05 4.7808067594e-05 3.9319799176e-05 3.2173127107e-05 2.6193902047e-05 2.1215849745e-05 0.0000000000e+00 0.0000000000e+00 0.0000000000e+00 0.0000000000e+00 0.0000000000e+00 0.0000000000e+00 0.0000000000e+00 0.0000000000e+00 0.0000000000e+00 0.0000000000e+00 0.0000000000e+00 0.0000000000e+00 0.0000000000e+00 0.0000000000e+00 0.0000000000e+00 0.0000000000e+00 0.0000000000e+00 0.0000000000e+00 0.0000000000e+00 0.0000000000e+00 0.0000000000e+00 0.0000000000e+00 0.0000000000e+00 0.0000000000e+00 0.0000000000e+00 0.0000000000e+00 0.0000000000e+00 0.0000000000e+00 0.0000000000e+00 0.0000000000e+00 0.0000000000e+00 0.0000000000e+00 0.0000000000e+00
0.0000000000e+00 0.0000000000e+00 0.0000000000e+00 0.0000000000e+00 0.0000000000e+00 0.0000000000e+00 0.0000000000e+00 0.0000000000e+00 0.0000000000e+00 0.0000000000e+00 0.0000000000e+00 0.0000000000e+00 0.0000000000e+00 0.0000000000e+00 0.0000000000e+00 0.0000000000e+00 0.0000000000e+00 0.0000000000e+00 0.0000000000e+00 0.0000000000e+00 0.0000000000e+00 0.0000000000e+00 0.0000000000e+00 0.0000000000e+00 0.0000000000e+00 0.0000000000e+00 0.0000000000e+00 0.0000000000e+00 0.0000000000e+00 0.0000000000e+00 0.0000000000e+00 0.0000000000e+00 3.2815401591e-05 4.0719614717e-05 5.0269049331e-05 6.1737634533e-05 7.5444141830e-05 9.1721583081e-05 1.1094915813e-04 1.3353692975e-04 1.5991316583e-04 1.9055526029e-04 2.2594115037e-04 2.6657552116e-04 3.1299039955e-04 3.6568827839e-04 4.2520148033e-04 4.9202896084e-04 5.6663361683e-04 6.4949031821e-04 7.4095589570e-04 8.4137485251e-04 9.5101384379e-04 1.0700195707e-03 1.1985040935e-03 1.3364167300e-03 1.4836192854e-03 1.6398812736e-03 1.8047937553e-03 1.9778858962e-03 2.1585347555e-03 2.3459966621e-03 2.5394678904e-03 2.7379998296e-03 2.9405809451e-03 3.1461379017e-03 3.3535441339e-03 3.5616422211e-03 3.7692612458e-03 3.9752361753e-03 4.1784372143e-03 4.3777732990e-03 4.5722267458e-03 4.7608424343e-03 4.9427827872e-03 5.1172652410e-03 5.2836929671e-03 5.4415290820e-03 5.5903573115e-03 5.7299335970e-03 5.8600615716e-03 5.9807053391e-03 6.0919352806e-03 6.1938554229e-03 6.2867340372e-03 6.3708686211e-03 6.4466099536e-03 6.5143976313e-03 6.5746287550e-03 6.6278134932e-03 6.6744063793e-03 6.7148695265e-03 6.7496781210e-03 6.7792643732e-03 6.8040130175e-03 6.8243083732e-03 6.8404516088e-03 6.8527172246e-03 6.8613114978e-03 6.8663972387e-03 6.8680599138e-03 6.8663283711e-03 6.8611882445e-03 6.8525110411e-03 6.8401766482e-03 6.8239599796e-03 6.8035820060e-03 6.7787390957e-03 6.7490736829e-03 6.7141572768e-03 6.6735774784e-03 6.6268683641e-03 6.5735574244e-03 6.5131800706e-03 6.4452589986e-03 6.3693501636e-03 6.2850594019e-03 6.1920077422e-03 6.0899143331e-03 5.9785167336e-03 5.8576837766e-03 5.7273821700e-03 5.5876279122e-03 5.4386276374e-03 5.2806218136e-03 5.1140435999e-03 4.9394154276e-03 4.7573380420e-03 4.5686079155e-03 4.3740576426e-03 4.1746369157e-03 3.9713687851e-03 3.7653554885e-03 3.5577190265e-03 3.3496238688e-03 3.1422411406e-03 2.9367270757e-03 2.7342107422e-03 2.5357689603e-03 2.3424002531e-03 2.1550570444e-03 1.9745467379e-03 1.8016016890e-03 1.6368487319e-03 1.4807531403e-03 1.3337234852e-03 1.1959886001e-03 1.0676819232e-03 9.4885364332e-04 8.3938987472e-04 7.3914229084e-04 6.4784241303e-04 5.6514539703e-04 4.9069139819e-04 4.2400691789e-04 3.6462628888e-04 3.1205268236e-04 2.6575165526e-04 2.2522151022e-04 1.8993019409e-04 1.5937310862e-04 1.3307313358e-04 1.1055302610e-04 9.1385070840e-05 7.5159855053e-05 6.1498888297e-05 5.0069610861e-05 4.0554003062e-05 3.2678658123e-05 0.0000000000e+00 0.0000000000e+00 0.0000000000e+00 0.0000000000e+00 0.0000000000e+00 0.0000000000e+00 0.0000000000e+00 0.0000000000e+00 0.0000000000e+00 0.0000000000e+00 0.0000000000e+00 0.0000000000e+00 0.0000000000e+00 0.0000000000e+00 0.0000000000e+00 0.0000000000e+00 0.0000000000e+00 0.0000000000e+00 0.0000000000e+00 0.0000000000e+00 0.0000000000e+00 0.0000000000e+00 0.0000000000e+00 0.0000000000e+00 0.0000000000e+00 0.0000000000e+00 0.0000000000e+00 0.0000000000e+00 0.0000000000e+00 0.0000000000e+00 0.0000000000e+00 0.0000000000e+00
0.0000000000e+00 0.0000000000e+00 0.0000000000e+00 0.0000000000e+00 0.0000000000e+00 0.0000000000e+00 0.0000000000e+00 0.0000000000e+00 0.0000000000e+00 0.0000000000e+00 0.0000000000e+00 0.0000000000e+00 0.0000000000e+00 0.0000000000e+00 0.0000000000e+00 0.0000000000e+00 0.0000000000e+00 0.0000000000e+00 0.0000000000e+00 0.0000000000e+00 0.0000000000e+00 0.0000000000e+00 0.0000000000e+00 0.0000000000e+00 0.0000000000e+00 0.0000000000e+00 0.0000000000e+00 0.0000000000e+00 0.0000000000e+00 0.0000000000e+00 0.0000000000e+00 4.9881530971e-05 6.2213977538e-05 7.7199717923e-05 9.5304664082e-05 1.1704831261e-04 1.4303500273e-04 1.7389631772e-04 2.1035068638e-04 2.5317623044e-04 3.0318460535e-04 3.6128136410e-04 4.2837214670e-04 5.0541404486e-04 5.9341663039e-04 6.9333203403e-04 8.0616971086e-04 9.3287560481e-04 1.0743268188e-03 1.2314247898e-03 1.4048464580e-03 1.5952437262e-03 1.8031220488e-03 2.0287625851e-03 2.2723762786e-03 2.5338662018e-03 2.8129727091e-03 3.1092524519e-03 3.4219368835e-03 3.7501339331e-03 4.0926529249e-03 4.4481026153e-03 4.8149386314e-03 5.1913687030e-03 5.5754796022e-03 5.9652400166e-03 6.3584993495e-03 6.7530732008e-03 7.1467362838e-03 7.5372961685e-03 7.9225779975e-03 8.3005489929e-03 8.6692509553e-03 9.0268868191e-03 9.3718673430e-03 9.7027130778e-03 1.0018278728e-02 1.0317550817e-02 1.0599754796e-02 1.0864412599e-02 1.1111147233e-02 1.1339912661e-02 1.1550803399e-02 1.1744061886e-02 1.1920182580e-02 1.2079706606e-02 1.2223324939e-02 1.2351852113e-02 1.2466063377e-02 1.2566906830e-02 1.2655250249e-02 1.2731982192e-02 1.2797986210e-02 1.2854073489e-02 1.2901005720e-02 1.2939492025e-02 1.2970103888e-02 1.2993356586e-02 1.3009664776e-02 1.3019302868e-02 1.3022468788e-02 1.3019185177e-02 1.3009428689e-02 1.2992989071e-02 1.2969599912e-02 1.2938856595e-02 1.2900221330e-02 1.2853121728e-02 1.2796871004e-02 1.2730668058e-02 1.2653734181e-02 1.2565175278e-02 1.2464091182e-02 1.2349620248e-02 1.2220830514e-02 1.2076924409e-02 1.1917105904e-02 1.1740678339e-02 1.1547097304e-02 1.1335883436e-02 1.1106785446e-02 1.0859724615e-02 1.0594746688e-02 1.0312227630e-02 1.0012648079e-02 9.6967934426e-03 9.3656798341e-03 9.0204558375e-03 8.6626050532e-03 8.2937197277e-03 7.9155985773e-03 7.5301963855e-03 7.1395645335e-03 6.7458629828e-03 6.3512977291e-03 5.9580821114e-03 5.5684041548e-03 5.1844129616e-03 4.8081461488e-03 4.4414955982e-03 4.0862694793e-03 3.7440013835e-03 3.4160762603e-03 3.1036837873e-03 2.8077105019e-03 2.5289199786e-03 2.2677570534e-03 2.0244707459e-03 1.7991553743e-03 1.5915989460e-03 1.4015160539e-03 1.2283992916e-03 1.0715932531e-03 9.3041967239e-04 8.0397626988e-04 6.9138267568e-04 5.9169485482e-04 5.0390154611e-04 4.2705100430e-04 3.6013361446e-04 3.0219319892e-04 2.5232467723e-04 2.0962339650e-04 1.7327855728e-04 1.4251318065e-04 1.1661000724e-04 9.4938602561e-05 7.6895649104e-05 6.1962872468e-05 4.9675350243e-05 0.0000000000e+00 0.0000000000e+00 0.0000000000e+00 0.0000000000e+00 0.0000000000e+00 0.0000000000e+00 0.0000000000e+00 0.0000000000e+00 0.0000000000e+00 0.0000000000e+00 0.0000000000e+00 0.0000000000e+00 0.0000000000e+00 0.0000000000e+00 0.0000000000e+00 0.0000000000e+00 0.0000000000e+00 0.0000000000e+00 0.0000000000e+00 0.0000000000e+00 0.0000000000e+00 0.0000000000e+00 0.0000000000e+00 0.0000000000e+00 0.0000000000e+00 0.0000000000e+00 0.0000000000e+00 0.0000000000e+00 0.0000000000e+00 0.0000000000e+00 0.0000000000e+00
0.0000000000e+00 0.0000000000e+00 0.0000000000e+00 0.0000000000e+00 0.0000000000e+00 0.0000000000e+00 0.0000000000e+00 0.0000000000e+00 0.0000000000e+00 0.0000000000e+00 0.0000000000e+00 0.0000000000e+00 0.0000000000e+00 0.0000000000e+00 0.0000000000e+00 0.0000000000e+00 0.0000000000e+00 0.0000000000e+00 0.0000000000e+00 0.0000000000e+00 0.0000000000e+00 0.0000000000e+00 0.0000000000e+00 0.0000000000e+00 0.0000000000e+00 0.0000000000e+00 0.0000000000e+00 0.0000000000e+00 0.0000000000e+00 0.0000000000e+00 7.4744052883e-05 9.3713601248e-05 1.1688337411e-04 1.4503808513e-04 1.7905324664e-04 2.1990488224e-04 2.6872844401e-04 3.2671063329e-04 3.9520142081e-04 4.7566267431e-04 5.6961883471e-04 6.7877261592e-04 8.0482513753e-04 9.4957444214e-04 1.1149172633e-03 1.3026430635e-03 1.5146491694e-03 1.7527113335e-03 2.0184799013e-03 2.3136464434e-03 2.6394832408e-03 2.9972185708e-03 3.3877975521e-03 3.8117535757e-03 4.2694765542e-03 4.7607904542e-03 5.2852020692e-03 5.8418857947e-03 6.4293978141e-03 7.0460495630e-03 7.6896177226e-03 8.3574735486e-03 9.0467385397e-03 9.7540189907e-03 1.0475741765e-02 1.1208077543e-02 1.1946994965e-02 1.2688372964e-02 1.3428052758e-02 1.4161888127e-02 1.4885820468e-02 1.5596011385e-02 1.6288783714e-02 1.6960769601e-02 1.7608970163e-02 1.8230616406e-02 1.8823556583e-02 1.9385876346e-02 1.9916129531e-02 2.0413414614e-02 2.0877024047e-02 2.1306861587e-02 2.1703131099e-02 2.2066260590e-02 2.2397184417e-02 2.2696925361e-02 2.2966785777e-02 2.3208288084e-02 2.3422890880e-02 2.3612371543e-02 2.3778368110e-02 2.3922554159e-02 2.4046581151e-02 2.4151964735e-02 2.4240159252e-02 2.4312461608e-02 2.4369972482e-02 2.4413681861e-02 2.4444319616e-02 2.4462437853e-02 2.4468381133e-02 2.4462222640e-02 2.4443886860e-02 2.4413013593e-02 2.4369072234e-02 2.4311307716e-02 2.4238728594e-02 2.4150239293e-02 2.4044550283e-02 2.3920169959e-02 2.3775610048e-02 2.3609214434e-02 2.3419304955e-02 2.3204227342e-02 2.2962245119e-02 2.2691865815e-02 2.2391585190e-02 2.2060100693e-02 2.1696389247e-02 2.1299537994e-02 2.0869095318e-02 2.0404889370e-02 1.9907018169e-02 1.9376192498e-02 1.8813312163e-02 1.8219851415e-02 1.7597715295e-02 1.6949068114e-02 1.6276690611e-02 1.5583587754e-02 1.4873122590e-02 1.4148976500e-02 1.3415001335e-02 1.2675258172e-02 1.1933887037e-02 1.1195052825e-02 1.0462869168e-02 9.7413641148e-03 9.0343768380e-03 8.3454560976e-03 7.6780048866e-03 7.0348901646e-03 6.4187348784e-03 5.8317527107e-03 5.2756275037e-03 4.7517933599e-03 4.2610713670e-03 3.8039432542e-03 3.3805805707e-03 2.9905877013e-03 2.6334239875e-03 2.3081418213e-03 2.0135071918e-03 1.7482430931e-03 1.5106581752e-03 1.2990968579e-03 1.1117850374e-03 9.4682254193e-04 8.0242125561e-04 6.7668454885e-04 5.6781518530e-04 4.7411354919e-04 3.9387818860e-04 3.2558661216e-04 2.6777903877e-04 2.1910752485e-04 1.7838729065e-04 1.4448497673e-04 1.1642663005e-04 9.3338521705e-05 7.4437729487e-05 0.0000000000e+00 0.0000000000e+00 0.0000000000e+00 0.0000000000e+00 0.0000000000e+00 0.0000000000e+00 0.0000000000e+00 0.0000000000e+00 0.0000000000e+00 0.0000000000e+00 0.0000000000e+00 0.0000000000e+00 0.0000000000e+00 0.0000000000e+00 0.0000000000e+00 0.0000000000e+00 0.0000000000e+00 0.0000000000e+00 0.0000000000e+00 0.0000000000e+00 0.0000000000e+00 0.0000000000e+00 0.0000000000e+00 0.0000000000e+00 0.0000000000e+00 0.0000000000e+00 0.0000000000e+00 0.0000000000e+00 0.0000000000e+00 0.0000000000e+00
0.0000000000e+00 0.0000000000e+00 0.0000000000e+00 0.0000000000e+00 0.0000000000e+00 0.0000000000e+00 0.0000000000e+00 0.0000000000e+00 0.0000000000e+00 0.0000000000e+00 0.0000000000e+00 0.0000000000e+00 0.0000000000e+00 0.0000000000e+00 0.0000000000e+00 0.0000000000e+00 0.0000000000e+00 0.0000000000e+00 0.0000000000e+00 0.0000000000e+00 0.0000000000e+00 0.0000000000e+00 0.0000000000e+00 0.0000000000e+00 0.0000000000e+00 0.0000000000e+00 0.0000000000e+00 0.0000000000e+00 0.0000000000e+00 1.1041646269e-04 1.3914836206e-04 1.7446403183e-04 2.1759934109e-04 2.7001546229e-04 3.3334220258e-04 4.0939685103e-04 5.0029357133e-04 6.0824154534e-04 7.3575412394e-04 8.8555352249e-04 1.0604776104e-03 1.2636967972e-03 1.4983779387e-03 1.7678696584e-03 2.0757028184e-03 2.4252087323e-03 2.8199220388e-03 3.2631462536e-03 3.7579560866e-03 4.3075018219e-03 4.9141512108e-03 5.5801908128e-03 6.3073808922e-03 7.0967162899e-03 7.9489234744e-03 8.8636706556e-03 9.8400453233e-03 1.0876507568e-02 1.1970368908e-02 1.3118482007e-02 1.4316718914e-02 1.5560181247e-02 1.6843503856e-02 1.8160371304e-02 1.9504126948e-02 2.0867646494e-02 2.2243419503e-02 2.3623784602e-02 2.5000978024e-02 2.6367300227e-02 2.7715190252e-02 2.9037499734e-02 3.0327364017e-02 3.1578530919e-02 3.2785426857e-02 3.3942880063e-02 3.5046865471e-02 3.6093857711e-02 3.7081149247e-02 3.8007046922e-02 3.8870246694e-02 3.9670575948e-02 4.0408383818e-02 4.1084500188e-02 4.1700666472e-02 4.2258741831e-02 4.2761210372e-02 4.3210864710e-02 4.3610443875e-02 4.3963248262e-02 4.4272321929e-02 4.4540772021e-02 4.4771708207e-02 4.4967923991e-02 4.5132127526e-02 4.5266756684e-02 4.5373838097e-02 4.5455226654e-02 4.5512280750e-02 4.5546016207e-02 4.5557096676e-02 4.5545626644e-02 4.5511496237e-02 4.5454029717e-02 4.5372213412e-02 4.5264676563e-02 4.5129549792e-02 4.4964814254e-02 4.4768044558e-02 4.4536473329e-02 4.4267350042e-02 4.3957553483e-02 4.3603969724e-02 4.3203559025e-02 4.2753018663e-02 4.2249621837e-02 4.1690565132e-02 4.1073392635e-02 4.0396233101e-02 3.9657362703e-02 3.8855952724e-02 3.7991677942e-02 3.7064726773e-02 3.6076397655e-02 3.5028401536e-02 3.3923470272e-02 3.2765133504e-02 3.1557438075e-02 3.0305562782e-02 2.9015091573e-02 2.7692290113e-02 2.6344025305e-02 2.4977449460e-02 2.3600140162e-02 2.2219787694e-02 2.0844161140e-02 1.9480915939e-02 1.8137556518e-02 1.6821213353e-02 1.5538514210e-02 1.4295782333e-02 1.3098363835e-02 1.1951143225e-02 1.0858237645e-02 9.8227832135e-03 8.8474493127e-03 7.9337674884e-03 7.0826352971e-03 6.2943694277e-03 5.5682355163e-03 4.9032287733e-03 4.2975781196e-03 3.7489907571e-03 3.2550910858e-03 2.8127264396e-03 2.4188160748e-03 2.0700557500e-03 1.7629087336e-03 1.4940444152e-03 1.2599325079e-03 1.0572262692e-03 8.8276062686e-04 7.3336864025e-04 6.0621536385e-04 4.9858213843e-04 4.0795947521e-04 3.3214179431e-04 2.6901844113e-04 2.1677600547e-04 1.7378786291e-04 1.3859617828e-04 1.0996807286e-04 0.0000000000e+00 0.0000000000e+00 0.0000000000e+00 0.0000000000e+00 0.0000000000e+00 0.0000000000e+00 0.0000000000e+00 0.0000000000e+00 0.0000000000e+00 0.0000000000e+00 0.0000000000e+00 0.0000000000e+00 0.0000000000e+00 0.0000000000e+00 0.0000000000e+00 0.0000000000e+00 0.0000000000e+00 0.0000000000e+00 0.0000000000e+00 0.0000000000e+00 0.0000000000e+00 0.0000000000e+00 0.0000000000e+00 0.0000000000e+00 0.0000000000e+00 0.0000000000e+00 0.0000000000e+00 0.0000000000e+00 0.0000000000e+00
0.0000000000e+00 0.0000000000e+00 0.0000000000e+00 0.0000000000e+00 0.0000000000e+00 0.0000000000e+00 0.0000000000e+00 0.0000000000e+00 0.0000000000e+00 0.0000000000e+00 0.0000000000e+00 0.0000000000e+00 0.0000000000e+00 0.0000000000e+00 0.0000000000e+00 0.0000000000e+00 0.0000000000e+00 0.0000000000e+00 0.0000000000e+00 0.0000000000e+00 0.0000000000e+00 0.0000000000e+00 0.0000000000e+00 0.0000000000e+00 0.0000000000e+00 0.0000000000e+00 0.0000000000e+00 0.0000000000e+00 1.6094160833e-04 2.0388643353e-04 2.5694147442e-04 3.2215414821e-04 4.0180660205e-04 4.9859699438e-04 6.1553533612e-04 7.5597706259e-04 9.2382695606e-04 1.1231641662e-03 1.3586304863e-03 1.6352527463e-03 1.9582714970e-03 2.3335421726e-03 2.7669125373e-03 3.2645668829e-03 3.8330263006e-03 4.4784412859e-03 5.2073418955e-03 6.0258269090e-03 6.9395764797e-03 7.9544075325e-03 9.0746936461e-03 1.0304656678e-02 1.1647549738e-02 1.3105208857e-02 1.4678975345e-02 1.6368238121e-02 1.8171315530e-02 2.0085356813e-02 2.2105402135e-02 2.4225644497e-02 2.6438449759e-02 2.8734777939e-02 3.1104725594e-02 3.3536616297e-02 3.6018181926e-02 3.8536242055e-02 4.1076933706e-02 4.3626114742e-02 4.6169432448e-02 4.8692694050e-02 5.1181910799e-02 5.3623880776e-02 5.6005943509e-02 5.8316542229e-02 6.0545384213e-02 6.2682922362e-02 6.4721728298e-02 6.6655275781e-02 6.8478572215e-02 7.0188488769e-02 7.1782622263e-02 7.3260646382e-02 7.4623210947e-02 7.5871845419e-02 7.7009757838e-02 7.8040412218e-02 7.8968350855e-02 7.9798763761e-02 8.0536702847e-02 8.1188251332e-02 8.1759048548e-02 8.2254818678e-02 8.2681313093e-02 8.3043663641e-02 8.3346922886e-02 8.3595557134e-02 8.3793319034e-02 8.3943638578e-02 8.4049004008e-02 8.4111316761e-02 8.4131787142e-02 8.4110621591e-02 8.4047594979e-02 8.3941500055e-02 8.3790409859e-02 8.3591833195e-02 8.3342314383e-02 8.3038100873e-02 8.2674741468e-02 8.2247125040e-02 8.1750157317e-02 8.1178065740e-02 8.0525130332e-02 7.9785694746e-02 7.8953709760e-02 7.8024101849e-02 7.6991706162e-02 7.5851983032e-02 7.4601483486e-02 7.3237018799e-02 7.1757068742e-02 7.0161010624e-02 6.8449201076e-02 6.6624050342e-02 6.4688717505e-02 6.2648220944e-02 6.0509110289e-02 5.8278829747e-02 5.5966962944e-02 5.3583813804e-02 5.1140959328e-02 4.8651069090e-02 4.6127366257e-02 4.3583831073e-02 4.1034677612e-02 3.8494247405e-02 3.5976677580e-02 3.3495823856e-02 3.1064865247e-02 2.8696037832e-02 2.6401014359e-02 2.4189668678e-02 2.2071026719e-02 2.0052691286e-02 1.8140448430e-02 1.6339235634e-02 1.4651875861e-02 1.3080030550e-02 1.1624285364e-02 1.0283280653e-02 9.0551634958e-03 7.9366638696e-03 6.9235468607e-03 6.0114247332e-03 5.1944763641e-03 4.4670116620e-03 3.8229292809e-03 3.2556969861e-03 2.7591644238e-03 2.3268117695e-03 1.9524582068e-03 1.6302592440e-03 1.3543654069e-03 1.1195415519e-03 9.2076716717e-04 7.5340728141e-04 6.1338913877e-04 4.9681457994e-04 4.0033465508e-04 3.2094531968e-04 2.5595433903e-04 2.0308482738e-04 1.6029430373e-04 0.0000000000e+00 0.0000000000e+00 0.0000000000e+00 0.0000000000e+00 0.0000000000e+00 0.0000000000e+00 0.0000000000e+00 0.0000000000e+00 0.0000000000e+00 0.0000000000e+00 0.0000000000e+00 0.0000000000e+00 0.0000000000e+00 0.0000000000e+00 0.0000000000e+00 0.0000000000e+00 0.0000000000e+00 0.0000000000e+00 0.0000000000e+00 0.0000000000e+00 0.0000000000e+00 0.0000000000e+00 0.0000000000e+00 0.0000000000e+00 0.0000000000e+00 0.0000000000e+00 0.0000000000e+00 0.0000000000e+00
0.0000000000e+00 0.0000000000e+00 0.0000000000e+00 0.0000000000e+00 0.0000000000e+00 0.0000000000e+00 0.0000000000e+00 0.0000000000e+00 0.0000000000e+00 0.0000000000e+00 0.0000000000e+00 0.0000000000e+00 0.0000000000e+00 0.0000000000e+00 0.0000000000e+00 0.0000000000e+00 0.0000000000e+00 0.0000000000e+00 0.0000000000e+00 0.0000000000e+00 0.0000000000e+00 0.0000000000e+00 0.0000000000e+00 0.0000000000e+00 0.0000000000e+00 0.0000000000e+00 0.0000000000e+00 2.3117412757e-04 2.9440376384e-04 3.7296239782e-04 4.7001592685e-04 5.8930986086e-04 7.3501913726e-04 9.1207969168e-04 1.1259981522e-03 1.3829126811e-03 1.6899670022e-03 2.0546236669e-03 2.4853743149e-03 2.9914151893e-03 3.5823336366e-03 4.2688422692e-03 5.0616389889e-03 5.9720375518e-03 7.0119688566e-03 8.1926846318e-03 9.5261322863e-03 1.1023469173e-02 1.2695088677e-02 1.4551628695e-02 1.6601097456e-02 1.8851215580e-02 2.1307937683e-02 2.3974619049e-02 2.6853717290e-02 2.9944117977e-02 3.3242739253e-02 3.6744371061e-02 4.0439940615e-02 4.4318814670e-02 4.8367044784e-02 5.2568080928e-02 5.6903809534e-02 6.1352864714e-02 6.5892811465e-02 7.0499528695e-02 7.5147654986e-02 7.9811325922e-02 8.4464276782e-02 8.9080530054e-02 9.3634509926e-02 9.8102065330e-02 1.0246002310e-01 1.0668724387e-01 1.1076489501e-01 1.1467550037e-01 1.1840548638e-01 1.2194292057e-01 1.2527864339e-01 1.2840692029e-01 1.3132340037e-01 1.3402746069e-01 1.3652028205e-01 1.3880465102e-01 1.4088647374e-01 1.4277207375e-01 1.4446974495e-01 1.4598899954e-01 1.4733906441e-01 1.4853108288e-01 1.4957536320e-01 1.5048237351e-01 1.5126266281e-01 1.5192558292e-01 1.5248041863e-01 1.5293529914e-01 1.5329711380e-01 1.5357214593e-01 1.5376491912e-01 1.5387894576e-01 1.5391640923e-01 1.5387770422e-01 1.5376243308e-01 1.5356835633e-01 1.5329196401e-01 1.5292869733e-01 1.5247226021e-01 1.5191573216e-01 1.5125101954e-01 1.5046875687e-01 1.4955961513e-01 1.4851303456e-01 1.4731855987e-01 1.4596585057e-01 1.4444380781e-01 1.4274318204e-01 1.4085450560e-01 1.3876947243e-01 1.3648178713e-01 1.3398560383e-01 1.3127813730e-01 1.2835825541e-01 1.2522661230e-01 1.2188760198e-01 1.1834701647e-01 1.1461402846e-01 1.1070063881e-01 1.0662044250e-01 1.0239097850e-01 9.8031093142e-02 9.3561968188e-02 8.9006791774e-02 8.4389753596e-02 7.9736425096e-02 7.5072802150e-02 7.0425134500e-02 6.5819284918e-02 6.1280604903e-02 5.6833195513e-02 5.2499454729e-02 4.8300728897e-02 4.4255088982e-02 4.0379045303e-02 3.6686506013e-02 3.3188060082e-02 2.9892739941e-02 2.6805712669e-02 2.3930014759e-02 2.1266726180e-02 1.8813350450e-02 1.6566502757e-02 1.4520198497e-02 1.2666694023e-02 1.0997958840e-02 9.5033433709e-03 8.1724388006e-03 6.9940840687e-03 5.9563265085e-03 5.0479150405e-03 4.2569211924e-03 3.5720365765e-03 2.9825704086e-03 2.4778197843e-03 2.0482071100e-03 1.6845476478e-03 1.3783612088e-03 1.1221968219e-03 9.0892272011e-04 7.3241207257e-04 5.8716886367e-04 4.6826759206e-04 3.7154265266e-04 2.9325734027e-04 2.3025361448e-04 0.0000000000e+00 0.0000000000e+00 0.0000000000e+00 0.0000000000e+00 0.0000000000e+00 0.0000000000e+00 0.0000000000e+00 0.0000000000e+00 0.0000000000e+00 0.0000000000e+00 0.0000000000e+00 0.0000000000e+00 0.0000000000e+00 0.0000000000e+00 0.0000000000e+00 0.0000000000e+00 0.0000000000e+00 0.0000000000e+00 0.0000000000e+00 0.0000000000e+00 0.0000000000e+00 0.0000000000e+00 0.0000000000e+00 0.0000000000e+00 0.0000000000e+00 0.0000000000e+00 0.0000000000e+00
0.0000000000e+00 0.0000000000e+00 0.0000000000e+00 0.0000000000e+00 0.0000000000e+00 0.0000000000e+00 0.0000000000e+00 0.0000000000e+00 0.0000000000e+00 0.0000000000e+00 0.0000000000e+00 0.0000000000e+00 0.0000000000e+00 0.0000000000e+00 0.0000000000e+00 0.0000000000e+00 0.0000000000e+00 0.0000000000e+00 0.0000000000e+00 0.0000000000e+00 0.0000000000e+00 0.0000000000e+00 0.0000000000e+00 0.0000000000e+00 0.0000000000e+00 0.0000000000e+00 3.2755642503e-04 4.1929677337e-04 5.3398289564e-04 6.7647329632e-04 8.5251066304e-04 1.0688888266e-03 1.3331806744e-03 1.6543396430e-03 2.0423541509e-03 2.5083581215e-03 3.0653104926e-03 3.7267470716e-03 4.5080713342e-03 5.4259651482e-03 6.4978199119e-03 7.7430664078e-03 9.1811115461e-03 1.0832478859e-02 1.2718810302e-02 1.4860516289e-02 1.7279270387e-02 1.9995311357e-02 2.3027493370e-02 2.6395115150e-02 3.0112703680e-02 3.4194266557e-02 3.8650604298e-02 4.3487807497e-02 4.8710333604e-02 5.4316161609e-02 6.0299703640e-02 6.6651510049e-02 7.3355124863e-02 8.0391263919e-02 8.7734615714e-02 9.5355175885e-02 1.0322007099e-01 1.1129055472e-01 1.1952591936e-01 1.2788242261e-01 1.3631405271e-01 1.4477389044e-01 1.5321429739e-01 1.6158815186e-01 1.6984904497e-01 1.7795318569e-01 1.8585851255e-01 1.9352669538e-01 2.0092356128e-01 2.0801742618e-01 2.1478364345e-01 2.2120057121e-01 2.2725161967e-01 2.3292635586e-01 2.3821689284e-01 2.4312207839e-01 2.4764409743e-01 2.5178799528e-01 2.5556446695e-01 2.5898494901e-01 2.6206456483e-01 2.6482052911e-01 2.6726957785e-01 2.6943192311e-01 2.7132628242e-01 2.7297161247e-01 2.7438710197e-01 2.7558965385e-01 2.7659614311e-01 2.7742132649e-01 2.7807769077e-01 2.7857661382e-01 2.7892632479e-01 2.7913318967e-01 2.7920118936e-01 2.7913102849e-01 2.7892195564e-01 2.7856995170e-01 2.7806863649e-01 2.7740973447e-01 2.7658181101e-01 2.7557235831e-01 2.7436663933e-01 2.7294769659e-01 2.7129861307e-01 2.6940023909e-01 2.6723356765e-01 2.6477987792e-01 2.6201902670e-01 2.5893421819e-01 2.5550830616e-01 2.5172620783e-01 2.4757649177e-01 2.4304856819e-01 2.3813739217e-01 2.3284088890e-01 2.2716024160e-01 2.2110343694e-01 2.1468094388e-01 2.0790946535e-01 2.0081069958e-01 1.9340936420e-01 1.8573723346e-01 1.7782852922e-01 1.6972163969e-01 1.6145865240e-01 1.5308341088e-01 1.4464234036e-01 1.3618258198e-01 1.2775176438e-01 1.1939678444e-01 1.1116363965e-01 1.0309604874e-01 9.5234652377e-02 8.7618142775e-02 8.0279339440e-02 7.3248172863e-02 6.6549884090e-02 6.0203673166e-02 5.4225926065e-02 4.8626023145e-02 4.3409470868e-02 3.8578225683e-02 3.4127765694e-02 3.0051947031e-02 2.6339916013e-02 2.2977625324e-02 1.9950508402e-02 1.7239246639e-02 1.4824959827e-02 1.2687399885e-02 1.0804886877e-02 9.1570097484e-03 7.7221304694e-03 6.4797361871e-03 5.4104323641e-03 4.4948045634e-03 3.7154787853e-03 3.0557934036e-03 2.5003654506e-03 2.0356786483e-03 1.6487958289e-03 1.3286024919e-03 1.0651291458e-03 8.4944055416e-04 6.7398027786e-04 5.3196982528e-04 4.1768041636e-04 3.2626578291e-04 0.0000000000e+00 0.0000000000e+00 0.0000000000e+00 0.0000000000e+00 0.0000000000e+00 0.0000000000e+00 0.0000000000e+00 0.0000000000e+00 0.0000000000e+00 0.0000000000e+00 0.0000000000e+00 0.0000000000e+00 0.0000000000e+00 0.0000000000e+00 0.0000000000e+00 0.0000000000e+00 0.0000000000e+00 0.0000000000e+00 0.0000000000e+00 0.0000000000e+00 0.0000000000e+00 0.0000000000e+00 0.0000000000e+00 0.0000000000e+00 0.0000000000e+00 0.0000000000e+00
0.0000000000e+00 0.0000000000e+00 0.0000000000e+00 0.0000000000e+00 0.0000000000e+00 0.0000000000e+00 0.0000000000e+00 0.0000000000e+00 0.0000000000e+00 0.0000000000e+00 0.0000000000e+00 0.0000000000e+00 0.0000000000e+00 0.0000000000e+00 0.0000000000e+00 0.0000000000e+00 0.0000000000e+00 0.0000000000e+00 0.0000000000e+00 0.0000000000e+00 0.0000000000e+00 0.0000000000e+00 0.0000000000e+00 0.0000000000e+00 0.0000000000e+00 4.5761488084e-04 5.8891535367e-04 7.5385869112e-04 9.6005780443e-04 1.2162485053e-03 1.5327559455e-03 1.9217959456e-03 2.3969846412e-03 2.9744205957e-03 3.6720636425e-03 4.5099333254e-03 5.5113300696e-03 6.7005922805e-03 8.1054176327e-03 9.7558006545e-03 1.1683011826e-02 1.3921991918e-02 1.6507636221e-02 1.9476845531e-02 2.2868538766e-02 2.6719414436e-02 3.1068447276e-02 3.5952024062e-02 4.1404056214e-02 4.7459241607e-02 5.4143703303e-02 6.1482631744e-02 6.9495447288e-02 7.8193109668e-02 8.7583626542e-02 9.7663376320e-02 1.0842230820e-01 1.1984343183e-01 1.3189716691e-01 1.4454882535e-01 1.5775292121e-01 1.7145547451e-01 1.8559740056e-01 2.0010900782e-01 2.1491713332e-01 2.2994309948e-01 2.4510417143e-01 2.6031598245e-01 2.7549287613e-01 2.9055011573e-01 3.0540427452e-01 3.1997655813e-01 3.3419136857e-01 3.4797980164e-01 3.6128038787e-01 3.7403613647e-01 3.8620274690e-01 3.9774127990e-01 4.0862191881e-01 4.1882591227e-01 4.2833905726e-01 4.3715930766e-01 4.4529057135e-01 4.5274191149e-01 4.5953257257e-01 4.6568310247e-01 4.7122075148e-01 4.7617638921e-01 4.8058015146e-01 4.8446835965e-01 4.8787472957e-01 4.9083331076e-01 4.9337858234e-01 4.9554095229e-01 4.9735079919e-01 4.9883462801e-01 5.0001489467e-01 5.0091207165e-01 5.0154096130e-01 5.0191300298e-01 5.0203533126e-01 5.0190921824e-01 5.0153337080e-01 5.0090051090e-01 4.9999915238e-01 4.9881445403e-01 4.9732587741e-01 4.9551088749e-01 4.9334295408e-01 4.9079166208e-01 4.8782657670e-01 4.8441320779e-01 4.8051745323e-01 4.7610562881e-01 4.7114144724e-01 4.6559480399e-01 4.5943481342e-01 4.5263434192e-01 4.4517287629e-01 4.3703135049e-01 4.2820066374e-01 4.1867712471e-01 4.0846285415e-01 3.9757215544e-01 3.8602394762e-01 3.7384817293e-01 3.6108390598e-01 3.4777555477e-01 3.3398026224e-01 3.1975955593e-01 3.0518246985e-01 2.9032468032e-01 2.7526502030e-01 2.6008697279e-01 2.4487529394e-01 2.2971562928e-01 2.1469232713e-01 1.9988807321e-01 1.8538148691e-01 1.7124564862e-01 1.5755015489e-01 1.4435397774e-01 1.3171098034e-01 1.1966650740e-01 1.0825512843e-01 9.7506291748e-02 8.7436852447e-02 7.8056733389e-02 6.9369445110e-02 6.1366864462e-02 5.4037933567e-02 4.7363149290e-02 4.1317244379e-02 3.5874031951e-02 3.0998772942e-02 2.6657519321e-02 2.2813860994e-02 1.9428815907e-02 1.6465680271e-02 1.3885548522e-02 1.1651533705e-02 9.7287622284e-03 8.0823242899e-03 6.6809779746e-03 5.4947638936e-03 4.4960207608e-03 3.6604441876e-03 2.9647710321e-03 2.3890158730e-03 1.9152519248e-03 1.5274123399e-03 1.2119092495e-03 9.5655400689e-04 7.5104541340e-04 5.8666902178e-04 4.5583141464e-04 0.0000000000e+00 0.0000000000e+00 0.0000000000e+00 0.0000000000e+00 0.0000000000e+00 0.0000000000e+00 0.0000000000e+00 0.0000000000e+00 0.0000000000e+00 0.0000000000e+00 0.0000000000e+00 0.0000000000e+00 0.0000000000e+00 0.0000000000e+00 0.0000000000e+00 0.0000000000e+00 0.0000000000e+00 0.0000000000e+00 0.0000000000e+00 0.0000000000e+00 0.0000000000e+00 0.0000000000e+00 0.0000000000e+00 0.0000000000e+00 0.0000000000e+00
0.0000000000e+00 0.0000000000e+00 0.0000000000e+00 0.0000000000e+00 0.0000000000e+00 0.0000000000e+00 0.0000000000e+00 0.0000000000e+00 0.0000000000e+00 0.0000000000e+00 0.0000000000e+00 0.0000000000e+00 0.0000000000e+00 0.0000000000e+00 0.0000000000e+00 0.0000000000e+00 0.0000000000e+00 0.0000000000e+00 0.0000000000e+00 0.0000000000e+00 0.0000000000e+00 0.0000000000e+00 0.0000000000e+00 0.0000000000e+00 1.4842943670e-04 8.1510030323e-04 1.0489757341e-03 1.3427777103e-03 1.7100671071e-03 2.1664049571e-03 2.7301835234e-03 3.4231632259e-03 4.2695985311e-03 5.2981662825e-03 6.5408592208e-03 8.0333386281e-03 9.8171111444e-03 1.1935533379e-02 1.4437941542e-02 1.7377770610e-02 2.0810723798e-02 2.4799044746e-02 2.9404892574e-02 3.4694008168e-02 4.0735717511e-02 4.7595400000e-02 5.5342484827e-02 6.4041794899e-02 7.3753735648e-02 8.4540128080e-02 9.6447509067e-02 1.0952075230e-01 1.2379445912e-01 1.3928815516e-01 1.5601611640e-01 1.7397188862e-01 1.9313758489e-01 2.1348292482e-01 2.3495523375e-01 2.5749268617e-01 2.8101430222e-01 3.0542391138e-01 3.3061624050e-01 3.5646718233e-01 3.8284634224e-01 4.0961362380e-01 4.3662162554e-01 4.6372004051e-01 4.9075630716e-01 5.1757945240e-01 5.4404084323e-01 5.7000013734e-01 5.9532265963e-01 6.1988564363e-01 6.4357960081e-01 6.6630299217e-01 6.8797687914e-01 7.0853189837e-01 7.2791500877e-01 7.4609269179e-01 7.6303966159e-01 7.7875238614e-01 7.9323760173e-01 8.0651171248e-01 8.1860878331e-01 8.2956561203e-01 8.3943053610e-01 8.4825873170e-01 8.5610374239e-01 8.6303040503e-01 8.6909860326e-01 8.7436917045e-01 8.7890343864e-01 8.8275560028e-01 8.8597978641e-01 8.8862316605e-01 8.9072574820e-01 8.9232413258e-01 8.9344451359e-01 8.9410727833e-01 8.9432538051e-01 8.9410080147e-01 8.9343138223e-01 8.9230418275e-01 8.9069859730e-01 8.8858836999e-01 8.8593674397e-01 8.8270369656e-01 8.7884196993e-01 8.7429736473e-01 8.6901554502e-01 8.6293523341e-01 8.5599563754e-01 8.4813669614e-01 8.3929380461e-01 8.2941332377e-01 8.1844020042e-01 8.0632615174e-01 7.9303468736e-01 7.7853162624e-01 7.6280099467e-01 7.4583606319e-01 7.2764064737e-01 7.0824021409e-01 6.8766850397e-01 6.6597878695e-01 6.4324071675e-01 6.1953337201e-01 5.9495855133e-01 5.6962586966e-01 5.4365828818e-01 5.1719061520e-01 4.9036329553e-01 4.6332505439e-01 4.3622686489e-01 4.0922128515e-01 3.8245860844e-01 3.5608610303e-01 3.3024385681e-01 3.0506200135e-01 2.8066457217e-01 2.5715663235e-01 2.3463408935e-01 2.1317778129e-01 1.9284924328e-01 1.7370096383e-01 1.5576297906e-01 1.3905294449e-01 1.2357713754e-01 1.0932108324e-01 9.6265083457e-02 8.4374394653e-02 7.3604011188e-02 6.3907280902e-02 5.5222320017e-02 4.7488650081e-02 4.0641418726e-02 3.4611173274e-02 2.9332535608e-02 2.4736192343e-02 2.0756436753e-02 1.7331141104e-02 1.4398115665e-02 1.1901707181e-02 9.7885425912e-03 8.0093460548e-03 6.5208211704e-03 5.2815255358e-03 4.2558565293e-03 3.4118781757e-03 2.7209687954e-03 2.1589221875e-03 1.7040251296e-03 1.3379266185e-03 1.0451022973e-03 8.1202503798e-04 1.4785841837e-04 0.0000000000e+00 0.0000000000e+00 0.0000000000e+00 0.0000000000e+00 0.0000000000e+00 0.0000000000e+00 0.0000000000e+00 0.0000000000e+00 0.0000000000e+00 0.0000000000e+00 0.0000000000e+00 0.0000000000e+00 0.0000000000e+00 0.0000000000e+00 0.0000000000e+00 0.0000000000e+00 0.0000000000e+00 0.0000000000e+00 0.0000000000e+00 0.0000000000e+00 0.0000000000e+00 0.0000000000e+00 0.0000000000e+00 0.0000000000e+00
0.0000000000e+00 0.0000000000e+00 0.0000000000e+00 0.0000000000e+00 0.0000000000e+00 0.0000000000e+00 0.0000000000e+00 0.0000000000e+00 0.0000000000e+00 0.0000000000e+00 0.0000000000e+00 0.0000000000e+00 0.0000000000e+00 0.0000000000e+00 0.0000000000e+00 0.0000000000e+00 0.0000000000e+00 0.0000000000e+00 0.0000000000e+00 0.0000000000e+00 0.0000000000e+00 0.0000000000e+00 0.0000000000e+00 0.0000000000e+00 1.1133630858e-03 1.4402952900e-03 1.8535637460e-03 2.3727269454e-03 3.0217487622e-03 3.8281268605e-03 4.8243632756e-03 6.0489112203e-03 7.5446320685e-03 9.3622022000e-03 1.1558156652e-02 1.4195516899e-02 1.7347629529e-02 2.1091113359e-02 2.5513158181e-02 3.0708190014e-02 3.6774648050e-02 4.3822529461e-02 5.1961686310e-02 6.1308294011e-02 7.1984867548e-02 8.4106946152e-02 9.7797230629e-02 1.1317027860e-01 1.3033284787e-01 1.4939419437e-01 1.7043655353e-01 1.9353924442e-01 2.1876342196e-01 2.4614359325e-01 2.7570500043e-01 3.0743621867e-01 3.4130566116e-01 3.7725986606e-01 4.1520566069e-01 4.5503389218e-01 4.9660137505e-01 5.3973821544e-01 5.8425835266e-01 6.2994244239e-01 6.7656013358e-01 7.2386376461e-01 7.7159285239e-01 8.1948179114e-01 8.6726093049e-01 9.1466353389e-01 9.6142682500e-01 1.0073029308e+00 1.0520537092e+00 1.0954622634e+00 1.1373350749e+00 1.1774927186e+00 1.2157956653e+00 1.2521214482e+00 1.2863760450e+00 1.3185004484e+00 1.3484499330e+00 1.3762180911e+00 1.4018171176e+00 1.4252757410e+00 1.4466543187e+00 1.4660177875e+00 1.4834515461e+00 1.4990531083e+00 1.5129173620e+00 1.5251584575e+00 1.5358825612e+00 1.5451969888e+00 1.5532101646e+00 1.5600179996e+00 1.5657159441e+00 1.5703875676e+00 1.5741034976e+00 1.5769283282e+00 1.5789084528e+00 1.5800799009e+00 1.5804655054e+00 1.5800688181e+00 1.5788860318e+00 1.5768941160e+00 1.5740570528e+00 1.5703280051e+00 1.5656424104e+00 1.5599291819e+00 1.5531050811e+00 1.5450740976e+00 1.5357404770e+00 1.5249956593e+00 1.5127323878e+00 1.4988443524e+00 1.4832176018e+00 1.4657572189e+00 1.4463659102e+00 1.4249583878e+00 1.4014699821e+00 1.3758405232e+00 1.3480416179e+00 1.3180614008e+00 1.2859066049e+00 1.2516223525e+00 1.2152681063e+00 1.1769381406e+00 1.1367553342e+00 1.0948596082e+00 1.0514308178e+00 1.0066626537e+00 9.6077238388e-01 9.1399826437e-01 8.6658856659e-01 8.1880605217e-01 7.7091746396e-01 7.2319254064e-01 6.7589678207e-01 6.2929051500e-01 5.8362126021e-01 5.3911906706e-01 4.9600306731e-01 4.5445895639e-01 4.1465627970e-01 3.7673781912e-01 3.4081238000e-01 3.0697271970e-01 2.7527191537e-01 2.4574120470e-01 2.1839164714e-01 1.9319767027e-01 1.7012448263e-01 1.4911067206e-01 1.3007670954e-01 1.1294017149e-01 9.7591661674e-02 8.3924332539e-02 7.1823549494e-02 6.1166592487e-02 5.1837906322e-02 4.3715013561e-02 3.6681781916e-02 3.0628423047e-02 2.5445029947e-02 2.1033250337e-02 1.7298760211e-02 1.4154475331e-02 1.1523880915e-02 9.3337375302e-03 7.5211261380e-03 6.0296083351e-03 4.8086016059e-03 3.8153279396e-03 3.0114142284e-03 2.3644295093e-03 1.8469385742e-03 1.4350354161e-03 1.1092103079e-03 0.0000000000e+00 0.0000000000e+00 0.0000000000e+00 0.0000000000e+00 0.0000000000e+00 0.0000000000e+00 0.0000000000e+00 0.0000000000e+00 0.0000000000e+00 0.0000000000e+00 0.0000000000e+00 0.0000000000e+00 0.0000000000e+00 0.0000000000e+00 0.0000000000e+00 0.0000000000e+00 0.0000000000e+00 0.0000000000e+00 0.0000000000e+00 0.0000000000e+00 0.0000000000e+00 0.0000000000e+00 0.0000000000e+00 0.0000000000e+00
0.0000000000e+00 0.0000000000e+00 0.0000000000e+00 0.0000000000e+00 0.0000000000e+00 0.0000000000e+00 0.0000000000e+00 0.0000000000e+00 0.0000000000e+00 0.0000000000e+00 0.0000000000e+00 0.0000000000e+00 0.0000000000e+00 0.0000000000e+00 0.0000000000e+00 0.0000000000e+00 0.0000000000e+00 0.0000000000e+00 0.0000000000e+00 0.0000000000e+00 0.0000000000e+00 0.0000000000e+00 0.0000000000e+00 1.4987569399e-03 1.9490930719e-03 2.5214414060e-03 3.2449381096e-03 4.1538248569e-03 5.2900555174e-03 6.7017724531e-03 8.4458779774e-03 1.0589693750e-02 1.3208261046e-02 1.6390300251e-02 2.0234795033e-02 2.4852079464e-02 3.0370568602e-02 3.6924407706e-02 4.4666246176e-02 5.3761405439e-02 6.4382241842e-02 7.6721332153e-02 9.0971015330e-02 1.0733468740e-01 1.2602686374e-01 1.4724982878e-01 1.7121841840e-01 1.9813320697e-01 2.2818113495e-01 2.6155346227e-01 2.9839420715e-01 3.3884224754e-01 3.8300466503e-01 4.3094187680e-01 4.8269807857e-01 5.3825334235e-01 5.9755232058e-01 6.6050141579e-01 7.2693755699e-01 7.9666960791e-01 8.6944693343e-01 9.4497195462e-01 1.0229191349e+00 1.1029042139e+00 1.1845240234e+00 1.2673449198e+00 1.3509108053e+00 1.4347566785e+00 1.5184104185e+00 1.6014050378e+00 1.6832804629e+00 1.7636025388e+00 1.8419544506e+00 1.9179564202e+00 1.9912695628e+00 2.0615798090e+00 2.1286428191e+00 2.1922439504e+00 2.2522189841e+00 2.3084643311e+00 2.3609017221e+00 2.4095200034e+00 2.4543404635e+00 2.4954132663e+00 2.5328444075e+00 2.5667472120e+00 2.5972714110e+00 2.6245877224e+00 2.6488621453e+00 2.6702947854e+00 2.6890712727e+00 2.7053796129e+00 2.7194098771e+00 2.7313294902e+00 2.7413060193e+00 2.7494855071e+00 2.7559916825e+00 2.7609377287e+00 2.7644049207e+00 2.7664563192e+00 2.7671315768e+00 2.7664374625e+00 2.7643668521e+00 2.7608798059e+00 2.7559129574e+00 2.7493845660e+00 2.7411812635e+00 2.7311790739e+00 2.7192316435e+00 2.7051714567e+00 2.6888305230e+00 2.6700189364e+00 2.6485486555e+00 2.6242338452e+00 2.5968749601e+00 2.5663054819e+00 2.5323554653e+00 2.4948753809e+00 2.4537520843e+00 2.4088800217e+00 2.3602096269e+00 2.3077202224e+00 2.2514234199e+00 2.1913981879e+00 2.1277485937e+00 2.0606397557e+00 1.9902869517e+00 1.9169349153e+00 1.8408985622e+00 1.7625171587e+00 1.6821711241e+00 1.6002775003e+00 1.5172708312e+00 1.4336113260e+00 1.3497660624e+00 1.2662071920e+00 1.1833996488e+00 1.1017992114e+00 1.0218392363e+00 9.4392260048e-01 8.6843281628e-01 7.9569512976e-01 7.2600638249e-01 6.5961656815e-01 5.9671623362e-01 5.3746772725e-01 4.8196405632e-01 4.3025985103e-01 3.8237451802e-01 3.3826328753e-01 2.9786526979e-01 2.6107291178e-01 2.2774699396e-01 1.9774319012e-01 1.7087000090e-01 1.4694032139e-01 1.2575344979e-01 1.0709451703e-01 9.0761226395e-02 7.6539108933e-02 6.4224848757e-02 5.3626218458e-02 4.4550784019e-02 3.6826343030e-02 3.0287745770e-02 2.4782523678e-02 2.0176706488e-02 1.6342062135e-02 1.3168425220e-02 1.0556981488e-02 8.4191674008e-03 6.6800832132e-03 5.2725425566e-03 4.1397639614e-03 3.2337110923e-03 2.5125282245e-03 1.9420560932e-03 1.4932324444e-03 0.0000000000e+00 0.0000000000e+00 0.0000000000e+00 0.0000000000e+00 0.0000000000e+00 0.0000000000e+00 0.0000000000e+00 0.0000000000e+00 0.0000000000e+00 0.0000000000e+00 0.0000000000e+00 0.0000000000e+00 0.0000000000e+00 0.0000000000e+00 0.0000000000e+00 0.0000000000e+00 0.0000000000e+00 0.0000000000e+00 0.0000000000e+00 0.0000000000e+00 0.0000000000e+00 0.0000000000e+00 0.0000000000e+00
0.0000000000e+00 0.0000000000e+00 0.0000000000e+00 0.0000000000e+00 0.0000000000e+00 0.0000000000e+00 0.0000000000e+00 0.0000000000e+00 0.0000000000e+00 0.0000000000e+00 0.0000000000e+00 0.0000000000e+00 0.0000000000e+00 0.0000000000e+00 0.0000000000e+00 0.0000000000e+00 0.0000000000e+00 0.0000000000e+00 0.0000000000e+00 0.0000000000e+00 0.0000000000e+00 0.0000000000e+00 1.9891339403e-03 2.6007901293e-03 3.3822697998e-03 4.3754838818e-03 5.6309947184e-03 7.2082254901e-03 9.1799826092e-03 1.1629813082e-02 1.4656465017e-02 1.8376771393e-02 2.2920958624e-02 2.8442997696e-02 3.5114666199e-02 4.3127442144e-02 5.2704189509e-02 6.4077704460e-02 7.7512907386e-02 9.3296712760e-02 1.1172823665e-01 1.3314169506e-01 1.5787088331e-01 1.8626880715e-01 2.1870775351e-01 2.5553879618e-01 2.9713477741e-01 3.4384383562e-01 3.9599034830e-01 4.5390633696e-01 5.1784169021e-01 5.8803747279e-01 6.6467958266e-01 7.4787281269e-01 8.3769402699e-01 9.3410848642e-01 1.0370202245e+00 1.1462668687e+00 1.2615653962e+00 1.3825840866e+00 1.5088879937e+00 1.6399607774e+00 1.7752372409e+00 1.9140507106e+00 2.0557013924e+00 2.1994367660e+00 2.3444653185e+00 2.4899800332e+00 2.6351613690e+00 2.7791990002e+00 2.9212942862e+00 3.0606940430e+00 3.1966747459e+00 3.3285769688e+00 3.4558132037e+00 3.5778375684e+00 3.6942266150e+00 3.8046075859e+00 3.9086954054e+00 4.0063103100e+00 4.0973166404e+00 4.1816947083e+00 4.2594816017e+00 4.3307647645e+00 4.3957273119e+00 4.4545665137e+00 4.5075421703e+00 4.5549503269e+00 4.5970794640e+00 4.6342764667e+00 4.6668635572e+00 4.6951673581e+00 4.7195170814e+00 4.7402041417e+00 4.7575189028e+00 4.7717146517e+00 4.7830068362e+00 4.7915911329e+00 4.7976088259e+00 4.8011694082e+00 4.8023419243e+00 4.8011376651e+00 4.7975449171e+00 4.7914937718e+00 4.7828746460e+00 4.7715451875e+00 4.7573094191e+00 4.7399514894e+00 4.7192178844e+00 4.6948175276e+00 4.6664590844e+00 4.6338127982e+00 4.5965527275e+00 4.5543560952e+00 4.5068760919e+00 4.4538245712e+00 4.3949060263e+00 4.3298609782e+00 4.2584930781e+00 4.1806196961e+00 4.0961540193e+00 4.0050602439e+00 3.9073588507e+00 3.8031863821e+00 3.6927241068e+00 3.5762583406e+00 3.4541620955e+00 3.3268608523e+00 3.1949007666e+00 3.0588706704e+00 2.9194305610e+00 2.7773045588e+00 2.6332467865e+00 2.4880556943e+00 2.3425421002e+00 2.1975253935e+00 2.0538124714e+00 1.9121942896e+00 1.7734229300e+00 1.6381976224e+00 1.5071841847e+00 1.3809469072e+00 1.2600009349e+00 1.1447803017e+00 1.0356156020e+00 9.3278862814e-01 8.3646078546e-01 7.4672700198e-01 6.6362092712e-01 5.8706483197e-01 5.1695304864e-01 4.5309899936e-01 3.9526101132e-01 3.4318861508e-01 2.9654946206e-01 2.5501884176e-01 2.1824843453e-01 1.8586533717e-01 1.5751845560e-01 1.3283557634e-01 1.1146383408e-01 9.3069614647e-02 7.7318948071e-02 6.3912969787e-02 5.2565061831e-02 4.3010602883e-02 3.5017089214e-02 2.8361966951e-02 2.2854044171e-02 1.8321823270e-02 1.4611598697e-02 1.1593381310e-02 9.1505664590e-03 7.1846078646e-03 5.6121373673e-03 4.3605129718e-03 3.3704505056e-03 2.5915112490e-03 1.9818908828e-03 0.0000000000e+00 0.0000000000e+00 0.0000000000e+00 0.0000000000e+00 0.0000000000e+00 0.0000000000e+00 0.0000000000e+00 0.0000000000e+00 0.0000000000e+00 0.0000000000e+00 0.0000000000e+00 0.0000000000e+00 0.0000000000e+00 0.0000000000e+00 0.0000000000e+00 0.0000000000e+00 0.0000000000e+00 0.0000000000e+00 0.0000000000e+00 0.0000000000e+00 0.0000000000e+00 0.0000000000e+00
0.0000000000e+00 0.0000000000e+00 0.0000000000e+00 0.0000000000e+00 0.0000000000e+00 0.0000000000e+00 0.0000000000e+00 0.0000000000e+00 0.0000000000e+00 0.0000000000e+00 0.0000000000e+00 0.0000000000e+00 0.0000000000e+00 0.0000000000e+00 0.0000000000e+00 0.0000000000e+00 0.0000000000e+00 0.0000000000e+00 0.0000000000e+00 0.0000000000e+00 0.0000000000e+00 2.6041166720e-03 3.4223519670e-03 4.4747367038e-03 5.8193160615e-03 7.5282020751e-03 9.6883935495e-03 1.2402135305e-02 1.5794699248e-02 2.0009839579e-02 2.5217467682e-02 3.1618609185e-02 3.9437341038e-02 4.8938594965e-02 6.0417938652e-02 7.4204851258e-02 9.0682795948e-02 1.1025235650e-01 1.3336937492e-01 1.6052754014e-01 1.9224152589e-01 2.2908646309e-01 2.7163669207e-01 3.2049962268e-01 3.7631589976e-01 4.3968961258e-01 5.1126230563e-01 5.9163306360e-01 6.8136009612e-01 7.8101466228e-01 8.9102687641e-01 1.0118115304e+00 1.1436884398e+00 1.2868381540e+00 1.4413927293e+00 1.6072925688e+00 1.7843726345e+00 1.9723534475e+00 2.1707480364e+00 2.3789856182e+00 2.5963178830e+00 2.8218563748e+00 3.0546285160e+00 3.2934872305e+00 3.5372284425e+00 3.7845568730e+00 4.0341108929e+00 4.2845016998e+00 4.5343192376e+00 4.7821689394e+00 5.0266768487e+00 5.2665466445e+00 5.5005330949e+00 5.7275023716e+00 5.9464420810e+00 6.1564144125e+00 6.3566896677e+00 6.5466271680e+00 6.7257354767e+00 6.8937060912e+00 7.0503046075e+00 7.1954978713e+00 7.3293494808e+00 7.4520094543e+00 7.5637940493e+00 7.6650414496e+00 7.7561991589e+00 7.8377771605e+00 7.9102706776e+00 7.9742773765e+00 8.0303520724e+00 8.0790560311e+00 8.1209562395e+00 8.1565537892e+00 8.1863482043e+00 8.2107762071e+00 8.2302074689e+00 8.2449791985e+00 8.2553348299e+00 8.2614623796e+00 8.2634804911e+00 8.2614096145e+00 8.2552285009e+00 8.2448173505e+00 8.2299869949e+00 8.2104937940e+00 8.1859993829e+00 8.1561327742e+00 8.1204580108e+00 8.0784733489e+00 8.0296785922e+00 7.9735055850e+00 7.9093934862e+00 7.8367872115e+00 7.7550897086e+00 7.6638055564e+00 7.5624258650e+00 7.4505044297e+00 7.3277028818e+00 7.1937070155e+00 7.0483680695e+00 6.8916235726e+00 6.7235091721e+00 6.5442601341e+00 6.3541873029e+00 6.1537839146e+00 5.9436921744e+00 5.7246438697e+00 5.4975784218e+00 5.2635095107e+00 5.0235725372e+00 4.7790134647e+00 4.5311301383e+00 4.2812963358e+00 4.0309072633e+00 3.7813730986e+00 3.5340818350e+00 3.2903950782e+00 3.0516065718e+00 2.8189197052e+00 2.5934800208e+00 2.3762587024e+00 2.1681422103e+00 1.9698773404e+00 1.7820329883e+00 1.6050941881e+00 1.4393386537e+00 1.2849296686e+00 1.1419251131e+00 1.0101914561e+00 8.8954680521e-01 7.7966999451e-01 6.8014533269e-01 5.9054176156e-01 5.1028742104e-01 4.3882359515e-01 3.7555090290e-01 3.1982765713e-01 2.7104972496e-01 2.2857662760e-01 1.9180118410e-01 1.6014931156e-01 1.3304633992e-01 1.0997800438e-01 9.0451089638e-02 7.4010265333e-02 6.0255436024e-02 4.8803647407e-02 3.9325906491e-02 3.1527102290e-02 2.5142751258e-02 1.9949170139e-02 1.5745713254e-02 1.2362805599e-02 9.6569920096e-03 7.5032726196e-03 5.7996348092e-03 4.4592859996e-03 3.4102912841e-03 2.5947539055e-03 0.0000000000e+00 0.0000000000e+00 0.0000000000e+00 0.0000000000e+00 0.0000000000e+00 0.0000000000e+00 0.0000000000e+00 0.0000000000e+00 0.0000000000e+00 0.0000000000e+00 0.0000000000e+00 0.0000000000e+00 0.0000000000e+00 0.0000000000e+00 0.0000000000e+00 0.0000000000e+00 0.0000000000e+00 0.0000000000e+00 0.0000000000e+00 0.0000000000e+00 0.0000000000e+00
0.0000000000e+00 0.0000000000e+00 0.0000000000e+00 0.0000000000e+00 0.0000000000e+00 0.0000000000e+00 0.0000000000e+00 0.0000000000e+00 0.0000000000e+00 0.0000000000e+00 0.0000000000e+00 0.0000000000e+00 0.0000000000e+00 0.0000000000e+00 0.0000000000e+00 0.0000000000e+00 0.0000000000e+00 0.0000000000e+00 0.0000000000e+00 0.0000000000e+00 2.6015005557e-03 4.4391312424e-03 5.8339638272e-03 7.6279539611e-03 9.9200524601e-03 1.2833193800e-02 1.6515689055e-02 2.1141838982e-02 2.6925204783e-02 3.4110855476e-02 4.2988448814e-02 5.3900694894e-02 6.7229592296e-02 8.3426798437e-02 1.0299619969e-01 1.2649949078e-01 1.5459040696e-01 1.8795187485e-01 2.2736100423e-01 2.7365947851e-01 3.2772474105e-01 3.9053724252e-01 4.6307617916e-01 5.4637718395e-01 6.4153231547e-01 7.4957155269e-01 8.7158867010e-01 1.0086050280e+00 1.1615723334e+00 1.3314644695e+00 1.5190148470e+00 1.7249305014e+00 1.9497570465e+00 2.1938019838e+00 2.4572908122e+00 2.7401218736e+00 3.0420135586e+00 3.3624899567e+00 3.7007207185e+00 4.0557325680e+00 4.4262499579e+00 4.8107582006e+00 5.2075993856e+00 5.6148176750e+00 6.0303608670e+00 6.4520197461e+00 6.8774734310e+00 7.3043547913e+00 7.7302587977e+00 8.1528085608e+00 8.5696615676e+00 8.9786072710e+00 9.3775237180e+00 9.7644762016e+00 1.0137740827e+01 1.0495716580e+01 1.0837160446e+01 1.1160979495e+01 1.1466337291e+01 1.1752706208e+01 1.2019687343e+01 1.2267225185e+01 1.2495425933e+01 1.2704546865e+01 1.2895125032e+01 1.3067741159e+01 1.3223154605e+01 1.3362234699e+01 1.3485828049e+01 1.3594951939e+01 1.3690553533e+01 1.3773587912e+01 1.3845022898e+01 1.3905712851e+01 1.3956510470e+01 1.3998157284e+01 1.4031285768e+01 1.4056470503e+01 1.4074126419e+01 1.4084574900e+01 1.4088016681e+01 1.4084488256e+01 1.4073951407e+01 1.4056203482e+01 1.4030922349e+01 1.3997691278e+01 1.3955933728e+01 1.3905018268e+01 1.3844200738e+01 1.3772626325e+01 1.3689441026e+01 1.3593678782e+01 1.3484380553e+01 1.3360600890e+01 1.3221323593e+01 1.3065701248e+01 1.2892868367e+01 1.2702062920e+01 1.2492708803e+01 1.2264269549e+01 1.2016491838e+01 1.1749270086e+01 1.1462663562e+01 1.1157073356e+01 1.0833030789e+01 1.0491375215e+01 1.0133202650e+01 9.7597587159e+00 9.3726473231e+00 8.9735952173e+00 8.5645380976e+00 8.1476012763e+00 7.7249958682e+00 7.2990651176e+00 6.8721867257e+00 6.4467657804e+00 6.0251676801e+00 5.6097148299e+00 5.2026123316e+00 4.8059118129e+00 4.4215667279e+00 4.0512324308e+00 3.6964203423e+00 3.3584037376e+00 3.0381525055e+00 2.7364939582e+00 2.4539011061e+00 2.1906525533e+00 1.9468470876e+00 1.7222570615e+00 1.5165722722e+00 1.3292454543e+00 1.1595676695e+00 1.0068041462e+00 8.6997994569e-01 7.4814244350e-01 6.4026991611e-01 5.4526829263e-01 4.6210759963e-01 3.8969594272e-01 3.2699808221e-01 2.7303535290e-01 2.2682796146e-01 1.8749915772e-01 1.5420807603e-01 1.2617841136e-01 1.0272806003e-01 8.3204132754e-02 6.7045724976e-02 5.3749709899e-02 4.2865169589e-02 3.4010753106e-02 2.6844381849e-02 2.1076948972e-02 1.6463879873e-02 1.2792064379e-02 9.8875818942e-03 7.6024628184e-03 5.8140663717e-03 4.4236849505e-03 2.5922726266e-03 0.0000000000e+00 0.0000000000e+00 0.0000000000e+00 0.0000000000e+00 0.0000000000e+00 0.0000000000e+00 0.0000000000e+00 0.0000000000e+00 0.0000000000e+00 0.0000000000e+00 0.0000000000e+00 0.0000000000e+00 0.0000000000e+00 0.0000000000e+00 0.0000000000e+00 0.0000000000e+00 0.0000000000e+00 0.0000000000e+00 0.0000000000e+00 0.0000000000e+00
0.0000000000e+00 0.0000000000e+00 0.0000000000e+00 0.0000000000e+00 0.0000000000e+00 0.0000000000e+00 0.0000000000e+00 0.0000000000e+00 0.0000000000e+00 0.0000000000e+00 0.0000000000e+00 0.0000000000e+00 0.0000000000e+00 0.0000000000e+00 0.0000000000e+00 0.0000000000e+00 0.0000000000e+00 0.0000000000e+00 0.0000000000e+00 0.0000000000e+00 5.6792841952e-03 7.5043097004e-03 9.8622950505e-03 1.2895072665e-02 1.6769925673e-02 2.1694684725e-02 2.7920079037e-02 3.5740782226e-02 4.5517840211e-02 5.7665563604e-02 7.2673651800e-02 9.1121489016e-02 1.1365489918e-01 1.4103745406e-01 1.7412103821e-01 2.1385527257e-01 2.6134539963e-01 3.1774596444e-01 3.8437085731e-01 4.6264302568e-01 5.5404596251e-01 6.6023722944e-01 7.8287241132e-01 9.2370230917e-01 1.0845734249e+00 1.2672270261e+00 1.4735124740e+00 1.7051563263e+00 1.9637679642e+00 2.2509938378e+00 2.5680739854e+00 2.9162039845e+00 3.2963060411e+00 3.7089005644e+00 4.1543684512e+00 4.6325381661e+00 5.1429339124e+00 5.6847505557e+00 6.2565847883e+00 6.8567914873e+00 7.4832132794e+00 8.1332905440e+00 8.8042185217e+00 9.4926928429e+00 1.0195241473e+01 1.0908131974e+01 1.1627438772e+01 1.2349159715e+01 1.3069229460e+01 1.3783628823e+01 1.4488397370e+01 1.5179798248e+01 1.5854243030e+01 1.6508461151e+01 1.7139537163e+01 1.7744765395e+01 1.8322044160e+01 1.8869524794e+01 1.9385792803e+01 1.9869956951e+01 2.0321342610e+01 2.0739854461e+01 2.1125674718e+01 2.1479235773e+01 2.1801448363e+01 2.2093290022e+01 2.2356049198e+01 2.2591193119e+01 2.2800153922e+01 2.2984650947e+01 2.3146284336e+01 2.3286672032e+01 2.3407448524e+01 2.3510058130e+01 2.3595941232e+01 2.3666355289e+01 2.3722367407e+01 2.3764950231e+01 2.3794802934e+01 2.3812468101e+01 2.3818290745e+01 2.3812326144e+01 2.3794514563e+01 2.3764512823e+01 2.3721773360e+01 2.3665592562e+01 2.3594998591e+01 2.3508921565e+01 2.3406102724e+01 2.3285098564e+01 2.3144465088e+01 2.2982566427e+01 2.2797784874e+01 2.2588520388e+01 2.2353052560e+01 2.2089953291e+01 2.1797754965e+01 2.1475171019e+01 2.1121228323e+01 2.0735018327e+01 2.0316113533e+01 1.9864333360e+01 1.9379780574e+01 1.8863132321e+01 1.8315286712e+01 1.7737661564e+01 1.7132110906e+01 1.6500741217e+01 1.5846263198e+01 1.5171596449e+01 1.4480013942e+01 1.3775108003e+01 1.3060617800e+01 1.2340503371e+01 1.1618787869e+01 1.0899534072e+01 1.0186744144e+01 9.4843419986e+00 8.7960578042e+00 8.1253596932e+00 7.4755495715e+00 6.8494273255e+00 6.2495477365e+00 5.6780637759e+00 5.1366156138e+00 4.6266014286e+00 4.1488214586e+00 3.7037466991e+00 3.2915443741e+00 2.9118292906e+00 2.5640771758e+00 2.2473628196e+00 1.9604876658e+00 1.7022094949e+00 1.4708799538e+00 1.2648886293e+00 1.0825077805e+00 9.2188789760e-01 7.8128754787e-01 6.5886062886e-01 5.5285697835e-01 4.6162181348e-01 3.8349869413e-01 3.1700524637e-01 2.6071983086e-01 2.1332993460e-01 1.7368232307e-01 1.4067314044e-01 1.1335406868e-01 9.0874461097e-02 7.2471954615e-02 5.7501789152e-02 4.5385610842e-02 3.5634621495e-02 2.7835319727e-02 2.1627396002e-02 1.6716805354e-02 1.2853371315e-02 9.8297449164e-03 7.4790415705e-03 5.6597807324e-03 0.0000000000e+00 0.0000000000e+00 0.0000000000e+00 0.0000000000e+00 0.0000000000e+00 0.0000000000e+00 0.0000000000e+00 0.0000000000e+00 0.0000000000e+00 0.0000000000e+00 0.0000000000e+00 0.0000000000e+00 0.0000000000e+00 0.0000000000e+00 0.0000000000e+00 0.0000000000e+00 0.0000000000e+00 0.0000000000e+00 0.0000000000e+00 0.0000000000e+00
0.0000000000e+00 0.0000000000e+00 0.0000000000e+00 0.0000000000e+00 0.0000000000e+00 0.0000000000e+00 0.0000000000e+00 0.0000000000e+00 0.0000000000e+00 0.0000000000e+00 0.0000000000e+00 0.0000000000e+00 0.0000000000e+00 0.0000000000e+00 0.0000000000e+00 0.0000000000e+00 0.0000000000e+00 0.0000000000e+00 0.0000000000e+00 7.1625437050e-03 9.5145918166e-03 1.2572128064e-02 1.6522564683e-02 2.1603528216e-02 2.8095284417e-02 3.6346031282e-02 4.6775843051e-02 5.9878422366e-02 7.6258672631e-02 9.6610739519e-02 1.2175507317e-01 1.5266241295e-01 1.9041477022e-01 2.3629149797e-01 2.9171989274e-01 3.5829096413e-01 4.3785654441e-01 5.3235104979e-01 6.4397583507e-01 7.7511496986e-01 9.2825411466e-01 1.1061705285e+00 1.3116380702e+00 1.5475902646e+00 1.8171208546e+00 2.1231474715e+00 2.4687686312e+00 2.8568775902e+00 3.2901703504e+00 3.7714063813e+00 4.3026628353e+00 4.8859434327e+00 5.5227932093e+00 6.2140846460e+00 6.9604551474e+00 7.7616185697e+00 8.6167777047e+00 9.5245828922e+00 1.0482683413e+01 1.1488323100e+01 1.2537887799e+01 1.3627087725e+01 1.4751226156e+01 1.5904763510e+01 1.7081884093e+01 1.8276333910e+01 1.9481536305e+01 2.0690784006e+01 2.1897266680e+01 2.3094248759e+01 2.4275097052e+01 2.5433547354e+01 2.6563588760e+01 2.7659741659e+01 2.8717120543e+01 2.9731191891e+01 3.0698433193e+01 3.1615748649e+01 3.2480767900e+01 3.3291994700e+01 3.4048303864e+01 3.4749530453e+01 3.5395981346e+01 3.5988382582e+01 3.6528259290e+01 3.7017247025e+01 3.7457507625e+01 3.7851498919e+01 3.8201616979e+01 3.8510747543e+01 3.8781570859e+01 3.9016795450e+01 3.9219161129e+01 3.9391086985e+01 3.9534987232e+01 3.9652970723e+01 3.9746821853e+01 3.9818171791e+01 3.9868191661e+01 3.9897797062e+01 3.9907554124e+01 3.9897564660e+01 3.9867726184e+01 3.9817462477e+01 3.9745858392e+01 3.9651734817e+01 3.9533460601e+01 3.9389243730e+01 3.9216978260e+01 3.9014244932e+01 3.8778620117e+01 3.8507369063e+01 3.8197775561e+01 3.7847162645e+01 3.7452648509e+01 3.7011835772e+01 3.6522269143e+01 3.5981791224e+01 3.5388771135e+01 3.4741688575e+01 3.4039822178e+01 3.3282876722e+01 3.2471017918e+01 3.1605384002e+01 3.0687474431e+01 2.9719672566e+01 2.8705077621e+01 2.7647224314e+01 2.6550649041e+01 2.5420246798e+01 2.4261502105e+01 2.3080431163e+01 2.1883299501e+01 2.0676745772e+01 1.9467506128e+01 1.8262390452e+01 1.7068103909e+01 1.5891220916e+01 1.4737991828e+01 1.3614226916e+01 1.2525460033e+01 1.1476380517e+01 1.0471271538e+01 9.5137389962e+00 8.6065315386e+00 7.7519911554e+00 6.9514599558e+00 6.2057265667e+00 5.5150714919e+00 4.8788492710e+00 4.2961815097e+00 3.7655182385e+00 3.2848509880e+00 2.8520989902e+00 2.4644998871e+00 2.1193554927e+00 1.8137712805e+00 1.5446481118e+00 1.3090681577e+00 1.1039383504e+00 9.2632619936e-01 7.7345912271e-01 6.4256161656e-01 5.3114997070e-01 4.3684220275e-01 3.5743915956e-01 2.9100854026e-01 2.3570080554e-01 1.8992700432e-01 1.5226188695e-01 1.2142805420e-01 9.6345205335e-02 7.6044286739e-02 5.9706304179e-02 4.6638425438e-02 3.6236941147e-02 2.8009163923e-02 2.1535922574e-02 1.6469795874e-02 1.2531164594e-02 9.4829743884e-03 7.1382767006e-03 0.0000000000e+00 0.0000000000e+00 0.0000000000e+00 0.0000000000e+00 0.0000000000e+00 0.0000000000e+00 0.0000000000e+00 0.0000000000e+00 0.0000000000e+00 0.0000000000e+00 0.0000000000e+00 0.0000000000e+00 0.0000000000e+00 0.0000000000e+00 0.0000000000e+00 0.0000000000e+00 0.0000000000e+00 0.0000000000e+00 0.0000000000e+00
0.0000000000e+00 0.0000000000e+00 0.0000000000e+00 0.0000000000e+00 0.0000000000e+00 0.0000000000e+00 0.0000000000e+00 0.0000000000e+00 0.0000000000e+00 0.0000000000e+00 0.0000000000e+00 0.0000000000e+00 0.0000000000e+00 0.0000000000e+00 0.0000000000e+00 0.0000000000e+00 0.0000000000e+00 0.0000000000e+00 8.9052441868e-03 1.1891878046e-02 1.5797006317e-02 2.0873479008e-02 2.7432472014e-02 3.5868524627e-02 4.6646989424e-02 6.0346003183e-02 7.7663050433e-02 9.9417866485e-02 1.2661482990e-01 1.6040649278e-01 2.0215516021e-01 2.5347260398e-01 3.1615548767e-01 3.9232800825e-01 4.8436007559e-01 5.9489353703e-01 7.2700315245e-01 8.8390091409e-01 1.0692421103e+00 1.2869854024e+00 1.5412578893e+00 1.8366714729e+00 2.1778317454e+00 2.5696098198e+00 3.0171429329e+00 3.5252755824e+00 4.0991532818e+00 4.7435795851e+00 5.4630320539e+00 6.2620919601e+00 7.1442096537e+00 8.1127110360e+00 9.1701632492e+00 1.0318013938e+01 1.1557323354e+01 1.2887614824e+01 1.4307565540e+01 1.5814936203e+01 1.7405821304e+01 1.9075645168e+01 2.0818407862e+01 2.2626985271e+01 2.4493579409e+01 2.6408991256e+01 2.8363566544e+01 3.0346916255e+01 3.2348123577e+01 3.4356051313e+01 3.6359388726e+01 3.8346954521e+01 4.0307729397e+01 4.2231315691e+01 4.4107731533e+01 4.5927878194e+01 4.7683641488e+01 4.9367494323e+01 5.0973588065e+01 5.2496781575e+01 5.3933137740e+01 5.5280173743e+01 5.6536018149e+01 5.7700400108e+01 5.8773828137e+01 5.9757507931e+01 6.0653970561e+01 6.1465934715e+01 6.2196982747e+01 6.2851205216e+01 6.3432576121e+01 6.3945888698e+01 6.4395592638e+01 6.4786181599e+01 6.5122209101e+01 6.5407694777e+01 6.5646643666e+01 6.5842554423e+01 6.5998399387e+01 6.6116877844e+01 6.6199942010e+01 6.6249103717e+01 6.6265312182e+01 6.6248733630e+01 6.6199194940e+01 6.6115740103e+01 6.5996849514e+01 6.5840568840e+01 6.5644188167e+01 6.5404734112e+01 6.5118702269e+01 6.4782081241e+01 6.4390848773e+01 6.3940457533e+01 6.3426406429e+01 6.2844239280e+01 6.2189177110e+01 6.1457237243e+01 6.0644346104e+01 5.9746915590e+01 5.8762243492e+01 5.7687798102e+01 5.6522388858e+01 5.5265519455e+01 5.3917466058e+01 5.2480121288e+01 5.0955974492e+01 4.9348979648e+01 4.7664289382e+01 4.5907758838e+01 4.4086934564e+01 4.2209939088e+01 4.0285879900e+01 3.8324745835e+01 3.6336942088e+01 3.4333489375e+01 3.2325576876e+01 3.0324508164e+01 2.8341419680e+01 2.6387227463e+01 2.4472311137e+01 2.2606316478e+01 2.0798435460e+01 1.9056452916e+01 1.7387480517e+01 1.5797508912e+01 1.4291099642e+01 1.2872143945e+01 1.1542867479e+01 1.0304582652e+01 9.1577540293e+00 8.1013102140e+00 7.1337938532e+00 6.2526297554e+00 5.4544837701e+00 4.7359003657e+00 4.0922933404e+00 3.5191821623e+00 3.0117602734e+00 2.5648817597e+00 2.1737019564e+00 1.8330843802e+00 1.5381597904e+00 1.2843245164e+00 1.0669696058e+00 8.8197095543e-01 7.2537321431e-01 5.9352479449e-01 4.8321704912e-01 3.9137884460e-01 3.1537174203e-01 2.5282905410e-01 2.0162971319e-01 1.5997985403e-01 1.2627036653e-01 9.9141320741e-02 7.7442261058e-02 6.0170727924e-02 4.6508624607e-02 3.5759908042e-02 2.7347691682e-02 2.0807669058e-02 1.5746211953e-02 1.1852893487e-02 8.8754892609e-03 0.0000000000e+00 0.0000000000e+00 0.0000000000e+00 0.0000000000e+00 0.0000000000e+00 0.0000000000e+00 0.0000000000e+00 0.0000000000e+00 0.0000000000e+00 0.0000000000e+00 0.0000000000e+00 0.0000000000e+00 0.0000000000e+00 0.0000000000e+00 0.0000000000e+00 0.0000000000e+00 0.0000000000e+00 0.0000000000e+00
0.0000000000e+00 0.0000000000e+00 0.0000000000e+00 0.0000000000e+00 0.0000000000e+00 0.0000000000e+00 0.0000000000e+00 0.0000000000e+00 0.0000000000e+00 0.0000000000e+00 0.0000000000e+00 0.0000000000e+00 0.0000000000e+00 0.0000000000e+00 0.0000000000e+00 0.0000000000e+00 0.0000000000e+00 0.0000000000e+00 1.4661685231e-02 1.9578975185e-02 2.6008523163e-02 3.4366646244e-02 4.5165683393e-02 5.9055250463e-02 7.6801537437e-02 9.9356458701e-02 1.2786841869e-01 1.6368712963e-01 2.0846630544e-01 2.6410367762e-01 3.3284228513e-01 4.1733600504e-01 5.2054304990e-01 6.4596103987e-01 7.9749220304e-01 9.7948635230e-01 1.1970063665e+00 1.4553410100e+00 1.7605088623e+00 2.1190281901e+00 2.5376947892e+00 3.0241021053e+00 3.5858340512e+00 4.2309113344e+00 4.9677928780e+00 5.8044556999e+00 6.7493721141e+00 7.8104526470e+00 8.9950691953e+00 1.0310766615e+01 1.1763225369e+01 1.3357923614e+01 1.5099087064e+01 1.6989101204e+01 1.9029711103e+01 2.1220132896e+01 2.3558189266e+01 2.6040189914e+01 2.8659710551e+01 3.1409214425e+01 3.4278819615e+01 3.7256799524e+01 4.0330310096e+01 4.3484210849e+01 4.6702598631e+01 4.9968372270e+01 5.3263552353e+01 5.6569799897e+01 5.9868494931e+01 6.3141223597e+01 6.6369840323e+01 6.9537225092e+01 7.2626942190e+01 7.5624005669e+01 7.8515061048e+01 8.1287708928e+01 8.3932318886e+01 8.6440425347e+01 8.8805545535e+01 9.1023593575e+01 9.3091486389e+01 9.5008776082e+01 9.6776301456e+01 9.8396043439e+01 9.9872170218e+01 1.0120916508e+02 1.0241292831e+02 1.0349018007e+02 1.0444747934e+02 1.0529270919e+02 1.0603319487e+02 1.0667635012e+02 1.0722966916e+02 1.0769974947e+02 1.0809321131e+02 1.0841581275e+02 1.0867243000e+02 1.0886752565e+02 1.0900430545e+02 1.0908526238e+02 1.0911196363e+02 1.0908467383e+02 1.0900311208e+02 1.0886570323e+02 1.0866995796e+02 1.0841264654e+02 1.0808930049e+02 1.0769502885e+02 1.0722407315e+02 1.0666981683e+02 1.0602564426e+02 1.0528405326e+02 1.0443764396e+02 1.0347907550e+02 1.0240048520e+02 1.0119530808e+02 9.9856830379e+01 9.8379161631e+01 9.6757837183e+01 9.4988691403e+01 9.3069765899e+01 9.1000241007e+01 8.8780577405e+01 8.6413879932e+01 8.3904254541e+01 8.1258205169e+01 7.8484220461e+01 7.5591948061e+01 7.2593803281e+01 6.9503163235e+01 6.6335023223e+01 6.3105832244e+01 5.9832726024e+01 5.6533849529e+01 5.3227620148e+01 4.9932664143e+01 4.6667308084e+01 4.3449530006e+01 4.0296418199e+01 3.7223862075e+01 3.4246991183e+01 3.1378630560e+01 2.8630485159e+01 2.6012420991e+01 2.3531950018e+01 2.1195479283e+01 1.9006675963e+01 1.6967699049e+01 1.5079313648e+01 1.3339756948e+01 1.1746628530e+01 1.0295688747e+01 8.9814485985e+00 7.7982162072e+00 6.7384414066e+00 5.7947460314e+00 4.9592158639e+00 4.2233777470e+00 3.5792537462e+00 3.0183866413e+00 2.5327584049e+00 2.1147885353e+00 1.7568880263e+00 1.4522659312e+00 1.1944094293e+00 9.7730559030e-01 7.9567109032e-01 6.4444883178e-01 5.1929438189e-01 4.1631068757e-01 3.3200514483e-01 2.6342397290e-01 2.0791753328e-01 1.6324656458e-01 1.2751668410e-01 9.9077236541e-02 7.6581118154e-02 5.8882222356e-02 4.5030631818e-02 3.4261812708e-02 2.5927610115e-02 1.9516875338e-02 1.4614288810e-02 0.0000000000e+00 0.0000000000e+00 0.0000000000e+00 0.0000000000e+00 0.0000000000e+00 0.0000000000e+00 0.0000000000e+00 0.0000000000e+00 0.0000000000e+00 0.0000000000e+00 0.0000000000e+00 0.0000000000e+00 0.0000000000e+00 0.0000000000e+00 0.0000000000e+00 0.0000000000e+00 0.0000000000e+00 0.0000000000e+00
0.0000000000e+00 0.0000000000e+00 0.0000000000e+00 0.0000000000e+00 0.0000000000e+00 0.0000000000e+00 0.0000000000e+00 0.0000000000e+00 0.0000000000e+00 0.0000000000e+00 0.0000000000e+00 0.0000000000e+00 0.0000000000e+00 0.0000000000e+00 0.0000000000e+00 0.0000000000e+00 0.0000000000e+00 1.7813622436e-02 2.3918278621e-02 3.1940181948e-02 4.2429165194e-02 5.6064413435e-02 7.3681767249e-02 9.6341027486e-02 1.2529217134e-01 1.6208818533e-01 2.0860263458e-01 2.6703748955e-01 3.4009069877e-01 4.3085831937e-01 5.4299978725e-01 6.8084476495e-01 8.4921955706e-01 1.0538304160e+00 1.3010437302e+00 1.5979560855e+00 1.9528276475e+00 2.3742868941e+00 2.8721531195e+00 3.4570609223e+00 4.1400978820e+00 4.9336523832e+00 5.8500982103e+00 6.9025208876e+00 8.1047220460e+00 9.4697159545e+00 1.1011325484e+01 1.2742457944e+01 1.4675140174e+01 1.6821681767e+01 1.9191351785e+01 2.1793089090e+01 2.4633787115e+01 2.7717338572e+01 3.1046593185e+01 3.4620271123e+01 3.8434819074e+01 4.2484219623e+01 4.6757989653e+01 5.1243835746e+01 5.5925631967e+01 6.0784253931e+01 6.5798738867e+01 7.0944388396e+01 7.6195252693e+01 8.1523435497e+01 8.6899601948e+01 9.2293831039e+01 9.7675741571e+01 1.0301529326e+02 1.0828287712e+02 1.1345057303e+02 1.1849154530e+02 1.2338135839e+02 1.2809821252e+02 1.3262189537e+02 1.3693667106e+02 1.4102875125e+02 1.4488753499e+02 1.4850637677e+02 1.5188022126e+02 1.5500835968e+02 1.5789215609e+02 1.6053483083e+02 1.6294320670e+02 1.6512457052e+02 1.6708855960e+02 1.6884615039e+02 1.7040802814e+02 1.7178706075e+02 1.7299519878e+02 1.7404453924e+02 1.7494730367e+02 1.7571427380e+02 1.7635622962e+02 1.7688256395e+02 1.7730126136e+02 1.7761957647e+02 1.7784274858e+02 1.7797485283e+02 1.7801842236e+02 1.7797391515e+02 1.7784086925e+02 1.7761670632e+02 1.7729736008e+02 1.7687757222e+02 1.7635005293e+02 1.7570682274e+02 1.7493847620e+02 1.7403422517e+02 1.7298327277e+02 1.7177339513e+02 1.7039249873e+02 1.6882862864e+02 1.6706892025e+02 1.6510268804e+02 1.6291898819e+02 1.6050818441e+02 1.5786300130e+02 1.5497665090e+02 1.5184593139e+02 1.4846950755e+02 1.4484811011e+02 1.4098683119e+02 1.3689236862e+02 1.3257530937e+02 1.2804952399e+02 1.2333073765e+02 1.1843922317e+02 1.1339679019e+02 1.0822790784e+02 1.0295941960e+02 9.7619269536e+01 9.2237071458e+01 8.6842873277e+01 8.1467056936e+01 7.6139530891e+01 7.0889628795e+01 6.5745225212e+01 6.0732246626e+01 5.5875381761e+01 5.1195544686e+01 4.6711845187e+01 4.2440374303e+01 3.8393388673e+01 3.4581344908e+01 3.1010221844e+01 2.7683546742e+01 2.4602566843e+01 2.1764406596e+01 1.9165147687e+01 1.6797876089e+01 1.4653634584e+01 1.2723138049e+01 1.0994067922e+01 9.4543859960e+00 8.0911807614e+00 6.8906272910e+00 5.8397094785e+00 4.9246291975e+00 4.1323045098e+00 3.4503676477e+00 2.8664368011e+00 2.3694322455e+00 1.9487279223e+00 1.5945134012e+00 1.2981687463e+00 1.0514431461e+00 8.4724835663e-01 6.7922620662e-01 5.4167825352e-01 4.2978534546e-01 3.3922442970e-01 2.6634204940e-01 2.0804742157e-01 1.6164744384e-01 1.2494424974e-01 9.6067914180e-02 7.3468603068e-02 5.5898946827e-02 4.2301456389e-02 3.1842167407e-02 2.3843472811e-02 1.7756855921e-02 0.0000000000e+00 0.0000000000e+00 0.0000000000e+00 0.0000000000e+00 0.0000000000e+00 0.0000000000e+00 0.0000000000e+00 0.0000000000e+00 0.0000000000e+00 0.0000000000e+00 0.0000000000e+00 0.0000000000e+00 0.0000000000e+00 0.0000000000e+00 0.0000000000e+00 0.0000000000e+00 0.0000000000e+00
0.0000000000e+00 0.0000000000e+00 0.0000000000e+00 0.0000000000e+00 0.0000000000e+00 0.0000000000e+00 0.0000000000e+00 0.0000000000e+00 0.0000000000e+00 0.0000000000e+00 0.0000000000e+00 0.0000000000e+00 0.0000000000e+00 0.0000000000e+00 0.0000000000e+00 0.0000000000e+00 2.1346221540e-02 2.8810842451e-02 3.8684323552e-02 5.1658744213e-02 6.8623407429e-02 9.0676838076e-02 1.1917095717e-01 1.5581989605e-01 2.0264543751e-01 2.6215941229e-01 3.3739222379e-01 4.3190543946e-01 5.5006288646e-01 6.9687225805e-01 8.7825264103e-01 1.1012070585e+00 1.3735419564e+00 1.7044870258e+00 2.1043397285e+00 2.5845789248e+00 3.1585652168e+00 3.8402548819e+00 4.6455313222e+00 5.5915954253e+00 6.6963815226e+00 7.9799284398e+00 9.4622505587e+00 1.1164514686e+01 1.3109043851e+01 1.5316890732e+01 1.7810415565e+01 2.0610492814e+01 2.3736580568e+01 2.7208589046e+01 3.1041509949e+01 3.5249806237e+01 3.9844626674e+01 4.4832270392e+01 5.0217346255e+01 5.5997785133e+01 6.2167840220e+01 6.8717781087e+01 7.5630653383e+01 8.2886566425e+01 9.0459445726e+01 9.8318339866e+01 1.0642937029e+02 1.1475256182e+02 1.2324595716e+02 1.3186442530e+02 1.4056050792e+02 1.4928582337e+02 1.5799122607e+02 1.6662811103e+02 1.7514859987e+02 1.8350751340e+02 1.9166145851e+02 1.9957090447e+02 2.0720059595e+02 2.1451781996e+02 2.2149714090e+02 2.2811623228e+02 2.3435797560e+02 2.4021159954e+02 2.4566894026e+02 2.5072884886e+02 2.5539349836e+02 2.5966815568e+02 2.6356380884e+02 2.6709226228e+02 2.7026911319e+02 2.7311209369e+02 2.7563849645e+02 2.7786915290e+02 2.7982337754e+02 2.8152073701e+02 2.8298100190e+02 2.8422162037e+02 2.8526002605e+02 2.8611140950e+02 2.8678867721e+02 2.8730357414e+02 2.8766459129e+02 2.8787829653e+02 2.8794880640e+02 2.8787683058e+02 2.8766164889e+02 2.8729909757e+02 2.8678257727e+02 2.8610358826e+02 2.8525036456e+02 2.8420997199e+02 2.8296720033e+02 2.8150460399e+02 2.7980472322e+02 2.7784777683e+02 2.7561418848e+02 2.7308466545e+02 2.7023835803e+02 2.6705802387e+02 2.6352590837e+02 2.5962644623e+02 2.5534787715e+02 2.5067920986e+02 2.4561527824e+02 2.4015389040e+02 2.3429627976e+02 2.2805062709e+02 2.2142778674e+02 2.1444489954e+02 2.0712438736e+02 1.9949167732e+02 1.9157955952e+02 1.8342332709e+02 1.7506255091e+02 1.6654064327e+02 1.5790282413e+02 1.4919697644e+02 1.4047171770e+02 1.3177617291e+02 1.2315874194e+02 1.1466685050e+02 1.0634561014e+02 9.8236944100e+01 9.0380786884e+01 8.2810980456e+01 7.5558427295e+01 6.8649155337e+01 6.2102995631e+01 5.5936855068e+01 5.0160419477e+01 4.4779378602e+01 3.9795760034e+01 3.5204910864e+01 3.1000495094e+01 2.7171327551e+01 2.3702919681e+01 2.0580255066e+01 1.7783404048e+01 1.5292897656e+01 1.3087850193e+01 1.1145898832e+01 9.4459907825e+00 7.9658059823e+00 6.6841840873e+00 5.5811197446e+00 4.6365848959e+00 3.8326572156e+00 3.1521490156e+00 2.5791910501e+00 2.0998404601e+00 1.7007509949e+00 1.3704571004e+00 1.0986740975e+00 8.7618454725e-01 6.9519317279e-01 5.4870727351e-01 4.3081717233e-01 3.3652340475e-01 2.6146972715e-01 2.0210100665e-01 1.5539253620e-01 1.1883740998e-01 9.0417933958e-02 6.8423584789e-02 5.1505387063e-02 3.8567281525e-02 2.8722026748e-02 2.1279197165e-02 0.0000000000e+00 0.0000000000e+00 0.0000000000e+00 0.0000000000e+00 0.0000000000e+00 0.0000000000e+00 0.0000000000e+00 0.0000000000e+00 0.0000000000e+00 0.0000000000e+00 0.0000000000e+00 0.0000000000e+00 0.0000000000e+00 0.0000000000e+00 0.0000000000e+00 0.0000000000e+00
0.0000000000e+00 0.0000000000e+00 0.0000000000e+00 0.0000000000e+00 0.0000000000e+00 0.0000000000e+00 0.0000000000e+00 0.0000000000e+00 0.0000000000e+00 0.0000000000e+00 0.0000000000e+00 0.0000000000e+00 0.0000000000e+00 0.0000000000e+00 0.0000000000e+00 0.0000000000e+00 3.4221707494e-02 4.6188939103e-02 6.2018089481e-02 8.2818718700e-02 1.1001660928e-01 1.4537295431e-01 1.9105521318e-01 2.4981160596e-01 3.2488355275e-01 4.2029819955e-01 5.4091408598e-01 6.9244142069e-01 8.8187659650e-01 1.1172484197e+00 1.4080467419e+00 1.7654997050e+00 2.2021232010e+00 2.7327152538e+00 3.3737859299e+00 4.1437393749e+00 5.0639965926e+00 6.1569347370e+00 7.4480185142e+00 8.9648288496e+00 1.0736118106e+01 1.2794017198e+01 1.5170615827e+01 1.7899850178e+01 2.1017514071e+01 2.4557362426e+01 2.8555242694e+01 3.3044631802e+01 3.8056722730e+01 4.3623442641e+01 4.9768830293e+01 5.6516070961e+01 6.3883044288e+01 7.1879850292e+01 8.0513882605e+01 8.9781827110e+01 9.9674467510e+01 1.1017620407e+02 1.2125985152e+02 1.3289352250e+02 1.4503541269e+02 1.5763590713e+02 1.7064065975e+02 1.8398560780e+02 1.9760345367e+02 2.1142184908e+02 2.2536471570e+02 2.3935445957e+02 2.5331227627e+02 2.6716025900e+02 2.8082162606e+02 2.9422394470e+02 3.0729763699e+02 3.1997931354e+02 3.3221245527e+02 3.4394459550e+02 3.5513497821e+02 3.6574777869e+02 3.7575556774e+02 3.8514105669e+02 3.9389117153e+02 4.0200404221e+02 4.0948318286e+02 4.1633703838e+02 4.2258318565e+02 4.2824060237e+02 4.3333426930e+02 4.3789260213e+02 4.4194339673e+02 4.4551993758e+02 4.4865329976e+02 4.5137479278e+02 4.5371614826e+02 4.5570532668e+02 4.5737028424e+02 4.5873538944e+02 4.5982132009e+02 4.6064691375e+02 4.6122577436e+02 4.6156843723e+02 4.6168153226e+02 4.6156617695e+02 4.6122119540e+02 4.6063996231e+02 4.5981184144e+02 4.5872324419e+02 4.5735528108e+02 4.5568724362e+02 4.5369471084e+02 4.5134977577e+02 4.4862435068e+02 4.4548676903e+02 4.4190566645e+02 4.3785005880e+02 4.3328657334e+02 4.2818747689e+02 4.2252438175e+02 4.1627231631e+02 4.0941240539e+02 4.0192704494e+02 3.9380790358e+02 3.8505152401e+02 3.7565983812e+02 3.6564599972e+02 3.5502737458e+02 3.4383147907e+02 3.3209420356e+02 3.1985639516e+02 3.0717056669e+02 2.9409333747e+02 2.8068812983e+02 2.6702456533e+02 2.5317512808e+02 2.3921661527e+02 2.2522695186e+02 2.1128493648e+02 1.9746813537e+02 1.8385263004e+02 1.7051071224e+02 1.5750962128e+02 1.4491337711e+02 1.3277625665e+02 1.2114779703e+02 1.1006973086e+02 9.9573865584e+01 8.9687300631e+01 8.0425565810e+01 7.1797796057e+01 6.3807232060e+01 5.6446420722e+01 4.9705199868e+01 4.3565636930e+01 3.8004504233e+01 3.2997722409e+01 2.8513340007e+01 2.4520139883e+01 2.0984635731e+01 1.7870971525e+01 1.5145391429e+01 1.2772109097e+01 1.0717197342e+01 8.9485783067e+00 7.4341406770e+00 6.1451488236e+00 5.0540435726e+00 4.1353817086e+00 3.3668066959e+00 2.7269201106e+00 2.1973381151e+00 1.7615707348e+00 1.4048389701e+00 1.1146439825e+00 8.7977395269e-01 6.9075344346e-01 5.3956652605e-01 4.1922849954e-01 3.2403915637e-01 2.4914879083e-01 1.9053790471e-01 1.4497141067e-01 1.0970670160e-01 8.2580883995e-02 6.1836577385e-02 4.6051204475e-02 3.4117767641e-02 0.0000000000e+00 0.0000000000e+00 0.0000000000e+00 0.0000000000e+00 0.0000000000e+00 0.0000000000e+00 0.0000000000e+00 0.0000000000e+00 0.0000000000e+00 0.0000000000e+00 0.0000000000e+00 0.0000000000e+00 0.0000000000e+00 0.0000000000e+00 0.0000000000e+00 0.0000000000e+00
0.0000000000e+00 0.0000000000e+00 0.0000000000e+00 0.0000000000e+00 0.0000000000e+00 0.0000000000e+00 0.0000000000e+00 0.0000000000e+00 0.0000000000e+00 0.0000000000e+00 0.0000000000e+00 0.0000000000e+00 0.0000000000e+00 0.0000000000e+00 0.0000000000e+00 4.0061037271e-02 5.4363831703e-02 7.3374928965e-02 9.8521129853e-02 1.3156512870e-01 1.7477197066e-01 2.3093958183e-01 3.0351130188e-01 3.9685308994e-01 5.1611445881e-01 6.6769325091e-01 8.5930803078e-01 1.1000303772e+00 1.4009755043e+00 1.7748984973e+00 2.2368758838e+00 2.8047456376e+00 3.4983916285e+00 4.3413237806e+00 5.3597714085e+00 6.5829735490e+00 8.0449615024e+00 9.7812869077e+00 1.1832406802e+01 1.4242136986e+01 1.7056161019e+01 2.0325524633e+01 2.4101208463e+01 2.8437129887e+01 3.3390157822e+01 3.9013918214e+01 4.5365368727e+01 5.2497688655e+01 6.0460445756e+01 6.9304357981e+01 7.9067621198e+01 8.9787072740e+01 1.0149112520e+02 1.1419582260e+02 1.2791291204e+02 1.4263713036e+02 1.5835384732e+02 1.7503826665e+02 1.9264720157e+02 2.1113001178e+02 2.3042027772e+02 2.5043915003e+02 2.7110031577e+02 2.9230196247e+02 3.1393723162e+02 3.3589112286e+02 3.5804279773e+02 3.8026893933e+02 4.0244439954e+02 4.2444536645e+02 4.4614989445e+02 4.6744286256e+02 4.8821373919e+02 5.0836182949e+02 5.2779726829e+02 5.4643681255e+02 5.6421561525e+02 5.8107679794e+02 5.9697674354e+02 6.1188803421e+02 6.2578988443e+02 6.3867928951e+02 6.5056189866e+02 6.6145101860e+02 6.7137467917e+02 6.8036297407e+02 6.8845558532e+02 6.9569772867e+02 7.0213347270e+02 7.0781578488e+02 7.1279394927e+02 7.1711777472e+02 7.2083766816e+02 7.2399798839e+02 7.2664325169e+02 7.2881208703e+02 7.3053739015e+02 7.3184912885e+02 7.3276884415e+02 7.3331328475e+02 7.3349302524e+02 7.3330983217e+02 7.3276180257e+02 7.3183842131e+02 7.3052285573e+02 7.2879345290e+02 7.2662019951e+02 7.2397021734e+02 7.2080474097e+02 7.1707930312e+02 7.1274946102e+02 7.0776479374e+02 7.0207551344e+02 6.9563233605e+02 6.8838227660e+02 6.8028131899e+02 6.7128427896e+02 6.6135153395e+02 6.5045309169e+02 6.3856093985e+02 6.2566188364e+02 6.1175041377e+02 5.9682959440e+02 5.8092031599e+02 5.6405020627e+02 5.4626292079e+02 5.2761550591e+02 5.0817284363e+02 4.8801841486e+02 4.6724207776e+02 4.4594466013e+02 4.2423679499e+02 4.0223358933e+02 3.8005703598e+02 3.5783099582e+02 3.3568063972e+02 3.1372921461e+02 2.9209754495e+02 2.7090054193e+02 2.5024501855e+02 2.3023267361e+02 2.1094974658e+02 1.9247494692e+02 1.7487459098e+02 1.5819919313e+02 1.4249182210e+02 1.2777714472e+02 1.1406967842e+02 1.0137458318e+02 8.9680004327e+01 7.8969807761e+01 6.9215494314e+01 6.0380171559e+01 5.2425578478e+01 4.5300953175e+01 3.8956701874e+01 3.3339618392e+01 2.8392739379e+01 2.4062433860e+01 2.0291847677e+01 1.7027077553e+01 1.4217158486e+01 1.1811074749e+01 9.7631709314e+00 8.0296633170e+00 6.5701269519e+00 5.3490439481e+00 4.3324163734e+00 3.4910368920e+00 2.7987068930e+00 2.2319456666e+00 1.7708956192e+00 1.3977439056e+00 1.0974361483e+00 8.5723695877e-01 6.6604925208e-01 5.1481678080e-01 3.9583447720e-01 3.0271629457e-01 2.3032251228e-01 1.7429572927e-01 1.3119964216e-01 9.8242203849e-02 7.3163277248e-02 5.4204113151e-02 3.9941193809e-02 0.0000000000e+00 0.0000000000e+00 0.0000000000e+00 0.0000000000e+00 0.0000000000e+00 0.0000000000e+00 0.0000000000e+00 0.0000000000e+00 0.0000000000e+00 0.0000000000e+00 0.0000000000e+00 0.0000000000e+00 0.0000000000e+00 0.0000000000e+00 0.0000000000e+00
0.0000000000e+00 0.0000000000e+00 0.0000000000e+00 0.0000000000e+00 0.0000000000e+00 0.0000000000e+00 0.0000000000e+00 0.0000000000e+00 0.0000000000e+00 0.0000000000e+00 0.0000000000e+00 0.0000000000e+00 0.0000000000e+00 0.0000000000e+00 3.0344095841e-02 6.3113870848e-02 8.5647365441e-02 1.1559868531e-01 1.5521577907e-01 2.0727576682e-01 2.7534724000e-01 3.6383838301e-01 4.7817425851e-01 6.2523348466e-01 8.1312935146e-01 1.0519417078e+00 1.3538316001e+00 1.7330916946e+00 2.2072343557e+00 2.7963559104e+00 3.5242101995e+00 4.4189021392e+00 5.5117600076e+00 6.8398247373e+00 8.4444232178e+00 1.0371623047e+01 1.2675044366e+01 1.5410701076e+01 1.8642334731e+01 2.2438985798e+01 2.6872629308e+01 3.2023691445e+01 3.7972502522e+01 4.4804014833e+01 5.2607828436e+01 6.1468438145e+01 7.1475590276e+01 8.2713073028e+01 9.5258985860e+01 1.0919325427e+02 1.2457605477e+02 1.4146542751e+02 1.5990614333e+02 1.7992349616e+02 2.0153597813e+02 2.2473531968e+02 2.4949845187e+02 2.7578633391e+02 3.0353091724e+02 3.3265240140e+02 3.6304613256e+02 3.9458792295e+02 4.2714171491e+02 4.6054715407e+02 4.9463580062e+02 5.2922655126e+02 5.6412892900e+02 5.9914871432e+02 6.3408865196e+02 6.6875366859e+02 7.0295165062e+02 7.3650118300e+02 7.6922814084e+02 8.0097379742e+02 8.3159666509e+02 8.6096552374e+02 8.8897815901e+02 9.1554504048e+02 9.4059737836e+02 9.6409191824e+02 9.8599597794e+02 1.0063048698e+03 1.0250273876e+03 1.0421846087e+03 1.0578205789e+03 1.0719828082e+03 1.0847337600e+03 1.0961446961e+03 1.1062850432e+03 1.1152382617e+03 1.1230819819e+03 1.1298947643e+03 1.1357558989e+03 1.1407354798e+03 1.1449034105e+03 1.1483207342e+03 1.1510392392e+03 1.1531060686e+03 1.1545552462e+03 1.1554131708e+03 1.1556964475e+03 1.1554078812e+03 1.1545445152e+03 1.1530897360e+03 1.1510170545e+03 1.1482923369e+03 1.1448682933e+03 1.1406931012e+03 1.1357056922e+03 1.1298360879e+03 1.1230141842e+03 1.1151604999e+03 1.1061966678e+03 1.0960449665e+03 1.0846220182e+03 1.0718583275e+03 1.0576828186e+03 1.0420329821e+03 1.0248615572e+03 1.0061244541e+03 9.8580091623e+02 9.6388213294e+02 9.4037304600e+02 9.1530649419e+02 8.8872601228e+02 8.6070041323e+02 8.3131957724e+02 8.0068575366e+02 7.6893036954e+02 7.3619509979e+02 7.0263878225e+02 6.6843568365e+02 6.3376724377e+02 5.9882567093e+02 5.6380608311e+02 5.2890568528e+02 4.9431870474e+02 4.6023551193e+02 4.2683717435e+02 3.9429197711e+02 3.6276015955e+02 3.3237759902e+02 3.0326832939e+02 2.7553683080e+02 2.4926269329e+02 2.2451380571e+02 2.0132902252e+02 1.7973120669e+02 1.5972849691e+02 1.4130221460e+02 1.2442695281e+02 1.0905780394e+02 9.5136630082e+01 8.2603155152e+01 7.1377403190e+01 6.1381222906e+01 5.2530789302e+01 4.4736350029e+01 3.7913402920e+01 3.1972361254e+01 2.6828297494e+01 2.2400912287e+01 1.8609820627e+01 1.5383088467e+01 1.2651726777e+01 1.0352043573e+01 8.4280731911e+00 6.8262487714e+00 5.5005505752e+00 4.4096985708e+00 3.5166962387e+00 2.7902552564e+00 2.2023092069e+00 1.7291379785e+00 1.3506753421e+00 1.0494363644e+00 8.1115169999e-01 6.2368120358e-01 4.7696275420e-01 3.6289804642e-01 2.7462152104e-01 2.0671883555e-01 1.5479076122e-01 1.1527618943e-01 8.5404001179e-02 6.2931267385e-02 3.0254836584e-02 0.0000000000e+00 0.0000000000e+00 0.0000000000e+00 0.0000000000e+00 0.0000000000e+00 0.0000000000e+00 0.0000000000e+00 0.0000000000e+00 0.0000000000e+00 0.0000000000e+00 0.0000000000e+00 0.0000000000e+00 0.0000000000e+00 0.0000000000e+00
0.0000000000e+00 0.0000000000e+00 0.0000000000e+00 0.0000000000e+00 0.0000000000e+00 0.0000000000e+00 0.0000000000e+00 0.0000000000e+00 0.0000000000e+00 0.0000000000e+00 0.0000000000e+00 0.0000000000e+00 0.0000000000e+00 0.0000000000e+00 7.2213056450e-02 9.8528568462e-02 1.3370652729e-01 1.8046490580e-01 2.4231312985e-01 3.2358679769e-01 4.2985719041e-01 5.6800627130e-01 7.4650363869e-01 9.7608826046e-01 1.2694265529e+00 1.6422554308e+00 2.1135607142e+00 2.7056564967e+00 3.4458834176e+00 4.3656161763e+00 5.5019405296e+00 6.8987345001e+00 8.6049085475e+00 1.0678293626e+01 1.3183410423e+01 1.6192182551e+01 1.9788323737e+01 2.4059285557e+01 2.9104588465e+01 3.5032019936e+01 4.1953952549e+01 4.9995958202e+01 5.9283450295e+01 6.9949063592e+01 8.2132692405e+01 9.5966254410e+01 1.1158987331e+02 1.2913437443e+02 1.4872168601e+02 1.7047659575e+02 1.9449307077e+02 2.2086172111e+02 2.4965246569e+02 2.8090477234e+02 3.1464757072e+02 3.5086789351e+02 3.8952978554e+02 4.3057223848e+02 4.7388907059e+02 5.1935563823e+02 5.6680861261e+02 6.1605404179e+02 6.6687960229e+02 7.1903481681e+02 7.7225678922e+02 8.2626270135e+02 8.8075522495e+02 9.3543112070e+02 9.8998235211e+02 1.0441044409e+03 1.0974973415e+03 1.1498779012e+03 1.2009741915e+03 1.2505385325e+03 1.2983498169e+03 1.3442031806e+03 1.3879392160e+03 1.4294179285e+03 1.4685320306e+03 1.5052140284e+03 1.5394128533e+03 1.5711210135e+03 1.6003525426e+03 1.6271400806e+03 1.6515525379e+03 1.6736640052e+03 1.6935720549e+03 1.7113880131e+03 1.7272200107e+03 1.7411987630e+03 1.7534452315e+03 1.7640820377e+03 1.7732330685e+03 1.7810077615e+03 1.7875152376e+03 1.7928507988e+03 1.7970951480e+03 1.8003221566e+03 1.8025848701e+03 1.8039245032e+03 1.8043668897e+03 1.8039165039e+03 1.8025686671e+03 1.8002976487e+03 1.7970616733e+03 1.7928077555e+03 1.7874621242e+03 1.7809438031e+03 1.7731572867e+03 1.7639935229e+03 1.7533428225e+03 1.7410813360e+03 1.7270866369e+03 1.7112373869e+03 1.6934031990e+03 1.6734759778e+03 1.6513443617e+03 1.6269110506e+03 1.6001020087e+03 1.5708485420e+03 1.5391181009e+03 1.5048971672e+03 1.4681932188e+03 1.4290576225e+03 1.3875583199e+03 1.3438027363e+03 1.2979312048e+03 1.2501033827e+03 1.2005244607e+03 1.1494155806e+03 1.0970247727e+03 1.0436241388e+03 9.8949689918e+02 9.3494316371e+02 8.8026754027e+02 8.2577802930e+02 7.7177776896e+02 7.1856408371e+02 6.6641958427e+02 6.1560700801e+02 5.6637663742e+02 5.1894054761e+02 4.7349240933e+02 4.3019535172e+02 3.8917367211e+02 3.5053331048e+02 3.1433495277e+02 2.8061434134e+02 2.4938413015e+02 2.2061519284e+02 1.9426785776e+02 1.7027200296e+02 1.4853686725e+02 1.2896834700e+02 1.1144156736e+02 9.5834524056e+01 8.2016332564e+01 6.9846863838e+01 5.9194183820e+01 4.9918428771e+01 4.1886996388e+01 3.4974516456e+01 2.9055480953e+01 2.4017582195e+01 1.9753106757e+01 1.6162611436e+01 1.3158717016e+01 1.0657790410e+01 8.5879800686e+00 6.8848348764e+00 5.4905929832e+00 4.3564032576e+00 3.4384455901e+00 2.6996859666e+00 2.1087944495e+00 1.6384720924e+00 1.2664402285e+00 9.7374422067e-01 7.4467428077e-01 5.6658636072e-01 4.2876138171e-01 3.2274588152e-01 2.4167139436e-01 1.7997797510e-01 1.3333908612e-01 9.8252870190e-02 7.2007371199e-02 0.0000000000e+00 0.0000000000e+00 0.0000000000e+00 0.0000000000e+00 0.0000000000e+00 0.0000000000e+00 0.0000000000e+00 0.0000000000e+00 0.0000000000e+00 0.0000000000e+00 0.0000000000e+00 0.0000000000e+00 0.0000000000e+00 0.0000000000e+00
0.0000000000e+00 0.0000000000e+00 0.0000000000e+00 0.0000000000e+00 0.0000000000e+00 0.0000000000e+00 0.0000000000e+00 0.0000000000e+00 0.0000000000e+00 0.0000000000e+00 0.0000000000e+00 0.0000000000e+00 0.0000000000e+00 8.1474342229e-02 1.1174497696e-01 1.5246694703e-01 2.0690328753e-01 2.7925999934e-01 3.7496791896e-01 5.0073637149e-01 6.6518685554e-01 8.7896934078e-01 1.1551905300e+00 1.5104691903e+00 1.9644067926e+00 2.5413564703e+00 3.2706993277e+00 4.1869670516e+00 5.3324702970e+00 6.7557626545e+00 8.5142355421e+00 1.0675792640e+01 1.3316125646e+01 1.6524729138e+01 2.0401453931e+01 2.5057606869e+01 3.0622739107e+01 3.7232189844e+01 4.5039972174e+01 5.4212893335e+01 6.4924867292e+01 7.7370214767e+01 9.1743035616e+01 1.0824859286e+02 1.2710337261e+02 1.4851155725e+02 1.7268997449e+02 1.9984111140e+02 2.3015367648e+02 2.6382075339e+02 3.0098780188e+02 3.4179507773e+02 3.8635074213e+02 4.3471593887e+02 4.8693536470e+02 5.4298904174e+02 6.0282130497e+02 6.6633775310e+02 7.3337404719e+02 8.0373733982e+02 8.7717477103e+02 9.5338628543e+02 1.0320432525e+03 1.1127581200e+03 1.1951239293e+03 1.2787030344e+03 1.3630353050e+03 1.4476513534e+03 1.5320745677e+03 1.6158337850e+03 1.6984646210e+03 1.7795286329e+03 1.8586052379e+03 1.9353110518e+03 2.0093038160e+03 2.0802666307e+03 2.1479526366e+03 2.2121453519e+03 2.2726786004e+03 2.3294477727e+03 2.3823740869e+03 2.4314459999e+03 2.4766847740e+03 2.5181414070e+03 2.5559222932e+03 2.5901422623e+03 2.6209521765e+03 2.6485241603e+03 2.6730262530e+03 2.6946598098e+03 2.7136126053e+03 2.7300742664e+03 2.7442364691e+03 2.7562686409e+03 2.7663398208e+03 2.7745972123e+03 2.7811660198e+03 2.7861602982e+03 2.7896621981e+03 2.7917355313e+03 2.7924203685e+03 2.7917235540e+03 2.7896379980e+03 2.7861234331e+03 2.7811158157e+03 2.7745329439e+03 2.7662602945e+03 2.7561728728e+03 2.7441230762e+03 2.7299416061e+03 2.7134591763e+03 2.6944839987e+03 2.6728263849e+03 2.6482987597e+03 2.6206993996e+03 2.5898607873e+03 2.5556107425e+03 2.5177984717e+03 2.4763097826e+03 2.4310378857e+03 2.3819328509e+03 2.3289733644e+03 2.2721712566e+03 2.2116058874e+03 2.1473824892e+03 2.0796672042e+03 2.0086771186e+03 1.9346595742e+03 1.8579318969e+03 1.7788364240e+03 1.6977570056e+03 1.6151146173e+03 1.5313477140e+03 1.4469207848e+03 1.3623051142e+03 1.2779773975e+03 1.1944067632e+03 1.1120533708e+03 1.0313545276e+03 9.5271701676e+02 8.7652806482e+02 8.0311587934e+02 7.3278020224e+02 6.6577350357e+02 6.0228813996e+02 5.4248811076e+02 4.8646734665e+02 4.3428108641e+02 3.8594900036e+02 3.4142598788e+02 3.0065062935e+02 2.6351445092e+02 2.2987697696e+02 1.9959255695e+02 1.7246794895e+02 1.4831434004e+02 1.2692917791e+02 1.0809558593e+02 9.1609403263e+01 7.7254152698e+01 6.4824629510e+01 5.4126808945e+01 4.4966458290e+01 3.7169760720e+01 3.0570021217e+01 2.5013340544e+01 2.0364490683e+01 1.6494037789e+01 1.3290784981e+01 1.0654986548e+01 8.4972497697e+00 6.7419723744e+00 5.3213373679e+00 4.1780305042e+00 3.2635652316e+00 2.5356937593e+00 1.9599369731e+00 1.5069608169e+00 1.1524525463e+00 8.7684419778e-01 6.6354685725e-01 4.9947783534e-01 3.7400750393e-01 2.7853127937e-01 2.0635340874e-01 1.5205437180e-01 1.1143718567e-01 8.1245971803e-02 0.0000000000e+00 0.0000000000e+00 0.0000000000e+00 0.0000000000e+00 0.0000000000e+00 0.0000000000e+00 0.0000000000e+00 0.0000000000e+00 0.0000000000e+00 0.0000000000e+00 0.0000000000e+00 0.0000000000e+00 0.0000000000e+00
0.0000000000e+00 0.0000000000e+00 0.0000000000e+00 0.0000000000e+00 0.0000000000e+00 0.0000000000e+00 0.0000000000e+00 0.0000000000e+00 0.0000000000e+00 0.0000000000e+00 0.0000000000e+00 0.0000000000e+00 0.0000000000e+00 1.2498922458e-01 1.7142768136e-01 2.3389980531e-01 3.1741154832e-01 4.2841557841e-01 5.7524358913e-01 7.6818870785e-01 1.0204777884e+00 1.3484495934e+00 1.7722120525e+00 2.3172610993e+00 3.0136690345e+00 3.8987980018e+00 5.0177238828e+00 6.4234248262e+00 8.1808137309e+00 1.0364381513e+01 1.3062177327e+01 1.6378379023e+01 2.0429115037e+01 2.5351688798e+01 3.1299291980e+01 3.8442691571e+01 4.6980652073e+01 5.7120811293e+01 6.9099463867e+01 8.3172528990e+01 9.9606831177e+01 1.1870050787e+02 1.4075134851e+02 1.6607428700e+02 1.9500147895e+02 2.2784616139e+02 2.6494103266e+02 3.0659675291e+02 3.5310283879e+02 4.0475559362e+02 4.6177812407e+02 5.2438564588e+02 5.9274418326e+02 6.6694745430e+02 7.4706414581e+02 8.3306354558e+02 9.2486021362e+02 1.0223095116e+03 1.1251590787e+03 1.2331132393e+03 1.3457840322e+03 1.4627109774e+03 1.5833900353e+03 1.7072264147e+03 1.8335958913e+03 1.9618270158e+03 2.0912138585e+03 2.2210361110e+03 2.3505626506e+03 2.4790704672e+03 2.6058470504e+03 2.7302200459e+03 2.8515439085e+03 2.9692302854e+03 3.0827544676e+03 3.1916297335e+03 3.2954776511e+03 3.3939659316e+03 3.4868398638e+03 3.5739386722e+03 3.6551414873e+03 3.7304306927e+03 3.7998390571e+03 3.8634443437e+03 3.9214103448e+03 3.9739128004e+03 4.0211833209e+03 4.0634861799e+03 4.1010787832e+03 4.1342705952e+03 4.1633491774e+03 4.1886057920e+03 4.2103346050e+03 4.2287952944e+03 4.2442469555e+03 4.2569161285e+03 4.2669945480e+03 4.2746573532e+03 4.2800304140e+03 4.2832116521e+03 4.2842629067e+03 4.2831939013e+03 4.2799945487e+03 4.2746026480e+03 4.2669202558e+03 4.2568207727e+03 4.2441290807e+03 4.2286529139e+03 4.2101661107e+03 4.1884089926e+03 4.1631214680e+03 4.1340096791e+03 4.1007822601e+03 4.0631516260e+03 4.0208083294e+03 3.9734949928e+03 3.9209477621e+03 3.8629353692e+03 3.7992822099e+03 3.7298251095e+03 3.6544866516e+03 3.5732345968e+03 3.4860868737e+03 3.3931653809e+03 3.2946314233e+03 3.1907400330e+03 3.0818243350e+03 2.9682634038e+03 2.8505444778e+03 2.7291927783e+03 2.6047969345e+03 2.4780030989e+03 2.3494838647e+03 2.2199518121e+03 2.0901301334e+03 1.9607501221e+03 1.8325316003e+03 1.7061804212e+03 1.5823678103e+03 1.4617176770e+03 1.3448241431e+03 1.2321908498e+03 1.1242777516e+03 1.0214720657e+03 9.2406893232e+02 8.3232006438e+02 7.4636950607e+02 6.6630210080e+02 5.9214795535e+02 5.2383790853e+02 4.6127773827e+02 4.0430101538e+02 3.5269220755e+02 3.0622788062e+02 2.6461154066e+02 2.2755348707e+02 1.9474296030e+02 1.6584723018e+02 1.4055303386e+02 1.1852827289e+02 9.9458079837e+01 8.3044782586e+01 6.8990371370e+01 5.7028169031e+01 4.6902422093e+01 3.8377003826e+01 3.1244440851e+01 2.5306146996e+01 2.0391512461e+01 1.6347506373e+01 1.3036973297e+01 1.0343919202e+01 8.1642948692e+00 6.4101647578e+00 5.0071386934e+00 3.8903959607e+00 3.0070372118e+00 2.3120558785e+00 1.7681497487e+00 1.3452967285e+00 1.0180446718e+00 7.6632158037e-01 5.7381874287e-01 4.2733450243e-01 3.1659581567e-01 2.3328775872e-01 1.7097109179e-01 1.2465046299e-01 0.0000000000e+00 0.0000000000e+00 0.0000000000e+00 0.0000000000e+00 0.0000000000e+00 0.0000000000e+00 0.0000000000e+00 0.0000000000e+00 0.0000000000e+00 0.0000000000e+00 0.0000000000e+00 0.0000000000e+00 0.0000000000e+00
0.0000000000e+00 0.0000000000e+00 0.0000000000e+00 0.0000000000e+00 0.0000000000e+00 0.0000000000e+00 0.0000000000e+00 0.0000000000e+00 0.0000000000e+00 0.0000000000e+00 0.0000000000e+00 0.0000000000e+00 1.3777447369e-01 1.9001034536e-01 2.6060747081e-01 3.5557967094e-01 4.8253737957e-01 6.5129030469e-01 8.7450493046e-01 1.1678296070e+00 1.5513729296e+00 2.0499742684e+00 2.6942036412e+00 3.5228222910e+00 4.5815485438e+00 5.9271845455e+00 7.6282589972e+00 9.7653154894e+00 1.2437040585e+01 1.5756684251e+01 1.9858109774e+01 2.4899700665e+01 3.1058006687e+01 3.8541779160e+01 4.7583919144e+01 5.8444047624e+01 7.1424352609e+01 8.6840516428e+01 1.0505178887e+02 1.2644725735e+02 1.5143258349e+02 1.8046104680e+02 2.1398539820e+02 2.5248444519e+02 2.9646319452e+02 3.4639787567e+02 4.0279432178e+02 4.6612488520e+02 5.3682966031e+02 6.1535923634e+02 7.0205279380e+02 7.9723755321e+02 9.0116590524e+02 1.0139804822e+03 1.1357855659e+03 1.2665345417e+03 1.4060976409e+03 1.5542547421e+03 1.7106224577e+03 1.8747510854e+03 2.0460507651e+03 2.2238215856e+03 2.4072969903e+03 2.5955729796e+03 2.7877002479e+03 2.9826582782e+03 3.1793732664e+03 3.3767505529e+03 3.5736783914e+03 3.7690575487e+03 3.9618046402e+03 4.1508976438e+03 4.3353549080e+03 4.5142819307e+03 4.6868810358e+03 4.8524119543e+03 5.0102998272e+03 5.1600388177e+03 5.3012419174e+03 5.4336651767e+03 5.5571239147e+03 5.6715918574e+03 5.7771186457e+03 5.8738229305e+03 5.9619531010e+03 6.0417767546e+03 6.1136458158e+03 6.1779626182e+03 6.2351172439e+03 6.2855814672e+03 6.3297922239e+03 6.3681916469e+03 6.4012278401e+03 6.4292949188e+03 6.4527878773e+03 6.4720498388e+03 6.4873734821e+03 6.4990238498e+03 6.5071931390e+03 6.5120303130e+03 6.5136288011e+03 6.5120043994e+03 6.5071406402e+03 6.4989432633e+03 6.4872640931e+03 6.4719100889e+03 6.4526145417e+03 6.4290862841e+03 6.4009800142e+03 6.3679023998e+03 6.3294572975e+03 6.2851978695e+03 6.2346814488e+03 6.1774700361e+03 6.1130943545e+03 6.0411621604e+03 5.9612728596e+03 5.8730743469e+03 5.7762999287e+03 5.6707012333e+03 5.5561608131e+03 5.4326293888e+03 5.3001346013e+03 5.1588615921e+03 5.0090551700e+03 4.8511034753e+03 4.6855129327e+03 4.5128599576e+03 4.3338849696e+03 4.1493866609e+03 3.9602603751e+03 3.7674878179e+03 3.5720917774e+03 3.3751558234e+03 3.1777795530e+03 2.9810743593e+03 2.7861350527e+03 2.5940346409e+03 2.4057936386e+03 2.2223607702e+03 2.0446391184e+03 1.8733945853e+03 1.7093263006e+03 1.5530231118e+03 1.4049339024e+03 1.2654411906e+03 1.1347639986e+03 1.0130313671e+03 9.0028908740e+02 7.9643201065e+02 7.0131690342e+02 6.1469071875e+02 5.3622579483e+02 4.6558240384e+02 4.0230976497e+02 3.4596747074e+02 2.9608302017e+02 2.5215054336e+02 2.1369376120e+02 1.8020776589e+02 1.5121384162e+02 1.2625939657e+02 1.0489136863e+02 8.6704286979e+01 7.1309314064e+01 5.8347455456e+01 4.7503261247e+01 3.8474811650e+01 3.1002717310e+01 2.4854303596e+01 1.9821050280e+01 1.5726597116e+01 1.2412751784e+01 9.7458188226e+00 7.6126956885e+00 5.9148314314e+00 4.5717980186e+00 3.5151691570e+00 2.6882311688e+00 2.0453389622e+00 1.5477958723e+00 1.1650847135e+00 8.7241027724e-01 6.4970104214e-01 4.8133820444e-01 3.5467997152e-01 2.5993628229e-01 1.8951239551e-01 1.3740715655e-01 0.0000000000e+00 0.0000000000e+00 0.0000000000e+00 0.0000000000e+00 0.0000000000e+00 0.0000000000e+00 0.0000000000e+00 0.0000000000e+00 0.0000000000e+00 0.0000000000e+00 0.0000000000e+00 0.0000000000e+00
0.0000000000e+00 0.0000000000e+00 0.0000000000e+00 0.0000000000e+00 0.0000000000e+00 0.0000000000e+00 0.0000000000e+00 0.0000000000e+00 0.0000000000e+00 0.0000000000e+00 0.0000000000e+00 0.0000000000e+00 2.0766585283e-01 2.8640118464e-01 3.9281274629e-01 5.3596541361e-01 7.2733067827e-01 9.8169519323e-01 1.3181516859e+00 1.7602877727e+00 2.3384142197e+00 3.0899730337e+00 4.0610438072e+00 5.3100543951e+00 6.9059197337e+00 8.9342607199e+00 1.1498377049e+01 1.4719677688e+01 1.8746921088e+01 2.3750820590e+01 2.9933158727e+01 3.7532683058e+01 4.6815525518e+01 5.8096354900e+01 7.1726246372e+01 8.8096557779e+01 1.0766281808e+02 1.3090087801e+02 1.5835228920e+02 1.9060356716e+02 2.2826620158e+02 2.7202352171e+02 3.2255797456e+02 3.8059134270e+02 4.4688490601e+02 5.2215656341e+02 6.0716881039e+02 7.0263366158e+02 8.0921469703e+02 9.2759095704e+02 1.0582739748e+03 1.2017567962e+03 1.3584201238e+03 1.5284787253e+03 1.7120901863e+03 1.9091840586e+03 2.1195646496e+03 2.3429003613e+03 2.5786132325e+03 2.8260251334e+03 3.0842474192e+03 3.3522245184e+03 3.6288013060e+03 3.9126149052e+03 4.2022343562e+03 4.4961208797e+03 4.7926563410e+03 5.0901904765e+03 5.3870474165e+03 5.6815698448e+03 5.9721247563e+03 6.2571717471e+03 6.5352304417e+03 6.8049530961e+03 7.0651366790e+03 7.3146655647e+03 7.5526731600e+03 7.7783966898e+03 7.9912530338e+03 8.1908741220e+03 8.3769819517e+03 8.5495364597e+03 8.7086131071e+03 8.8543899026e+03 8.9872421122e+03 9.1075721771e+03 9.2159116653e+03 9.3128654827e+03 9.3990240030e+03 9.4750961704e+03 9.5417418533e+03 9.5996276803e+03 9.6494282097e+03 9.6917382825e+03 9.7271524955e+03 9.7561900068e+03 9.7792893157e+03 9.7968522613e+03 9.8091675698e+03 9.8164597540e+03 9.8188696401e+03 9.8164215833e+03 9.8090904490e+03 9.7967349506e+03 9.7791295160e+03 9.7559854578e+03 9.7269000629e+03 9.6914336009e+03 9.6490669693e+03 9.5992056191e+03 9.5412537831e+03 9.4745368691e+03 9.3983880287e+03 9.3121478498e+03 9.2151075605e+03 9.1066763394e+03 8.9862500855e+03 8.8532985570e+03 8.7074195149e+03 8.5482382487e+03 8.3755778735e+03 8.1893641938e+03 7.9896384524e+03 7.7766801805e+03 7.5508583177e+03 7.3127575557e+03 7.0631420604e+03 6.8028795054e+03 6.5330873333e+03 6.2549687391e+03 5.9698731006e+03 5.6792811378e+03 5.3847340767e+03 5.0878653962e+03 4.7903325975e+03 4.4938116041e+03 4.1999518726e+03 3.9103718710e+03 3.6266095092e+03 3.3500945672e+03 3.0821890522e+03 2.8240473637e+03 2.5767232790e+03 2.3411046767e+03 2.1178678846e+03 1.9075898307e+03 1.7106007257e+03 1.5270950200e+03 1.3571416997e+03 1.2005823564e+03 1.0572010356e+03 9.2661629003e+02 8.0833425790e+02 7.0184276511e+02 6.0646233488e+02 5.2152905217e+02 4.4633064267e+02 3.8010453892e+02 3.2213279412e+02 2.7165426183e+02 2.2794730411e+02 1.9032969933e+02 1.5811841321e+02 1.3070227699e+02 1.0749511672e+02 8.7955744971e+01 7.1608664843e+01 5.7998729495e+01 4.6734923809e+01 3.7466507757e+01 2.9879135476e+01 2.3706961706e+01 1.8711516333e+01 1.4691258006e+01 1.1475690624e+01 8.9162542148e+00 6.8917071189e+00 5.2988996624e+00 4.0523387957e+00 3.0832168872e+00 2.3332006259e+00 1.7562872284e+00 1.3150988561e+00 9.7937898286e-01 7.2558302562e-01 5.3465422302e-01 3.9183459693e-01 2.8567550447e-01 2.0713058534e-01 0.0000000000e+00 0.0000000000e+00 0.0000000000e+00 0.0000000000e+00 0.0000000000e+00 0.0000000000e+00 0.0000000000e+00 0.0000000000e+00 0.0000000000e+00 0.0000000000e+00 0.0000000000e+00 0.0000000000e+00
0.0000000000e+00 0.0000000000e+00 0.0000000000e+00 0.0000000000e+00 0.0000000000e+00 0.0000000000e+00 0.0000000000e+00 0.0000000000e+00 0.0000000000e+00 0.0000000000e+00 0.0000000000e+00 2.2375436364e-01 3.1022660714e-01 4.2784838956e-01 5.8681573777e-01 8.0067097146e-01 1.0865514739e+00 1.4665474616e+00 1.9691821644e+00 2.6296940423e+00 3.4933651203e+00 4.6161318720e+00 6.0668351774e+00 7.9327621761e+00 1.0316869007e+01 1.3347069787e+01 1.7177689910e+01 2.1990109234e+01 2.8006569115e+01 3.5482108713e+01 4.4718188666e+01 5.6071485933e+01 6.9939601590e+01 8.6792644083e+01 1.0715511295e+02 1.3161170365e+02 1.6084294972e+02 1.9555979112e+02 2.3657129866e+02 2.8475371506e+02 3.4102063639e+02 4.0639294960e+02 4.8189023465e+02 5.6859087491e+02 6.6763215727e+02 7.8008672768e+02 9.0709379952e+02 1.0497170736e+03 1.2089479619e+03 1.3858010565e+03 1.5810404601e+03 1.7954031111e+03 2.0294575775e+03 2.2835249363e+03 2.5578403468e+03 2.8522989468e+03 3.1666081931e+03 3.5002729035e+03 3.8524292228e+03 4.2220648234e+03 4.6078511306e+03 5.0082118852e+03 5.4214206997e+03 5.8454418552e+03 6.2781374862e+03 6.7172087294e+03 7.1602378493e+03 7.6047586848e+03 8.0482684157e+03 8.4882911074e+03 8.9223863286e+03 9.3482522513e+03 9.7636784262e+03 1.0166650359e+04 1.0555370848e+04 1.0928173496e+04 1.1283763000e+04 1.1620999807e+04 1.1939012996e+04 1.2237252233e+04 1.2515302746e+04 1.2773104529e+04 1.3010769235e+04 1.3228564381e+04 1.3427048759e+04 1.3606825756e+04 1.3768688848e+04 1.3913540880e+04 1.4042264492e+04 1.4155918648e+04 1.4255488926e+04 1.4341973001e+04 1.4416376479e+04 1.4479589222e+04 1.4532499387e+04 1.4575881927e+04 1.4610394297e+04 1.4636634424e+04 1.4655034122e+04 1.4665929858e+04 1.4669531584e+04 1.4665874724e+04 1.4654923416e+04 1.4636464503e+04 1.4610163369e+04 1.4575586747e+04 1.4532134806e+04 1.4479149108e+04 1.4415854737e+04 1.4341363052e+04 1.4254783649e+04 1.4155110122e+04 1.4041345595e+04 1.3912504337e+04 1.3767526486e+04 1.3605531549e+04 1.3425616473e+04 1.3226987402e+04 1.3009044834e+04 1.2771227918e+04 1.2513274210e+04 1.2235070359e+04 1.1936680102e+04 1.1618519533e+04 1.1281140355e+04 1.0925416693e+04 1.0552488731e+04 1.0163654427e+04 9.7605817244e+03 9.3450691680e+03 8.9191324577e+03 8.4849836828e+03 8.0449261226e+03 7.6013990414e+03 7.1568798289e+03 6.7138715123e+03 6.2748392192e+03 5.8422007819e+03 5.4182535053e+03 5.0051340172e+03 4.6048769299e+03 4.2192067990e+03 3.8496983834e+03 3.4976780383e+03 3.1641563650e+03 2.8499953006e+03 2.5556881158e+03 2.2815253841e+03 2.0276102897e+03 1.7937060717e+03 1.5794901387e+03 1.3843926825e+03 1.2076756988e+03 1.0485742337e+03 9.0607300881e+02 7.7918002627e+02 6.6683130455e+02 5.6788747744e+02 4.8127590006e+02 4.0585939717e+02 3.4055988035e+02 2.8435801999e+02 2.3623339117e+02 1.9527284677e+02 1.6060064927e+02 1.3140825514e+02 1.0698523668e+02 8.6651600273e+01 6.9823151919e+01 5.5975881900e+01 4.4640139040e+01 3.5418746218e+01 2.7955420037e+01 2.1949052157e+01 1.7144916776e+01 1.3321057993e+01 1.0296338022e+01 7.9166483911e+00 6.0542601725e+00 4.6063726206e+00 3.4858342310e+00 2.6239152673e+00 1.9647725929e+00 1.4632019826e+00 1.0840272036e+00 7.9877714246e-01 5.8540299311e-01 4.2680029783e-01 3.0945354102e-01 2.2318729602e-01 0.0000000000e+00 0.0000000000e+00 0.0000000000e+00 0.0000000000e+00 0.0000000000e+00 0.0000000000e+00 0.0000000000e+00 0.0000000000e+00 0.0000000000e+00 0.0000000000e+00 0.0000000000e+00
0.0000000000e+00 0.0000000000e+00 0.0000000000e+00 0.0000000000e+00 0.0000000000e+00 0.0000000000e+00 0.0000000000e+00 0.0000000000e+00 0.0000000000e+00 0.0000000000e+00 0.0000000000e+00 3.3128835269e-01 4.5931944430e-01 6.3347106056e-01 8.6883981209e-01 1.1854769459e+00 1.6087567656e+00 2.1713870881e+00 2.9156005841e+00 3.8935732316e+00 5.1723522412e+00 6.8347601102e+00 8.9827269609e+00 1.1745496053e+01 1.5275510884e+01 1.9762170993e+01 2.5433981343e+01 3.2559508078e+01 4.1467820261e+01 5.2536549762e+01 6.6212062077e+01 8.3022494724e+01 1.0355656406e+02 1.2851036891e+02 1.5866052449e+02 1.9487278234e+02 2.3815484726e+02 2.8955939867e+02 3.5028442396e+02 4.2162741530e+02 5.0494114016e+02 6.0173722420e+02 7.1352543337e+02 8.4190255886e+02 9.8855258480e+02 1.1550638634e+03 1.3431232288e+03 1.5543057868e+03 1.7900795392e+03 2.0519469725e+03 2.3410394885e+03 2.6584481792e+03 3.0050152476e+03 3.3812159830e+03 3.7873986209e+03 4.2234081715e+03 4.6888115411e+03 5.1828749212e+03 5.7043201542e+03 6.2516473539e+03 6.8228899948e+03 7.4157140359e+03 8.0275632934e+03 8.6554227965e+03 9.2961269386e+03 9.9462726067e+03 1.0602279125e+04 1.1260495687e+04 1.1917214802e+04 1.2568770284e+04 1.3211550729e+04 1.3842145769e+04 1.4457282181e+04 1.5053977026e+04 1.5629570865e+04 1.6181593736e+04 1.6708128719e+04 1.7207488307e+04 1.7678383825e+04 1.8119998986e+04 1.8531719128e+04 1.8913457039e+04 1.9265377264e+04 1.9587875737e+04 1.9881781340e+04 2.0147983931e+04 2.0387661101e+04 2.0602150880e+04 2.0792756484e+04 2.0961050295e+04 2.1108489145e+04 2.1236549238e+04 2.1346722169e+04 2.1440324421e+04 2.1518672347e+04 2.1582911130e+04 2.1634015010e+04 2.1672870127e+04 2.1700117187e+04 2.1716252359e+04 2.1721586589e+04 2.1716172995e+04 2.1699958123e+04 2.1672627652e+04 2.1633684518e+04 2.1582488014e+04 2.1518149227e+04 2.1439693987e+04 2.1345975665e+04 2.1235675900e+04 2.1107478666e+04 2.0959893082e+04 2.0791440880e+04 2.0600666361e+04 2.0385997215e+04 2.0146130492e+04 1.9879728496e+04 1.9585617893e+04 1.9262907245e+04 1.8910770421e+04 1.8528814042e+04 1.8116874915e+04 1.7675042432e+04 1.7203936858e+04 1.6704373518e+04 1.6177645244e+04 1.5625443832e+04 1.5049687279e+04 1.4452847405e+04 1.3837586863e+04 1.3206890812e+04 1.2564034598e+04 1.1912427896e+04 1.1255684060e+04 1.0597470671e+04 9.9414934505e+03 9.2914039407e+03 8.6507811990e+03 8.0230271843e+03 7.4113062075e+03 6.8186310092e+03 6.2475542880e+03 5.7004092541e+03 5.1791590512e+03 4.6853004117e+03 4.2201093643e+03 3.7843164542e+03 3.3783525943e+03 3.0023697995e+03 2.6560178863e+03 2.3388192273e+03 2.0499301217e+03 1.7882576408e+03 1.5526691685e+03 1.3416613986e+03 1.1537654763e+03 9.8740578504e+02 8.4089527657e+02 7.1264573614e+02 6.0097321272e+02 5.0428134997e+02 4.2106080331e+02 3.4980057175e+02 2.8914853052e+02 2.3780791236e+02 1.9458148808e+02 1.5841728192e+02 1.2830841582e+02 1.0338982924e+02 8.2885604650e+01 6.6100314528e+01 5.2445827766e+01 4.1394586613e+01 3.2500725325e+01 2.5387059443e+01 1.9724929794e+01 1.5246116928e+01 1.1722427005e+01 8.9647245090e+00 6.8207886215e+00 5.1615710896e+00 3.8853007175e+00 2.9092881910e+00 2.1665978696e+00 1.6051433163e+00 1.1827660553e+00 8.6681759737e-01 6.3197083227e-01 4.5821288002e-01 3.3047670777e-01 0.0000000000e+00 0.0000000000e+00 0.0000000000e+00 0.0000000000e+00 0.0000000000e+00 0.0000000000e+00 0.0000000000e+00 0.0000000000e+00 0.0000000000e+00 0.0000000000e+00 0.0000000000e+00
0.0000000000e+00 0.0000000000e+00 0.0000000000e+00 0.0000000000e+00 0.0000000000e+00 0.0000000000e+00 0.0000000000e+00 0.0000000000e+00 0.0000000000e+00 0.0000000000e+00 3.4887697503e-01 4.8631510061e-01 6.7426016711e-01 9.2990916287e-01 1.2754238475e+00 1.7402392788e+00 2.3616050925e+00 3.1875361817e+00 4.2800307937e+00 5.7156834780e+00 7.5929206223e+00 1.0033327215e+01 1.3186538462e+01 1.7242286901e+01 2.2424363671e+01 2.9010812188e+01 3.7337087380e+01 4.7797453374e+01 6.0874995810e+01 7.7124093893e+01 9.7200036934e+01 1.2187814808e+02 1.5202270570e+02 1.8865560510e+02 2.3291698569e+02 2.8607781870e+02 3.4961746033e+02 4.2508132318e+02 5.1422812611e+02 6.1896273175e+02 7.4127102782e+02 8.8337227943e+02 1.0474829047e+03 1.2359470723e+03 1.4512372387e+03 1.6956850538e+03 1.9717669507e+03 2.2817955003e+03 2.6279258140e+03 3.0123636267e+03 3.4367701663e+03 3.9027472867e+03 4.4115312380e+03 4.9638201073e+03 5.5601251767e+03 6.2002186102e+03 6.8834654030e+03 7.6087878867e+03 8.3743095622e+03 9.1778288659e+03 1.0016458701e+04 1.0886772372e+04 1.1785016868e+04 1.2706767287e+04 1.3647374968e+04 1.4601845155e+04 1.5564918849e+04 1.6531238065e+04 1.7495360544e+04 1.8451902870e+04 1.9395561677e+04 2.0321332854e+04 2.1224410015e+04 2.2100413488e+04 2.2945438043e+04 2.3755860398e+04 2.4528863515e+04 2.5261972507e+04 2.5953290871e+04 2.6601625311e+04 2.7206070679e+04 2.7766498630e+04 2.8283153286e+04 2.8756611683e+04 2.9188093061e+04 2.9578906090e+04 2.9930776855e+04 3.0245666777e+04 3.0525497762e+04 3.0772569285e+04 3.0989024143e+04 3.1177029075e+04 3.1338773754e+04 3.1476193032e+04 3.1591215565e+04 3.1685524636e+04 3.1760550948e+04 3.1817596338e+04 3.1857599135e+04 3.1881288212e+04 3.1889120513e+04 3.1881175223e+04 3.1857372436e+04 3.1817252930e+04 3.1760082996e+04 3.1684924753e+04 3.1590472522e+04 3.1475297306e+04 3.1337712808e+04 3.1175789080e+04 3.0987589996e+04 3.0770925505e+04 3.0523629745e+04 3.0243559661e+04 2.9928413694e+04 2.9576275415e+04 2.9185180217e+04 2.8753405562e+04 2.8279644709e+04 2.7762684687e+04 2.7201945704e+04 2.6597189218e+04 2.5948547844e+04 2.5256928799e+04 2.4523531541e+04 2.3750255261e+04 2.2939578549e+04 2.2094322318e+04 2.1218113405e+04 2.0314860501e+04 1.9388946130e+04 1.8445178597e+04 1.7488564261e+04 1.6524407494e+04 1.5558091705e+04 1.4595059574e+04 1.3640669786e+04 1.2700176953e+04 1.1778577279e+04 1.0880514381e+04 1.0010411803e+04 9.1720180443e+03 8.3687573384e+03 7.6035122180e+03 6.8784808199e+03 6.1955355099e+03 5.5557495759e+03 4.9597547635e+03 4.4077754343e+03 3.8992969245e+03 3.4336181440e+03 3.0095003651e+03 2.6253393669e+03 2.2794721984e+03 1.9696917297e+03 1.6938418410e+03 1.4496091961e+03 1.2345171993e+03 1.0462340721e+03 8.8228767348e+02 7.4033439978e+02 6.1815835329e+02 5.1354126127e+02 4.2449804970e+02 3.4912494789e+02 2.8566429109e+02 2.3257170054e+02 1.8836892922e+02 1.5178602818e+02 1.2168384045e+02 9.7041415038e+01 7.6995322870e+01 6.0771048619e+01 4.7714019473e+01 3.7270489086e+01 2.8957954262e+01 2.2382644697e+01 1.7209544720e+01 1.3160987596e+01 1.0013498070e+01 7.5776195922e+00 5.7039428241e+00 4.2710721738e+00 3.1807395955e+00 2.3564770751e+00 1.7363922221e+00 1.2725542435e+00 9.2778031855e-01 6.7269000012e-01 4.8516341355e-01 3.4803698241e-01 0.0000000000e+00 0.0000000000e+00 0.0000000000e+00 0.0000000000e+00 0.0000000000e+00 0.0000000000e+00 0.0000000000e+00 0.0000000000e+00 0.0000000000e+00 0.0000000000e+00
0.0000000000e+00 0.0000000000e+00 0.0000000000e+00 0.0000000000e+00 0.0000000000e+00 0.0000000000e+00 0.0000000000e+00 0.0000000000e+00 0.0000000000e+00 0.0000000000e+00 5.0752613499e-01 7.0746497625e-01 9.8087970640e-01 1.3527881996e+00 1.8554310845e+00 2.5316301646e+00 3.4355758714e+00 4.6371204805e+00 6.2264582784e+00 8.3150199578e+00 1.1045996480e+01 1.4596271201e+01 1.9183534750e+01 2.5083812751e+01 3.2622682856e+01 4.2204647637e+01 5.4317733114e+01 6.9535527705e+01 8.8560839357e+01 1.1220019405e+02 1.4140693814e+02 1.7730904417e+02 2.2116390244e+02 2.7445819034e+02 3.3885065498e+02 4.1619040094e+02 5.0862960211e+02 6.1841667226e+02 7.4811030749e+02 9.0048177334e+02 1.0784203897e+03 1.2851546800e+03 1.5239094459e+03 1.7980951882e+03 2.1113087022e+03 2.4669426604e+03 2.8685998876e+03 3.3196448927e+03 3.8232130754e+03 4.3825136692e+03 4.9999633032e+03 5.6778933758e+03 6.4181016261e+03 7.2216046425e+03 8.0891455191e+03 9.0203936350e+03 1.0014424438e+04 1.1069671330e+04 1.2183403326e+04 1.3352417820e+04 1.4572514495e+04 1.5838708158e+04 1.7145538190e+04 1.8486567351e+04 1.9855033932e+04 2.1243667372e+04 2.2644820535e+04 2.4050696775e+04 2.5453376255e+04 2.6845029728e+04 2.8217940405e+04 2.9564826649e+04 3.0878695839e+04 3.2153178140e+04 3.3382590238e+04 3.4561659047e+04 3.5686287863e+04 3.6752877090e+04 3.7758666989e+04 3.8701918197e+04 3.9581319348e+04 4.0396677712e+04 4.1148350775e+04 4.1837179128e+04 4.2464937272e+04 4.3033526510e+04 4.3545456201e+04 4.4003589843e+04 4.4410710249e+04 4.4770171381e+04 4.5085090463e+04 4.5358617566e+04 4.5593941087e+04 4.5793869561e+04 4.5961214661e+04 4.6098426168e+04 4.6207582061e+04 4.6290578429e+04 4.6348778604e+04 4.6383244979e+04 4.6394644754e+04 4.6383087818e+04 4.6348460356e+04 4.6290092843e+04 4.6206923867e+04 4.6097581520e+04 4.5960170419e+04 4.5792609900e+04 4.5592447837e+04 4.5356872697e+04 4.5083072828e+04 4.4767861210e+04 4.4408082002e+04 4.4000625507e+04 4.3542134284e+04 4.3029824625e+04 4.2460838335e+04 4.1832669827e+04 4.1143416524e+04 4.0391310745e+04 3.9575514790e+04 3.8695677030e+04 3.7751993260e+04 3.6745782475e+04 3.5678788033e+04 3.4553772584e+04 3.3374344455e+04 3.2144607462e+04 3.0869837429e+04 2.9555720581e+04 2.8208632351e+04 2.6835568043e+04 2.5443814670e+04 2.4041086179e+04 2.2635215940e+04 2.1234121208e+04 1.9845599965e+04 1.8477296330e+04 1.7136478345e+04 1.5829902911e+04 1.4564006916e+04 1.3344242783e+04 1.2175591363e+04 1.1062248841e+04 1.0007411267e+04 9.0138044630e+03 8.0829892707e+03 7.2158851753e+03 6.4128176139e+03 5.6730392024e+03 4.9955290772e+03 4.3784853683e+03 3.8195742038e+03 3.3163761410e+03 2.8656803806e+03 2.4643494433e+03 2.1090183240e+03 1.7960834682e+03 1.5221525824e+03 1.2836288731e+03 1.0771026993e+03 8.9935020577e+02 7.4714406226e+02 6.1759617048e+02 5.0793675991e+02 4.1560866420e+02 3.3836494720e+02 2.7405493922e+02 2.2083097457e+02 1.7703572165e+02 1.4118381598e+02 1.1201906488e+02 8.8414625966e+01 6.9418166829e+01 5.4224056141e+01 4.2130299172e+01 3.2564003078e+01 2.5037761010e+01 1.9147598604e+01 1.4568382148e+01 1.1024476514e+01 8.2985081101e+00 6.2138593131e+00 4.6275620624e+00 3.4283643668e+00 2.5262200494e+00 1.8513955924e+00 1.3497945498e+00 9.7867169554e-01 7.0584547476e-01 5.0634497096e-01 0.0000000000e+00 0.0000000000e+00 0.0000000000e+00 0.0000000000e+00 0.0000000000e+00 0.0000000000e+00 0.0000000000e+00 0.0000000000e+00 0.0000000000e+00 0.0000000000e+00
0.0000000000e+00 0.0000000000e+00 0.0000000000e+00 0.0000000000e+00 0.0000000000e+00 0.0000000000e+00 0.0000000000e+00 0.0000000000e+00 0.0000000000e+00 5.2215615742e-01 7.3192189460e-01 1.0202634007e+00 1.4145689706e+00 1.9509188195e+00 2.6758096561e+00 3.6509980674e+00 4.9546371937e+00 6.6874663467e+00 8.9795637775e+00 1.1991633733e+01 1.5930186067e+01 2.1050321721e+01 2.7665996306e+01 3.6175295102e+01 4.7047767190e+01 6.0866794857e+01 7.8336215000e+01 1.0028326816e+02 1.2772155640e+02 1.6181427770e+02 2.0393636425e+02 2.5571463036e+02 3.1896248577e+02 3.9582411778e+02 4.8869181380e+02 6.0023239440e+02 7.3354991556e+02 8.9188704993e+02 1.0789340970e+03 1.2986879438e+03 1.5553157237e+03 1.8534737569e+03 2.1978131400e+03 2.5932525504e+03 3.0449798039e+03 3.5578878751e+03 4.1371730955e+03 4.7876878043e+03 5.5139544877e+03 6.3206016232e+03 7.2111151954e+03 8.1888566875e+03 9.2564203908e+03 1.0415271129e+04 1.1666482832e+04 1.3009577066e+04 1.4443220617e+04 1.5965154942e+04 1.7571440799e+04 1.9257460458e+04 2.1017155058e+04 2.2843333845e+04 2.4728124390e+04 2.6662237764e+04 2.8635926046e+04 3.0638701140e+04 3.2659535701e+04 3.4687182482e+04 3.6710220559e+04 3.8717355184e+04 4.0697459474e+04 4.2640031976e+04 4.4534985920e+04 4.6373133671e+04 4.8146278822e+04 4.9846815923e+04 5.1468838233e+04 5.3007149386e+04 5.4457771747e+04 5.5818198523e+04 5.7086538198e+04 5.8262507704e+04 5.9346628209e+04 6.0340108204e+04 6.1245507614e+04 6.2065571698e+04 6.2803916883e+04 6.3464668771e+04 6.4051850654e+04 6.4570293590e+04 6.5024494410e+04 6.5418997068e+04 6.5758398828e+04 6.6046755177e+04 6.6288112100e+04 6.6486010134e+04 6.6643445906e+04 6.6763150836e+04 6.6847095991e+04 6.6896809237e+04 6.6913252170e+04 6.6896586704e+04 6.6846652269e+04 6.6762473629e+04 6.6642525950e+04 6.6484834340e+04 6.6286655635e+04 6.6044996377e+04 6.5756316338e+04 6.5416566055e+04 6.5021680743e+04 6.4567069921e+04 6.4048188050e+04 6.3460533342e+04 6.2799281764e+04 6.2060406752e+04 6.1239792520e+04 6.0333819989e+04 5.9339744588e+04 5.8255023993e+04 5.7078444203e+04 5.5809498617e+04 5.4448466861e+04 5.2997253881e+04 5.1458376806e+04 4.9835819640e+04 4.8134779680e+04 4.6361181404e+04 4.4522630988e+04 4.2627331070e+04 4.0684478586e+04 3.8704161804e+04 3.6696884984e+04 3.4673778815e+04 3.2646138939e+04 3.0625388469e+04 2.8622769330e+04 2.6649307990e+04 2.4715488951e+04 2.2831054610e+04 2.1005290122e+04 1.9246059555e+04 1.7560546622e+04 1.5954803525e+04 1.4433440030e+04 1.3000387976e+04 1.1657897160e+04 1.0407295156e+04 9.2490512927e+03 8.1820871495e+03 7.2049312382e+03 6.3149838666e+03 5.5088802103e+03 4.7831294416e+03 4.1331014876e+03 3.5542716945e+03 3.0417858504e+03 2.5904472985e+03 2.1953631376e+03 1.8513461061e+03 1.5534781724e+03 1.2971100128e+03 1.0775866667e+03 8.9074285654e+02 7.3258379868e+02 5.9942122380e+02 4.8801452610e+02 3.9526181312e+02 3.1849825376e+02 2.5533350308e+02 2.0362525387e+02 1.6156171808e+02 1.2751768382e+02 1.0011963147e+02 7.8205602658e+01 6.0763133162e+01 4.6965954082e+01 3.6111087643e+01 2.7615893264e+01 2.1011439323e+01 1.5900183585e+01 1.1968613511e+01 8.9619989528e+00 6.6741412999e+00 4.9445836794e+00 3.6434563394e+00 2.6701840598e+00 1.9467456883e+00 1.4114911631e+00 1.0180059489e+00 7.3027547922e-01 5.2096238257e-01 0.0000000000e+00 0.0000000000e+00 0.0000000000e+00 0.0000000000e+00 0.0000000000e+00 0.0000000000e+00 0.0000000000e+00 0.0000000000e+00 0.0000000000e+00
0.0000000000e+00 0.0000000000e+00 0.0000000000e+00 0.0000000000e+00 0.0000000000e+00 0.0000000000e+00 0.0000000000e+00 0.0000000000e+00 0.0000000000e+00 7.4641179534e-01 1.0462701743e+00 1.4584529448e+00 2.0221120933e+00 2.7888250839e+00 3.8250601016e+00 5.2190996015e+00 7.0826657337e+00 9.5597693741e+00 1.2836361184e+01 1.7142174903e+01 2.2772425178e+01 3.0091788778e+01 3.9549081013e+01 5.1713388085e+01 6.7255952829e+01 8.7010748737e+01 1.1198396346e+02 1.4335817692e+02 1.8258240814e+02 2.3131954030e+02 2.9153509630e+02 3.6555475354e+02 4.5597092569e+02 5.6584889486e+02 6.9860860006e+02 8.5806249942e+02 1.0486481195e+03 1.2750011917e+03 1.5423972560e+03 1.8565502790e+03 2.2234174794e+03 2.6496558951e+03 3.1419144346e+03 3.7072249467e+03 4.3530038717e+03 5.0862461629e+03 5.9143810585e+03 6.8443453723e+03 7.8826048908e+03 9.0357757443e+03 1.0308841744e+04 1.1706609981e+04 1.3232787735e+04 1.4889471486e+04 1.6678194354e+04 1.8598273742e+04 2.0647803828e+04 2.2823556209e+04 2.5119898649e+04 2.7530229983e+04 3.0045891560e+04 3.2656598675e+04 3.5351098991e+04 3.8116114605e+04 4.0937707879e+04 4.3800886699e+04 4.6689883313e+04 4.9588621375e+04 5.2480774159e+04 5.5350191228e+04 5.8180969230e+04 6.0958087594e+04 6.3667137956e+04 6.6294974913e+04 6.8829886412e+04 7.1260994774e+04 7.3579860708e+04 7.5779051704e+04 7.7852886201e+04 7.9797772811e+04 8.1611004934e+04 8.3292194219e+04 8.4842068964e+04 8.6262366116e+04 8.7556739519e+04 8.8729115909e+04 8.9784669580e+04 9.0729295988e+04 9.1568738756e+04 9.2309917630e+04 9.2959250361e+04 9.3523237509e+04 9.4008452847e+04 9.4420693028e+04 9.4765744964e+04 9.5048667204e+04 9.5273741044e+04 9.5444873902e+04 9.5564886886e+04 9.5635962679e+04 9.5659476911e+04 9.5635659518e+04 9.5564273398e+04 9.5443942236e+04 9.5272471360e+04 9.5047037666e+04 9.4763732323e+04 9.4418264186e+04 9.4005578010e+04 9.3519878032e+04 9.2955361746e+04 9.2305461233e+04 9.1563675208e+04 9.0723578207e+04 8.9778264019e+04 8.8721979653e+04 8.7548839847e+04 8.6253671858e+04 8.4832556321e+04 8.3281847623e+04 8.1599816083e+04 7.9785741568e+04 7.7840021418e+04 7.5765376939e+04 7.3565400656e+04 7.1245794074e+04 6.8813989907e+04 6.6278453795e+04 6.3650057597e+04 6.0940533859e+04 5.8163024436e+04 5.5331952813e+04 5.2462339594e+04 4.9570094126e+04 4.6671366483e+04 4.3782482788e+04 4.0919521076e+04 3.8098242141e+04 3.5333633085e+04 3.2639625330e+04 3.0029489321e+04 2.7514470302e+04 2.5104839888e+04 2.2809246940e+04 2.0634284478e+04 1.8585571934e+04 1.6666326947e+04 1.4878445618e+04 1.3222602081e+04 1.1697252817e+04 1.0300294153e+04 9.0280104427e+03 7.8755905365e+03 6.8380447461e+03 5.9087534428e+03 5.0812477558e+03 4.3485889228e+03 3.7033474949e+03 3.1385279632e+03 2.6467149952e+03 2.2208778687e+03 1.8543692769e+03 1.5405349149e+03 1.2734197588e+03 1.0473128307e+03 8.5694135930e+02 6.9767252798e+02 5.6507173828e+02 4.5532931735e+02 3.6502802302e+02 2.9110512261e+02 2.3097048466e+02 1.8230066198e+02 1.4313203204e+02 1.1180346131e+02 8.6867490968e+01 6.7142891195e+01 5.1624656486e+01 3.9479844936e+01 3.0038058527e+01 2.2730965826e+01 1.7110365131e+01 1.2812090631e+01 9.5413567553e+00 7.0687745494e+00 5.2086788275e+00 3.8172872439e+00 2.7830592040e+00 2.0178596441e+00 1.4553340096e+00 1.0439955308e+00 7.4476251203e-01 0.0000000000e+00 0.0000000000e+00 0.0000000000e+00 0.0000000000e+00 0.0000000000e+00 0.0000000000e+00 0.0000000000e+00 0.0000000000e+00 0.0000000000e+00
0.0000000000e+00 0.0000000000e+00 0.0000000000e+00 0.0000000000e+00 0.0000000000e+00 0.0000000000e+00 0.0000000000e+00 0.0000000000e+00 7.5051006421e-01 1.0574212563e+00 1.4822257820e+00 2.0661598754e+00 2.8646904692e+00 3.9508875023e+00 5.4189178936e+00 7.3938531258e+00 1.0033971601e+01 1.3543297219e+01 1.8185272069e+01 2.4285364848e+01 3.2261814610e+01 4.2631277551e+01 5.6029601251e+01 7.3263034648e+01 9.5282560654e+01 1.2326970656e+02 1.5864998040e+02 2.0309880191e+02 2.5866910195e+02 3.2771675429e+02 4.1302644008e+02 5.1789307340e+02 6.4598954170e+02 8.0165857190e+02 9.8974552726e+02 1.2156517292e+03 1.4856640777e+03 1.8063504589e+03 2.1851852027e+03 2.6302635612e+03 3.1500261166e+03 3.7539036457e+03 4.4513169437e+03 5.2522283752e+03 6.1671462743e+03 7.2059799545e+03 8.3792559901e+03 9.6968019560e+03 1.1167778229e+04 1.2801561160e+04 1.4605210024e+04 1.6585535320e+04 1.8747789552e+04 2.1094944816e+04 2.3629172182e+04 2.6349507354e+04 2.9253245986e+04 3.2335817935e+04 3.5589244537e+04 3.9004168718e+04 4.2568325635e+04 4.6267146410e+04 5.0084689503e+04 5.4002138871e+04 5.7999747357e+04 6.2056279006e+04 6.6149390604e+04 7.0256308188e+04 7.4353897803e+04 7.8419278916e+04 8.2429914434e+04 8.6364529907e+04 9.0202706529e+04 9.3925821011e+04 9.7517281014e+04 1.0096168303e+05 1.0424705553e+05 1.0736287275e+05 1.1030107879e+05 1.1305660241e+05 1.1562559471e+05 1.1800750232e+05 1.2020337024e+05 1.2221565755e+05 1.2404952949e+05 1.2571056056e+05 1.2720607419e+05 1.2854442002e+05 1.2973375251e+05 1.3078385323e+05 1.3170383480e+05 1.3250289761e+05 1.3319035399e+05 1.3377441569e+05 1.3426329447e+05 1.3466413734e+05 1.3498303191e+05 1.3522549358e+05 1.3539553779e+05 1.3549624596e+05 1.3552955774e+05 1.3549582149e+05 1.3539470050e+05 1.3522422018e+05 1.3498128747e+05 1.3466190933e+05 1.3426054170e+05 1.3377109159e+05 1.3318641288e+05 1.3249829652e+05 1.3169851372e+05 1.3077775128e+05 1.2972681327e+05 1.2853659691e+05 1.2719729737e+05 1.2570078078e+05 1.2403870735e+05 1.2220374647e+05 1.2019034516e+05 1.1799333547e+05 1.1561027357e+05 1.1304011622e+05 1.1028345531e+05 1.0734413705e+05 1.0422724523e+05 1.0094086261e+05 9.7495511357e+04 9.3903192120e+04 9.0179312879e+04 8.6340482541e+04 8.2405332453e+04 7.8394293512e+04 7.4328642853e+04 7.0230927868e+04 6.6124023269e+04 6.2031070175e+04 5.7974834041e+04 5.3977656292e+04 5.0060761689e+04 4.6243895371e+04 4.2545857041e+04 3.8982579060e+04 3.5568614633e+04 3.2316216739e+04 2.9234727228e+04 2.6332105288e+04 2.3612915127e+04 2.1079840944e+04 1.8733837408e+04 1.6572716994e+04 1.4593500105e+04 1.2790924052e+04 1.1158170333e+04 9.6881709968e+03 8.3715467823e+03 7.1991329473e+03 6.1610983346e+03 5.2469170699e+03 4.4466783002e+03 3.7498752308e+03 3.1465472881e+03 2.6272761813e+03 2.1826342260e+03 1.8041842682e+03 1.4838350364e+03 1.2141160488e+03 9.8846333675e+02 8.0059408626e+02 6.4511072927e+02 5.1717163139e+02 4.1243754632e+02 3.2723868412e+02 2.5828321598e+02 2.0278908431e+02 1.5840276164e+02 1.2307350602e+02 9.5127715854e+01 7.3141516236e+01 5.5934780852e+01 4.2557693395e+01 3.2205039034e+01 2.4241802073e+01 1.8152033577e+01 1.3518083150e+01 1.0014949030e+01 7.3795829872e+00 5.4082744154e+00 3.9429922631e+00 2.8588676753e+00 2.0618893286e+00 1.4791113889e+00 1.0551630661e+00 7.4888157061e-01 0.0000000000e+00 0.0000000000e+00 0.0000000000e+00 0.0000000000e+00 0.0000000000e+00 0.0000000000e+00 0.0000000000e+00 0.0000000000e+00
0.0000000000e+00 0.0000000000e+00 0.0000000000e+00 0.0000000000e+00 0.0000000000e+00 0.0000000000e+00 0.0000000000e+00 0.0000000000e+00 1.0541930875e+00 1.4852828575e+00 2.0819795527e+00 2.9021973588e+00 4.0238486334e+00 5.5495725076e+00 7.6116413798e+00 1.0385739939e+01 1.4094198153e+01 1.9023601889e+01 2.5544004062e+01 3.4112584350e+01 4.5316837466e+01 5.9882501457e+01 7.8702746927e+01 1.0291010425e+02 1.3384041505e+02 1.7315337034e+02 2.2285137536e+02 2.8528792844e+02 3.6334672925e+02 4.6033713214e+02 5.8017085906e+02 7.2747622167e+02 9.0741265465e+02 1.1260804218e+03 1.3902858147e+03 1.7076163153e+03 2.0869035040e+03 2.5373730133e+03 3.0695245879e+03 3.6947298478e+03 4.4248451158e+03 5.2731192206e+03 6.2527849115e+03 7.3778375555e+03 8.6630375934e+03 1.0122306362e+04 1.1770430172e+04 1.3621215081e+04 1.5687529659e+04 1.7982543995e+04 2.0516175383e+04 2.3297991411e+04 2.6335372726e+04 2.9632490697e+04 3.3192399064e+04 3.7013739453e+04 4.1092720884e+04 4.5422916206e+04 4.9993118346e+04 5.4790192615e+04 5.9796896108e+04 6.4992775070e+04 7.0355426638e+04 7.5858430985e+04 8.1474039888e+04 8.7172422731e+04 9.2922196213e+04 9.8691360871e+04 1.0444743198e+05 1.1015825761e+05 1.1579218327e+05 1.2131932833e+05 1.2671099723e+05 1.3194103816e+05 1.3698613800e+05 1.4182466227e+05 1.4643978523e+05 1.5081673293e+05 1.5494418688e+05 1.5881500873e+05 1.6242380843e+05 1.6576980617e+05 1.6885445959e+05 1.7168121682e+05 1.7425735958e+05 1.7659069986e+05 1.7869152482e+05 1.8057157390e+05 1.8224229475e+05 1.8371742829e+05 1.8500977785e+05 1.8613227290e+05 1.8709798061e+05 1.8791844717e+05 1.8860519936e+05 1.8916829660e+05 1.8961625908e+05 1.8995686999e+05 1.9019574050e+05 1.9033721833e+05 1.9038403498e+05 1.9033665320e+05 1.9019459963e+05 1.8995513899e+05 1.8961389826e+05 1.8916526478e+05 1.8860145388e+05 1.8791392895e+05 1.8709262964e+05 1.8612601575e+05 1.8500254715e+05 1.8370914682e+05 1.8223287407e+05 1.8056094698e+05 1.7867960575e+05 1.7657742494e+05 1.7424266728e+05 1.7166504763e+05 1.6883676482e+05 1.6575056273e+05 1.6240299606e+05 1.5879263047e+05 1.5492025520e+05 1.5079128703e+05 1.4641288256e+05 1.4179638052e+05 1.3695657299e+05 1.3191030452e+05 1.2667922646e+05 1.2128666916e+05 1.1575880315e+05 1.1012432345e+05 1.0441313294e+05 9.8656893442e+04 9.2887743113e+04 8.7138181866e+04 8.1440203238e+04 7.5825177411e+04 7.0322929764e+04 6.4961197428e+04 5.9766381462e+04 5.4760868367e+04 4.9965103357e+04 4.5396295032e+04 4.1067569143e+04 3.6990108068e+04 3.3170320446e+04 2.9611979172e+04 2.6316422991e+04 2.3280583068e+04 2.0500272663e+04 1.7968097672e+04 1.5674481077e+04 1.3609494167e+04 1.1759960993e+04 1.0113007797e+04 8.6548247477e+03 7.3706247057e+03 6.2464856093e+03 5.2676486344e+03 4.4201208874e+03 3.6906728286e+03 3.0660603049e+03 2.5344314773e+03 2.0844197126e+03 1.7055310416e+03 1.3885447291e+03 1.1246349384e+03 9.0621930020e+02 7.2649655685e+02 5.7937115430e+02 4.5968799115e+02 3.6282275560e+02 2.8486737152e+02 2.2251570637e+02 1.7288697235e+02 1.3363017172e+02 1.0274511328e+02 7.8574004161e+01 5.9782594858e+01 4.5239752516e+01 3.4053439904e+01 2.5498878180e+01 1.8989369723e+01 1.4068372598e+01 1.0366367480e+01 7.5971923111e+00 5.5388544477e+00 4.0159442895e+00 2.8964002004e+00 2.0777519095e+00 1.4822176011e+00 1.0519825588e+00 0.0000000000e+00 0.0000000000e+00 0.0000000000e+00 0.0000000000e+00 0.0000000000e+00 0.0000000000e+00 0.0000000000e+00 0.0000000000e+00
0.0000000000e+00 0.0000000000e+00 0.0000000000e+00 0.0000000000e+00 0.0000000000e+00 0.0000000000e+00 0.0000000000e+00 0.0000000000e+00 1.4674928133e+00 2.0675971214e+00 2.8982386899e+00 4.0400387651e+00 5.6014586713e+00 7.7253809406e+00 1.0595941661e+01 1.4457710787e+01 1.9620193241e+01 2.6482346968e+01 3.5559324269e+01 4.7487569741e+01 6.3084940112e+01 8.3361742470e+01 1.0956137784e+02 1.4326046732e+02 1.8631865181e+02 2.4104643728e+02 3.1023142533e+02 3.9714996660e+02 5.0581658025e+02 6.4083831367e+02 8.0766079500e+02 1.0127273258e+03 1.2632205047e+03 1.5676327433e+03 1.9354396289e+03 2.3772038464e+03 2.9052199865e+03 3.5323320488e+03 4.2731572813e+03 5.1435265036e+03 6.1599458084e+03 7.3408592558e+03 8.7046895548e+03 1.0270920308e+04 1.2060100756e+04 1.4091612186e+04 1.6386038918e+04 1.8962601805e+04 2.1839216893e+04 2.5034217582e+04 2.8561413175e+04 3.2434124641e+04 3.6662622936e+04 4.1252719217e+04 4.6208665402e+04 5.1528568293e+04 5.7207155650e+04 6.3235474337e+04 6.9597928426e+04 7.6276223620e+04 8.3246366330e+04 9.0479876405e+04 9.7945567398e+04 1.0560665622e+05 1.1342451414e+05 1.2135761475e+05 1.2936226363e+05 1.3739391051e+05 1.4540733087e+05 1.5335776594e+05 1.6120115886e+05 1.6889588243e+05 1.7640201162e+05 1.8368313327e+05 1.9070679063e+05 1.9744285105e+05 2.0386790662e+05 2.0996137345e+05 2.1570751871e+05 2.2109638549e+05 2.2612046035e+05 2.3077868046e+05 2.3507306105e+05 2.3900840454e+05 2.4259485048e+05 2.4584327477e+05 2.4876799805e+05 2.5138536831e+05 2.5371130347e+05 2.5576495746e+05 2.5756413329e+05 2.5912684724e+05 2.6047128474e+05 2.6161351702e+05 2.6256961490e+05 2.6335355236e+05 2.6397719975e+05 2.6445140148e+05 2.6478395447e+05 2.6498092512e+05 2.6504611754e+05 2.6498016188e+05 2.6478241710e+05 2.6444906326e+05 2.6397402362e+05 2.6334946708e+05 2.6256456813e+05 2.6160745447e+05 2.6046407553e+05 2.5911842415e+05 2.5755440194e+05 2.5575380309e+05 2.5369862522e+05 2.5137106356e+05 2.4875195810e+05 2.4582540771e+05 2.4257506883e+05 2.3898664095e+05 2.3504924565e+05 2.3075277179e+05 2.2609245607e+05 2.2106625143e+05 2.1567530281e+05 2.0992712862e+05 2.0383169734e+05 1.9740478118e+05 1.9066699093e+05 1.8364176913e+05 1.7635924657e+05 1.6885192402e+05 1.6115622346e+05 1.5331209512e+05 1.4536116333e+05 1.3734751365e+05 1.2931589274e+05 1.2131152863e+05 1.1337897517e+05 1.0556189572e+05 9.7901832040e+04 9.0437374981e+04 8.3205298467e+04 7.6236758707e+04 6.9560217526e+04 6.3199643406e+04 5.7173300748e+04 5.1496762747e+04 4.6178948150e+04 4.1225112079e+04 3.6637117971e+04 3.2410694039e+04 2.8540009697e+04 2.5014775632e+04 2.1821653973e+04 1.8946827039e+04 1.6371948798e+04 1.4079096944e+04 1.2049047404e+04 1.0261212530e+04 8.6962113049e+03 7.3334964784e+03 6.1535875603e+03 5.1380665085e+03 4.2684949008e+03 3.5283734509e+03 2.9018774379e+03 2.3743974838e+03 1.9330965012e+03 1.5656875479e+03 1.2616145510e+03 1.0114089644e+03 8.0658461943e+02 6.3996473434e+02 5.0511146772e+02 3.9658403301e+02 3.0977971583e+02 2.4068795964e+02 1.8603574289e+02 1.4303845156e+02 1.0938814465e+02 8.3227314093e+01 6.2981217777e+01 4.7407989252e+01 3.5498608340e+01 2.6436289090e+01 1.9585445963e+01 1.4431646449e+01 1.0576501061e+01 7.7109609158e+00 5.5908241127e+00 4.0322398066e+00 2.8925512008e+00 2.0634735200e+00 1.4645191439e+00 0.0000000000e+00 0.0000000000e+00 0.0000000000e+00 0.0000000000e+00 0.0000000000e+00 0.0000000000e+00 0.0000000000e+00 0.0000000000e+00
0.0000000000e+00 0.0000000000e+00 0.0000000000e+00 0.0000000000e+00 0.0000000000e+00 0.0000000000e+00 0.0000000000e+00 1.4291850839e+00 2.0249058515e+00 2.8529599492e+00 3.9991232851e+00 5.5746431169e+00 7.7291817298e+00 1.0659899811e+01 1.4620883046e+01 1.9949609707e+01 2.7073161244e+01 3.6542055035e+01 4.9067141919e+01 6.5526648028e+01 8.7049136491e+01 1.1502871538e+02 1.5118117751e+02 1.9768207272e+02 2.5709756341e+02 3.3261591753e+02 4.2808375893e+02 5.4802219817e+02 6.9797093067e+02 8.8428724804e+02 1.1144857502e+03 1.3974576547e+03 1.7431143142e+03 2.1631749295e+03 2.6707147237e+03 3.2803097205e+03 4.0089256719e+03 4.8742864463e+03 5.8965623281e+03 7.0975999506e+03 8.5001758843e+03 1.0129742736e+04 1.2011722317e+04 1.4173000845e+04 1.6641935882e+04 1.9445271973e+04 2.2611415444e+04 2.6166891121e+04 3.0136418838e+04 3.4545304968e+04 3.9412600619e+04 4.4756686605e+04 5.0591743082e+04 5.6925784912e+04 6.3764687221e+04 7.1105833977e+04 7.8941943860e+04 8.7260669256e+04 9.6040488174e+04 1.0525616206e+05 1.1487457564e+05 1.2485642214e+05 1.3515868029e+05 1.4573057671e+05 1.5651881725e+05 1.6746608471e+05 1.7851209907e+05 1.8959537536e+05 2.0065350099e+05 2.1162472639e+05 2.2244822778e+05 2.3306660440e+05 2.4342471519e+05 2.5347232418e+05 2.6316465441e+05 2.7246011840e+05 2.8132640928e+05 2.8973513890e+05 2.9766456951e+05 3.0510096583e+05 3.1203399085e+05 3.1846212820e+05 3.2438820070e+05 3.2981881737e+05 3.3476796700e+05 3.3925064195e+05 3.4328664387e+05 3.4689851443e+05 3.5010820603e+05 3.5294216805e+05 3.5542497209e+05 3.5758145170e+05 3.5943672709e+05 3.6101297114e+05 3.6233234757e+05 3.6341414836e+05 3.6427477169e+05 3.6492915783e+05 3.6538807955e+05 3.6565991516e+05 3.6574988667e+05 3.6565889470e+05 3.6538603505e+05 3.6492604328e+05 3.6427053582e+05 3.6340871445e+05 3.6232562055e+05 3.6100486147e+05 3.5942712345e+05 3.5757021660e+05 3.5541198855e+05 3.5292728659e+05 3.5009129716e+05 3.4687941875e+05 3.4326524674e+05 3.3922681704e+05 3.3474156884e+05 3.2978978339e+05 3.2435642497e+05 3.1842756829e+05 3.1199661080e+05 3.0506077060e+05 2.9762158540e+05 2.8968945272e+05 2.8127810052e+05 2.7240933447e+05 2.6311155292e+05 2.5341713397e+05 2.4336765916e+05 2.3300796154e+05 2.2238828121e+05 2.1156380359e+05 2.0059192199e+05 1.8953348059e+05 1.7845023331e+05 1.6740460043e+05 1.5645805743e+05 1.4567086600e+05 1.3510032620e+05 1.2479972611e+05 1.1481978255e+05 1.0520351019e+05 9.5990185273e+04 8.7212869628e+04 7.8896778697e+04 7.1063399717e+04 6.3725043863e+04 5.6888959320e+04 5.0557718828e+04 4.4725430089e+04 3.9384046832e+04 3.4519366237e+04 3.0112991163e+04 2.6145846274e+04 2.2592618479e+04 1.9428576855e+04 1.6627190470e+04 1.4160050475e+04 1.2000412425e+04 1.0119921505e+04 8.4916945260e+03 7.0903162530e+03 5.8903431584e+03 4.8690055516e+03 4.0044668737e+03 3.2765662992e+03 2.6675892085e+03 2.1605801056e+03 1.7409722483e+03 1.3956991052e+03 1.1130502981e+03 8.8312202495e+02 6.9703041258e+02 5.4726735220e+02 4.2748127633e+02 3.3213777458e+02 2.5672021714e+02 1.9738594977e+02 1.5095012501e+02 1.1484942902e+02 8.6910798670e+01 6.5420514896e+01 4.8986163083e+01 3.6480627537e+01 2.7026821235e+01 1.9914849941e+01 1.4594958067e+01 1.0640670040e+01 7.7150002157e+00 5.5642428459e+00 3.9915390678e+00 2.8474612581e+00 2.0209405769e+00 1.4263423312e+00 0.0000000000e+00 0.0000000000e+00 0.0000000000e+00 0.0000000000e+00 0.0000000000e+00 0.0000000000e+00 0.0000000000e+00
0.0000000000e+00 0.0000000000e+00 0.0000000000e+00 0.0000000000e+00 0.0000000000e+00 0.0000000000e+00 0.0000000000e+00 1.9548855931e+00 2.7697373427e+00 3.9023868405e+00 5.4701631743e+00 7.6252382215e+00 1.0572329427e+01 1.4581128534e+01 1.9999190503e+01 2.7288143791e+01 3.7032184600e+01 4.9984356349e+01 6.7117015708e+01 8.9631482792e+01 1.1907149694e+02 1.5734405644e+02 2.0679616312e+02 2.7040376561e+02 3.5167707806e+02 4.5497736350e+02 5.8556643270e+02 7.4962871135e+02 9.5474193139e+02 1.2096024318e+03 1.5244893478e+03 1.9115651975e+03 2.3843878681e+03 2.9589882275e+03 3.6532522159e+03 4.4871184734e+03 5.4837950311e+03 6.6675269602e+03 8.0659056572e+03 9.7088149801e+03 1.1627413760e+04 1.3856517388e+04 1.6430902162e+04 1.9387347663e+04 2.2764643994e+04 2.6599377811e+04 3.0930405298e+04 3.5794012174e+04 4.1224017983e+04 4.7255031365e+04 5.3913123287e+04 6.1223435574e+04 6.9205365943e+04 7.7869880783e+04 8.7225007338e+04 9.7267179040e+04 1.0798644022e+05 1.1936588975e+05 1.3137609925e+05 1.4398252813e+05 1.5713989164e+05 1.7079442593e+05 1.8488726020e+05 1.9934895269e+05 2.1410660549e+05 2.2908180037e+05 2.4419208172e+05 2.5935335336e+05 2.7448022391e+05 2.8948822888e+05 3.0429415192e+05 3.1881948032e+05 3.3298879731e+05 3.4673338186e+05 3.5999195093e+05 3.7270763210e+05 3.8483623888e+05 3.9633894444e+05 4.0718595098e+05 4.1735857715e+05 4.2684258414e+05 4.3563593773e+05 4.4374249207e+05 4.5117130670e+05 4.5794148551e+05 4.6407356689e+05 4.6959461822e+05 4.7453545462e+05 4.7892617220e+05 4.8280289216e+05 4.8619924378e+05 4.8914919639e+05 4.9168712677e+05 4.9384336324e+05 4.9564820134e+05 4.9712804626e+05 4.9830534646e+05 4.9920053977e+05 4.9982834742e+05 5.0020019740e+05 5.0032331022e+05 5.0019886600e+05 4.9982562289e+05 4.9919642046e+05 4.9829975935e+05 4.9712086626e+05 4.9563930363e+05 4.9383264531e+05 4.9167439989e+05 4.8913434896e+05 4.8618208624e+05 4.8278321481e+05 4.7890380613e+05 4.7451019788e+05 4.6956632256e+05 4.6404206533e+05 4.5790660722e+05 4.5113291032e+05 4.4370048062e+05 4.3559024921e+05 4.2679316316e+05 4.1730542014e+05 4.0712913233e+05 3.9627852325e+05 3.8477235265e+05 3.7264047426e+05 3.5992173639e+05 3.4666039127e+05 3.3291334519e+05 3.1874192790e+05 3.0421488385e+05 2.8940764622e+05 2.7439878184e+05 2.5927149524e+05 2.4411027223e+05 2.2900050172e+05 2.1402625746e+05 1.9926999089e+05 1.8481009120e+05 1.7071944374e+05 1.5706743601e+05 1.4391290835e+05 1.3130957247e+05 1.1930268569e+05 1.0792671423e+05 9.7211067466e+04 8.7172584579e+04 7.7821176252e+04 6.9160373338e+04 6.1182101371e+04 5.3875366959e+04 4.7220732571e+04 4.1193036077e+04 3.5766183727e+04 3.0905549332e+04 2.6577300158e+04 2.2745145430e+04 1.9370222902e+04 1.6415947366e+04 1.3843530191e+04 1.1616198593e+04 9.6991843829e+03 8.0576819624e+03 6.6605440436e+03 5.4778992087e+03 4.4821684474e+03 3.6491193117e+03 2.9555571911e+03 2.3815554779e+03 1.9092399983e+03 1.5225913744e+03 1.2080617680e+03 9.5349844070e+02 7.4863063846e+02 5.8476984124e+02 4.5434519292e+02 3.5117818023e+02 2.7001225303e+02 2.0649068166e+02 1.5710701184e+02 1.1888860092e+02 8.9491166925e+01 6.7009961782e+01 4.9903148659e+01 3.6970924506e+01 2.7242192470e+01 1.9964918381e+01 1.4555707888e+01 1.0553583157e+01 7.6114901173e+00 5.4601379495e+00 3.8951185179e+00 2.7644961286e+00 1.9511281268e+00 0.0000000000e+00 0.0000000000e+00 0.0000000000e+00 0.0000000000e+00 0.0000000000e+00 0.0000000000e+00 0.0000000000e+00
0.0000000000e+00 0.0000000000e+00 0.0000000000e+00 0.0000000000e+00 0.0000000000e+00 0.0000000000e+00 1.8603708949e+00 2.6501109897e+00 3.7547599560e+00 5.2902321572e+00 7.4155870612e+00 1.0337118083e+01 1.4332355440e+01 1.9766910342e+01 2.7111955229e+01 3.6993310228e+01 5.0202954297e+01 6.7761774473e+01 9.0987984520e+01 1.2151018918e+02 1.6142121416e+02 2.1330637287e+02 2.8034745805e+02 3.6657898000e+02 4.7675970680e+02 6.1680215798e+02 7.9383985477e+02 1.0162570009e+03 1.2943268161e+03 1.6398389355e+03 2.0667288828e+03 2.5914855911e+03 3.2324897291e+03 4.0114741115e+03 4.9526877501e+03 6.0831615650e+03 7.4343592124e+03 9.0391497684e+03 1.0934940817e+04 1.3162246317e+04 1.5763307990e+04 1.8785328805e+04 2.2275453037e+04 2.6283545500e+04 3.0862197300e+04 3.6061010129e+04 4.1932661696e+04 4.8526345854e+04 5.5887911835e+04 6.4064288418e+04 7.3090815629e+04 8.3001578500e+04 9.3822879466e+04 1.0556958385e+05 1.1825258536e+05 1.3186704748e+05 1.4639945892e+05 1.6182692285e+05 1.7810953263e+05 1.9520047609e+05 2.1303835357e+05 2.3155025070e+05 2.5065640588e+05 2.7026263554e+05 2.9027011045e+05 3.1057254390e+05 3.3105811405e+05 3.5161283365e+05 3.7212092790e+05 3.9246786093e+05 4.1254086757e+05 4.3223344654e+05 4.5144338927e+05 4.7007748566e+05 4.8805270240e+05 5.0529190327e+05 5.2173516364e+05 5.3732987227e+05 5.5203570441e+05 5.6582713074e+05 5.7868502984e+05 5.9060659384e+05 6.0159701622e+05 6.1166860574e+05 6.2084724342e+05 6.2916080138e+05 6.3664594102e+05 6.4334446403e+05 6.4929716846e+05 6.5455302061e+05 6.5915762989e+05 6.6315701691e+05 6.6659781664e+05 6.6952112050e+05 6.7196803180e+05 6.7397438024e+05 6.7557052365e+05 6.7678417547e+05 6.7763534177e+05 6.7813950290e+05 6.7830642506e+05 6.7813775488e+05 6.7763178925e+05 6.7677875176e+05 6.7556315904e+05 6.7396494110e+05 6.7195639027e+05 6.6950708151e+05 6.6658117821e+05 6.6313756660e+05 6.5913509492e+05 6.5452724172e+05 6.4926785909e+05 6.4331137702e+05 6.3660886144e+05 6.2911948649e+05 6.2080153340e+05 6.1161827328e+05 6.0154196047e+05 5.9054672166e+05 5.7862027070e+05 5.6575749648e+05 5.5196120745e+05 5.3725069554e+05 5.2165145650e+05 5.0520387044e+05 4.8796067701e+05 4.6998182453e+05 4.5134448560e+05 4.3213180346e+05 4.1243699483e+05 3.9236228673e+05 3.7201418404e+05 3.5150556323e+05 3.3095089392e+05 3.1046598548e+05 2.9016480862e+05 2.7015915090e+05 2.5055527145e+05 2.3145199263e+05 2.1294338557e+05 1.9510923090e+05 1.7802234999e+05 1.6174407899e+05 1.4632118033e+05 1.3179351009e+05 1.1818388272e+05 1.0550576148e+05 9.3763912275e+04 8.2947405242e+04 7.3041330876e+04 6.4019339038e+04 5.5847312013e+04 4.8489873194e+04 4.1900086124e+04 3.6032076323e+04 3.0836645805e+04 2.6261104945e+04 2.2255854918e+04 1.8768308473e+04 1.5748610651e+04 1.3149625071e+04 1.0924163680e+04 9.0299992422e+03 7.4266327839e+03 6.0766745500e+03 4.9472717919e+03 4.0069779543e+03 3.2287779648e+03 2.5884385367e+03 2.0642417602e+03 1.6378199969e+03 1.2926972619e+03 1.0149491654e+03 7.9279600986e+02 6.1597379854e+02 4.7610597477e+02 3.6606596981e+02 2.7994719160e+02 2.1299577269e+02 1.6118157387e+02 1.2132632979e+02 9.0847715776e+01 6.7655375120e+01 5.0122689872e+01 3.6933104276e+01 2.7067052265e+01 1.9733604985e+01 1.4307794650e+01 1.0319106391e+01 7.4024528019e+00 5.2807099687e+00 3.7478935290e+00 2.6451885513e+00 1.8568618566e+00 0.0000000000e+00 0.0000000000e+00 0.0000000000e+00 0.0000000000e+00 0.0000000000e+00 0.0000000000e+00
0.0000000000e+00 0.0000000000e+00 0.0000000000e+00 0.0000000000e+00 0.0000000000e+00 0.0000000000e+00 2.5001829039e+00 3.5615345101e+00 5.0461028515e+00 7.1096705616e+00 9.9660047160e+00 1.3892352775e+01 1.9261702421e+01 2.6565418514e+01 3.6436736123e+01 4.9716728892e+01 6.7469789493e+01 9.1067946529e+01 1.2228283899e+02 1.6330326022e+02 2.1694190728e+02 2.8667336483e+02 3.7677387386e+02 4.9266571299e+02 6.4074458752e+02 8.2895680021e+02 1.0668896852e+03 1.3658114858e+03 1.7395292827e+03 2.2038880533e+03 2.7776174210e+03 3.4828778360e+03 4.3443730933e+03 5.3913128299e+03 6.6562860892e+03 8.1756233765e+03 9.9916120274e+03 1.2148428091e+04 1.4696346987e+04 1.7689821375e+04 2.1185623332e+04 2.5247193626e+04 2.9937897118e+04 3.5324753066e+04 4.1478440937e+04 4.8465627860e+04 5.6357116614e+04 6.5219025536e+04 7.5112980821e+04 8.6102043288e+04 9.8233717837e+04 1.1155382653e+05 1.2609771651e+05 1.4188536778e+05 1.5893140758e+05 1.7722935344e+05 1.9676104882e+05 2.1749573047e+05 2.3937974140e+05 2.6235017205e+05 2.8632450021e+05 3.1120475687e+05 3.3688369355e+05 3.6323477374e+05 3.9012514835e+05 4.1741194761e+05 4.4494493277e+05 4.7257085610e+05 5.0013409778e+05 5.2748080634e+05 5.5445930470e+05 5.8092653649e+05 6.0674509629e+05 6.3178973846e+05 6.5594878434e+05 6.7911868178e+05 7.0121884126e+05 7.2217849099e+05 7.4194342819e+05 7.6047949416e+05 7.7776080051e+05 7.9378368440e+05 8.0855508041e+05 8.2209154474e+05 8.3442791263e+05 8.4560150522e+05 8.5566171469e+05 8.6466472391e+05 8.7266532559e+05 8.7972932174e+05 8.8591803686e+05 8.9129334169e+05 8.9591790263e+05 8.9984689470e+05 9.0313559277e+05 9.0583222663e+05 9.0797746863e+05 9.0960868684e+05 9.1075271105e+05 9.1143032905e+05 9.1165469231e+05 9.1142807238e+05 9.1074811175e+05 9.0960165012e+05 9.0796791073e+05 9.0581993814e+05 9.0312051968e+05 8.9982863362e+05 8.9589621935e+05 8.9126803838e+05 8.8588877901e+05 8.7969585861e+05 8.7262726647e+05 8.6462176129e+05 8.5561356919e+05 8.4554784562e+05 8.3436846395e+05 8.2202616481e+05 8.0848358075e+05 7.9370590741e+05 7.7767667950e+05 7.6038897569e+05 7.4184666683e+05 7.2207562643e+05 7.0111006639e+05 6.7900433330e+05 6.5582924553e+05 6.3166545157e+05 6.0661661679e+05 5.8079448215e+05 5.5432432028e+05 5.2734357710e+05 4.9999543463e+05 4.7243146581e+05 4.4480563451e+05 4.1727352446e+05 3.8998833243e+05 3.6310032841e+05 3.3675230988e+05 3.1107708692e+05 2.8620112329e+05 2.6223161666e+05 2.3926645321e+05 2.1738808933e+05 1.9665935119e+05 1.7713381184e+05 1.5884215089e+05 1.4180243499e+05 1.2602110961e+05 1.1148345295e+05 9.8169430089e+04 8.6043644191e+04 7.5060228140e+04 6.5171642562e+04 5.6314796120e+04 4.8428038958e+04 4.1445242389e+04 3.5295596142e+04 2.9912435294e+04 2.5225082667e+04 2.1166529164e+04 1.7673424202e+04 1.4682346255e+04 1.2136540441e+04 9.9815746099e+03 8.1671964245e+03 6.6492501143e+03 5.3854716310e+03 4.3395512446e+03 3.4789195482e+03 2.7743863378e+03 2.2012653893e+03 1.7374124480e+03 1.3641125539e+03 1.0655337181e+03 8.2788076889e+02 6.3989536893e+02 4.9199931155e+02 3.7625392501e+02 2.8626989767e+02 2.1663062215e+02 1.6306444191e+02 1.2210064541e+02 9.0929743485e+01 6.7365533203e+01 4.9638529865e+01 3.6378413436e+01 2.6522160104e+01 1.9229802339e+01 1.3868959663e+01 9.9489460417e+00 7.0973036916e+00 5.0371852354e+00 3.5551418589e+00 2.4956258691e+00 0.0000000000e+00 0.0000000000e+00 0.0000000000e+00 0.0000000000e+00 0.0000000000e+00 0.0000000000e+00
0.0000000000e+00 0.0000000000e+00 0.0000000000e+00 0.0000000000e+00 0.0000000000e+00 0.0000000000e+00 3.3303249444e+00 4.7440887293e+00 6.7215977192e+00 9.4703646105e+00 1.3275138638e+01 1.8505233030e+01 2.5657489372e+01 3.5386440928e+01 4.8535603157e+01 6.6225339225e+01 8.9873509433e+01 1.2130775740e+02 1.6288804838e+02 2.1753003968e+02 2.8898045649e+02 3.8186775906e+02 5.0188828209e+02 6.5626498038e+02 8.5351752698e+02 1.1042311345e+03 1.4211770718e+03 1.8193657264e+03 2.3171894136e+03 2.9357555362e+03 3.7000134385e+03 4.6394836810e+03 5.7870739719e+03 7.1816947184e+03 8.8667585117e+03 1.0890661687e+04 1.3309735469e+04 1.6182828096e+04 1.9576911738e+04 2.3564524463e+04 2.8221292713e+04 3.3631728953e+04 3.9880242980e+04 4.7056111866e+04 5.5253492788e+04 6.4561190448e+04 7.5073528819e+04 8.6878580178e+04 1.0005844287e+05 1.1469713590e+05 1.3085792851e+05 1.4860186224e+05 1.6797602809e+05 1.8900704092e+05 2.1171440572e+05 2.3608947317e+05 2.6210806532e+05 2.8972918403e+05 3.1888138013e+05 3.4948084448e+05 3.8141764344e+05 4.1456125825e+05 4.4876884689e+05 4.8387184022e+05 5.1969327523e+05 5.5604279250e+05 5.9272026832e+05 6.2952157115e+05 6.6623944181e+05 7.0266879948e+05 7.3860773658e+05 7.7386556124e+05 8.0825931863e+05 8.4162212203e+05 8.7380520402e+05 9.0467060678e+05 9.3411098617e+05 9.6203208174e+05 9.8836163911e+05 1.0130541892e+06 1.0360752691e+06 1.0574199287e+06 1.0770974622e+06 1.0951298573e+06 1.1115635484e+06 1.1264483549e+06 1.1398499304e+06 1.1518432163e+06 1.1625010710e+06 1.1719112842e+06 1.1801555282e+06 1.1873161549e+06 1.1934766963e+06 1.1987107278e+06 1.2030917574e+06 1.2066839878e+06 1.2095418220e+06 1.2117148489e+06 1.2132388306e+06 1.2141415833e+06 1.2144405576e+06 1.2141386819e+06 1.2132329197e+06 1.2117057908e+06 1.2095294916e+06 1.2066682291e+06 1.2030722443e+06 1.1986872139e+06 1.1934488426e+06 1.1872836088e+06 1.1801178741e+06 1.1718681569e+06 1.1624520437e+06 1.1517878671e+06 1.1397879297e+06 1.1263792728e+06 1.1114870653e+06 1.0950456586e+06 1.0770053186e+06 1.0573197327e+06 1.0359669078e+06 1.0129376714e+06 9.8823706400e+05 9.6189959039e+05 9.3397091584e+05 9.0452337574e+05 8.7365129942e+05 8.4146208834e+05 8.0809388713e+05 7.7369552548e+05 7.3843391905e+05 7.0249211827e+05 6.6606084560e+05 6.2934210176e+05 5.9254090281e+05 5.5586452308e+05 5.1951706327e+05 4.8369869694e+05 4.4859965980e+05 4.1439686555e+05 3.8125876689e+05 3.4932818809e+05 3.1873551357e+05 2.8959058841e+05 2.6197711659e+05 2.3596644510e+05 2.1159947340e+05 1.8890025505e+05 1.6787737896e+05 1.4851123764e+05 1.3077513852e+05 1.1462193391e+05 9.9990517245e+04 8.6817568247e+04 7.5019030702e+04 6.4512789081e+04 5.5210743108e+04 4.7018566793e+04 3.9847455588e+04 3.3603255952e+04 2.8196706122e+04 2.3543410629e+04 1.9558884174e+04 1.6167520869e+04 1.3296811156e+04 1.0879810780e+04 8.8576990427e+03 7.1741740488e+03 5.7808653698e+03 4.6343869069e+03 3.6958531569e+03 2.9323785390e+03 2.3144638433e+03 1.8171781536e+03 1.4194311772e+03 1.1028456546e+03 8.5242415933e+02 6.5540698652e+02 5.0121882469e+02 3.8134829443e+02 2.8857968283e+02 2.1722256582e+02 1.6265347671e+02 1.2112982956e+02 8.9739285595e+01 6.6124664066e+01 4.8460515852e+01 3.5330750694e+01 2.5616423636e+01 1.8475117804e+01 1.3253179130e+01 9.4544443755e+00 6.7101185307e+00 4.7358595188e+00 3.3244588258e+00 0.0000000000e+00 0.0000000000e+00 0.0000000000e+00 0.0000000000e+00 0.0000000000e+00 0.0000000000e+00
0.0000000000e+00 0.0000000000e+00 0.0000000000e+00 0.0000000000e+00 0.0000000000e+00 2.9662198472e+00 4.3969162045e+00 6.2634726111e+00 8.8743318641e+00 1.2503471359e+01 1.7526843786e+01 2.4432050408e+01 3.3875072089e+01 4.6720088833e+01 6.4080796569e+01 8.7436419391e+01 1.1865895787e+02 1.6016148041e+02 2.1505985930e+02 2.8720368244e+02 3.8153982861e+02 5.0417927863e+02 6.6264306349e+02 8.6646778613e+02 1.1269022008e+03 1.4579221948e+03 1.8763900069e+03 2.4021242266e+03 3.0594088161e+03 3.8761126874e+03 4.8851774343e+03 6.1255796373e+03 7.6407691175e+03 9.4821201769e+03 1.1706953192e+04 1.4379167858e+04 1.7573139053e+04 2.1366568958e+04 2.5847883864e+04 3.1112857926e+04 3.7261347360e+04 4.4404937136e+04 5.2655074697e+04 6.2129642843e+04 7.2952961678e+04 8.5242290990e+04 9.9122161100e+04 1.1470887683e+05 1.3211082213e+05 1.5143893073e+05 1.7277676303e+05 1.9620490971e+05 2.2178552985e+05 2.4955379956e+05 2.7953546663e+05 3.1171908262e+05 3.4607276032e+05 3.8254236746e+05 4.2103355379e+05 4.6143566061e+05 5.0360355209e+05 5.4736492450e+05 5.9253111411e+05 6.3887959216e+05 6.8617664922e+05 7.3417104322e+05 7.8259845125e+05 8.3118941222e+05 8.7967022979e+05 9.2777012520e+05 9.7522247365e+05 1.0217755590e+06 1.0671877884e+06 1.1112387522e+06 1.1537321620e+06 1.1944856531e+06 1.2333576781e+06 1.2702237102e+06 1.3049883255e+06 1.3375914959e+06 1.3679876968e+06 1.3961704652e+06 1.4221519881e+06 1.4459613847e+06 1.4676598956e+06 1.4873132477e+06 1.5050082643e+06 1.5208437800e+06 1.5349160925e+06 1.5473410175e+06 1.5582264181e+06 1.5676811433e+06 1.5758153117e+06 1.5827261744e+06 1.5885107207e+06 1.5932539113e+06 1.5970272035e+06 1.5998965190e+06 1.6019088355e+06 1.6031008394e+06 1.6034955955e+06 1.6030970783e+06 1.6019011342e+06 1.5998848968e+06 1.5970115177e+06 1.5932336427e+06 1.5884859161e+06 1.5826961313e+06 1.5757796774e+06 1.5676395738e+06 1.5581783536e+06 1.5472859709e+06 1.5348534933e+06 1.5207731356e+06 1.5049291047e+06 1.4872250746e+06 1.4675621712e+06 1.4458539244e+06 1.4220344189e+06 1.3960425374e+06 1.3678494048e+06 1.3374427566e+06 1.3048292915e+06 1.2700545810e+06 1.2331788786e+06 1.1942977123e+06 1.1535356601e+06 1.1110344818e+06 1.0669766488e+06 1.0215585763e+06 9.7500060401e+05 9.2754459420e+05 8.7944229719e+05 8.3096033779e+05 7.8236950301e+05 7.3394352118e+05 6.8595179275e+05 6.3865857946e+05 5.9231516058e+05 5.4715507610e+05 5.0340079028e+05 4.6124080843e+05 4.2084736097e+05 3.8236546914e+05 3.4590561457e+05 3.1156205384e+05 2.7938876189e+05 2.4941751144e+05 2.2165961592e+05 1.9608922999e+05 1.7267110315e+05 1.5134295013e+05 1.3202411873e+05 1.1463099660e+05 9.9052602670e+04 8.5180512751e+04 7.2898401462e+04 6.2081728044e+04 5.2613231127e+04 4.4368596047e+04 3.7229966147e+04 3.1085911791e+04 2.5824875182e+04 2.1347032198e+04 1.7556643331e+04 1.4365318922e+04 1.1695390869e+04 9.4725215942e+03 7.6328451063e+03 6.1190749750e+03 4.8798676793e+03 3.8718029776e+03 3.0559302988e+03 2.3993323698e+03 1.8741618405e+03 1.4561539929e+03 1.1255067929e+03 8.6537283467e+02 6.6178875845e+02 5.0351636072e+02 3.8102836389e+02 2.8681130383e+02 2.1476051398e+02 1.5993441562e+02 1.1848767143e+02 8.7307943257e+01 6.3984979198e+01 4.6649023884e+01 3.3822668358e+01 2.4393621498e+01 1.7498821791e+01 1.2483157187e+01 8.8596838567e+00 6.2529718427e+00 4.3894314885e+00 2.9610944778e+00 0.0000000000e+00 0.0000000000e+00 0.0000000000e+00 0.0000000000e+00 0.0000000000e+00
0.0000000000e+00 0.0000000000e+00 0.0000000000e+00 0.0000000000e+00 0.0000000000e+00 4.0184182371e+00 5.7547721603e+00 8.1977725193e+00 1.1614943653e+01 1.6364877070e+01 2.2939638982e+01 3.1977425814e+01 4.4336818408e+01 6.1148896103e+01 8.3871327396e+01 1.1444020689e+02 1.5530571958e+02 2.0962623599e+02 2.8148000162e+02 3.7590558737e+02 4.9937783113e+02 6.5989520780e+02 8.6730175340e+02 1.1340796612e+03 1.4749520654e+03 1.9082118006e+03 2.4559293608e+03 3.1440450442e+03 4.0043436449e+03 5.0733021048e+03 6.3940370576e+03 8.0175654275e+03 1.0000756965e+04 1.2410855828e+04 1.5322887135e+04 1.8820489239e+04 2.3001012374e+04 2.7966159366e+04 3.3831671610e+04 4.0722907756e+04 4.8770569989e+04 5.8120709601e+04 6.8919210015e+04 8.1320359099e+04 9.5486885101e+04 1.1157226683e+05 1.2973951177e+05 1.5014084031e+05 1.7291813492e+05 1.9821660236e+05 2.2614558493e+05 2.5681059915e+05 2.9029302134e+05 3.2663887137e+05 3.6588184290e+05 4.0800698874e+05 4.5297255666e+05 5.0070768991e+05 5.5108890479e+05 6.0397137611e+05 6.5916510295e+05 7.1644458696e+05 7.7556286541e+05 8.3622864942e+05 8.9813613858e+05 9.6095634603e+05 1.0243434025e+06 1.0879445291e+06 1.1514014896e+06 1.2143599352e+06 1.2764708216e+06 1.3374046850e+06 1.3968452277e+06 1.4545041187e+06 1.5101242265e+06 1.5634670499e+06 1.6143471501e+06 1.6626015879e+06 1.7081054046e+06 1.7507801692e+06 1.7905662273e+06 1.8274550664e+06 1.8614626825e+06 1.8926271248e+06 1.9210286256e+06 1.9467532654e+06 1.9699145226e+06 1.9906418816e+06 2.0090613587e+06 2.0253246195e+06 2.0395726892e+06 2.0519480669e+06 2.0625950436e+06 2.0716407276e+06 2.0792123742e+06 2.0854207653e+06 2.0903598699e+06 2.0941154334e+06 2.0967494225e+06 2.0983097181e+06 2.0988265106e+06 2.0983049568e+06 2.0967398800e+06 2.0941008056e+06 2.0903399793e+06 2.0853952758e+06 2.0791809429e+06 2.0716027749e+06 2.0625500745e+06 2.0518955083e+06 2.0395118799e+06 2.0252549279e+06 2.0089821390e+06 1.9905524889e+06 1.9698143696e+06 1.9466416842e+06 1.9209050319e+06 1.8924911263e+06 1.8613139001e+06 1.8272932742e+06 1.7903912941e+06 1.7505920564e+06 1.7079042422e+06 1.6623875546e+06 1.6141208586e+06 1.5632292904e+06 1.5098756136e+06 1.4542456745e+06 1.3965781030e+06 1.3371300805e+06 1.2761901370e+06 1.2140746138e+06 1.1511130960e+06 1.0876547170e+06 1.0240537646e+06 9.6066845280e+05 8.9785161245e+05 8.3594904221e+05 7.7528961077e+05 7.1617907771e+05 6.5890854156e+05 6.0372485152e+05 5.5085333012e+05 5.0048386975e+05 4.5276107680e+05 4.0780831980e+05 3.6569622170e+05 3.2646641723e+05 2.9013371109e+05 2.5666425454e+05 2.2601190039e+05 1.9809515685e+05 1.7280844039e+05 1.5004231682e+05 1.2965150830e+05 1.1149410363e+05 9.5417852504e+04 8.1259732304e+04 6.8866263185e+04 5.8074730706e+04 4.8730864879e+04 4.0688813277e+04 3.3802558912e+04 2.7941441619e+04 2.2980142384e+04 1.8802967066e+04 1.5308258234e+04 1.2398711419e+04 9.9907315728e+03 8.0093354388e+03 6.3873196017e+03 5.0678494441e+03 3.9999426155e+03 3.1405128152e+03 2.4531103656e+03 1.9059747610e+03 1.4731866975e+03 1.1326943638e+03 8.6622091093e+02 6.5905653451e+02 4.9873075833e+02 3.7540918891e+02 2.8110129852e+02 2.0933897738e+02 1.5508903258e+02 1.1427768010e+02 8.3750116115e+01 6.1058995385e+01 4.4270524735e+01 3.1928812947e+01 2.2904192220e+01 1.6339180052e+01 1.1596414481e+01 8.1844902446e+00 5.7453044170e+00 4.0117066157e+00 0.0000000000e+00 0.0000000000e+00 0.0000000000e+00 0.0000000000e+00 0.0000000000e+00
0.0000000000e+00 0.0000000000e+00 0.0000000000e+00 0.0000000000e+00 0.0000000000e+00 5.2126688654e+00 7.4650697511e+00 1.0634138640e+01 1.5066911862e+01 2.1228562930e+01 2.9757409782e+01 4.1481333975e+01 5.7514107421e+01 7.9323004142e+01 1.0879894233e+02 1.4845349908e+02 2.0146512360e+02 2.7193095766e+02 3.6514148177e+02 4.8763289838e+02 6.4780460986e+02 8.5603264290e+02 1.1250871042e+03 1.4711604096e+03 1.9133521452e+03 2.4753927577e+03 3.1859130365e+03 4.0785643845e+03 5.1945794415e+03 6.5812782295e+03 8.2945949642e+03 1.0400710034e+04 1.2973400588e+04 1.6099897426e+04 1.9877530771e+04 2.4414799893e+04 2.9837995331e+04 3.6279053487e+04 4.3888119126e+04 5.2827820101e+04 6.3267713228e+04 7.5397263796e+04 8.9405726852e+04 1.0549325210e+05 1.2387095491e+05 1.4473792509e+05 1.6830564521e+05 1.9477158686e+05 2.2431980718e+05 2.5713867192e+05 2.9337007216e+05 3.3315084649e+05 3.7658658244e+05 4.2373701806e+05 4.7464582083e+05 5.2929362256e+05 5.8762624229e+05 6.4955179509e+05 7.1491009809e+05 7.8351326277e+05 8.5511480795e+05 9.2942213455e+05 1.0061149686e+06 1.0848154396e+06 1.1651266840e+06 1.2466221246e+06 1.3288528927e+06 1.4113614391e+06 1.4936829771e+06 1.5753577618e+06 1.6559332356e+06 1.7349817143e+06 1.8120928331e+06 1.8868927907e+06 1.9590479790e+06 2.0282487112e+06 2.0942546927e+06 2.1568544191e+06 2.2158860505e+06 2.2712474219e+06 2.3228612498e+06 2.3707166709e+06 2.4148342574e+06 2.4552635528e+06 2.4921084076e+06 2.5254806751e+06 2.5555276093e+06 2.5824169227e+06 2.6063122596e+06 2.6274103999e+06 2.6458942431e+06 2.6619488019e+06 2.6757608873e+06 2.6874959364e+06 2.6973184636e+06 2.7053725022e+06 2.7117799903e+06 2.7166522238e+06 2.7200693481e+06 2.7220935526e+06 2.7227640132e+06 2.7220876637e+06 2.7200572476e+06 2.7166338409e+06 2.7117550584e+06 2.7053406245e+06 2.6972790417e+06 2.6874483530e+06 2.6757044823e+06 2.6618827938e+06 2.6458179992e+06 2.6273230275e+06 2.6062129409e+06 2.5823047628e+06 2.5554019347e+06 2.5253406979e+06 2.4919534973e+06 2.4550930933e+06 2.4146477614e+06 2.3705138145e+06 2.3226418159e+06 2.2710113201e+06 2.2156337051e+06 2.1565861123e+06 2.0939710758e+06 2.0279505338e+06 1.9587361723e+06 1.8865687015e+06 1.8117579517e+06 1.7346373399e+06 1.6555812674e+06 1.5750000993e+06 1.4933213518e+06 1.4109979843e+06 1.3284896699e+06 1.2462610796e+06 1.1647699137e+06 1.0844647752e+06 1.0057723622e+06 9.2908919399e+05 8.5479303774e+05 7.8320410096e+05 7.1461470305e+05 6.4927112624e+05 5.8736105957e+05 5.2904446520e+05 4.7441301535e+05 4.2352074354e+05 3.7638680336e+05 3.3296730548e+05 2.9320241639e+05 2.5698637208e+05 2.2418224552e+05 1.9464802314e+05 1.6819528567e+05 1.4463990915e+05 1.2378438018e+05 1.0541722694e+05 8.9339329649e+04 7.5339604145e+04 6.3217918565e+04 5.2785062673e+04 4.3851611872e+04 3.6248054173e+04 2.9811823186e+04 2.4392826739e+04 1.9859186010e+04 1.6084668220e+04 1.2960828053e+04 1.0390389461e+04 8.2861705741e+03 6.5744407894e+03 5.1890604448e+03 4.0741350392e+03 3.1823779143e+03 2.4725873672e+03 1.9111383220e+03 1.4694232182e+03 1.1237317414e+03 8.5498096992e+02 6.4699322461e+02 4.8701040560e+02 3.6466659284e+02 2.7157075738e+02 2.0119339985e+02 1.4824969205e+02 1.0864695673e+02 7.9210275503e+01 5.7430982936e+01 4.1420376953e+01 2.9712963095e+01 2.1196341171e+01 1.5043679198e+01 1.0617484243e+01 7.4531982386e+00 5.2042536067e+00 0.0000000000e+00 0.0000000000e+00 0.0000000000e+00 0.0000000000e+00 0.0000000000e+00
0.0000000000e+00 0.0000000000e+00 0.0000000000e+00 0.0000000000e+00 3.3336514869e+00 6.7028052214e+00 9.5991114814e+00 1.3674144650e+01 1.9374155889e+01 2.7297307921e+01 3.8264406962e+01 5.3340027250e+01 7.3956362005e+01 1.0200017695e+02 1.3990301158e+02 1.9089451015e+02 2.5906184620e+02 3.4967359087e+02 4.6953277383e+02 6.2704444551e+02 8.3300942908e+02 1.1007704464e+03 1.4467486817e+03 1.8917663385e+03 2.4603840496e+03 3.1831171607e+03 4.0967825713e+03 5.2446535182e+03 6.6797524979e+03 8.4629293429e+03 1.0666110403e+04 1.3374401267e+04 1.6682671392e+04 2.0703098172e+04 2.5560838181e+04 3.1395416669e+04 3.8369232764e+04 4.6651950886e+04 5.6436647215e+04 6.7932456947e+04 8.1357414252e+04 9.6955168200e+04 1.1496908396e+05 1.3565654762e+05 1.5928903650e+05 1.8612259165e+05 2.1642915601e+05 2.5046265991e+05 2.8845980001e+05 3.3066282558e+05 3.7725419362e+05 4.2840988189e+05 4.8426566714e+05 5.4489833137e+05 6.1036411613e+05 6.8063809313e+05 7.5565057751e+05 8.3528341604e+05 9.1933061653e+05 1.0075505668e+06 1.0996263108e+06 1.1951817167e+06 1.2938047015e+06 1.3950094241e+06 1.4982856302e+06 1.6030846432e+06 1.7088293995e+06 1.8149312686e+06 1.9207928231e+06 2.0258227204e+06 2.1294388987e+06 2.2310915524e+06 2.3302530071e+06 2.4264422369e+06 2.5192304096e+06 2.6082194258e+06 2.6931001630e+06 2.7736006020e+06 2.8495126222e+06 2.9207047964e+06 2.9870781020e+06 3.0486180254e+06 3.1053513372e+06 3.1573416371e+06 3.2047224938e+06 3.2476378972e+06 3.2862768513e+06 3.3208553958e+06 3.3515837544e+06 3.3787151539e+06 3.4024846425e+06 3.4231300238e+06 3.4408920882e+06 3.4559827252e+06 3.4686140913e+06 3.4789714612e+06 3.4872111693e+06 3.4934767780e+06 3.4978709974e+06 3.5004743114e+06 3.5013367402e+06 3.5004668608e+06 3.4978560103e+06 3.4934539678e+06 3.4871802560e+06 3.4789317152e+06 3.4685651203e+06 3.4559234931e+06 3.4408218235e+06 3.4230481820e+06 3.4023898482e+06 3.3786064901e+06 3.3514603657e+06 3.3207160986e+06 3.2861207616e+06 3.2474639835e+06 3.2045300241e+06 3.1571295535e+06 3.1051195063e+06 3.0483657384e+06 2.9868052675e+06 2.9204114265e+06 2.8491989010e+06 2.7732670960e+06 2.6927475644e+06 2.6078487903e+06 2.5188427646e+06 2.4260393325e+06 2.3298364624e+06 2.2306634593e+06 2.1290012290e+06 2.0253779065e+06 1.9203432942e+06 1.8144794637e+06 1.7083777765e+06 1.6026359002e+06 1.4978420733e+06 1.3945735200e+06 1.2933787290e+06 1.1947677296e+06 1.0992263520e+06 1.0071662244e+06 9.1896338513e+05 8.3493447988e+05 7.5532087427e+05 6.8032833892e+05 6.1007474025e+05 5.4462949529e+05 4.8401728845e+05 4.2818170464e+05 3.7704577514e+05 3.3047350334e+05 2.8828879492e+05 2.5030905471e+05 2.1629195669e+05 1.8600073745e+05 1.5918141527e+05 1.3556203192e+05 1.1488653913e+05 9.6883489223e+04 8.1295517568e+04 6.7879304048e+04 5.6391266138e+04 4.6613414855e+04 3.8336696768e+04 3.1368099831e+04 2.5538032090e+04 2.0684166126e+04 1.6667042568e+04 1.3361570947e+04 1.0655638090e+04 8.4544288267e+03 6.6728916283e+03 5.2391471447e+03 4.0923879547e+03 3.1796296551e+03 2.4576320826e+03 1.8896068771e+03 1.4450637883e+03 1.0994630307e+03 8.3200080851e+02 6.2627063986e+02 4.6894245963e+02 3.4922582127e+02 2.5872407813e+02 1.9064116126e+02 1.3971407981e+02 1.0186004974e+02 7.3853029303e+01 5.3264252545e+01 3.8209158037e+01 2.7257253257e+01 1.9345276678e+01 1.3653442566e+01 9.5843551314e+00 6.6923449540e+00 3.3283764092e+00 0.0000000000e+00 0.0000000000e+00 0.0000000000e+00 0.0000000000e+00
0.0000000000e+00 0.0000000000e+00 0.0000000000e+00 0.0000000000e+00 5.9320525721e+00 8.5432372504e+00 1.2234819797e+01 1.7428795914e+01 2.4693955209e+01 3.4792715581e+01 4.8771276646e+01 6.7986547467e+01 9.4264008504e+01 1.3000854521e+02 1.7831941679e+02 2.4331314428e+02 3.3019932285e+02 4.4569329516e+02 5.9846638337e+02 7.9923167122e+02 1.0617562265e+03 1.4030468618e+03 1.8440344120e+03 2.4112595104e+03 3.1360274708e+03 4.0572338723e+03 5.2218070799e+03 6.6849040340e+03 8.5141090539e+03 1.0786982689e+04 1.3595206316e+04 1.7047256445e+04 2.1264060401e+04 2.6388600055e+04 3.2580406790e+04 4.0017324493e+04 4.8906358940e+04 5.9463763443e+04 7.1935651448e+04 8.6588586912e+04 1.0370049106e+05 1.2358193552e+05 1.4654312111e+05 1.7291213758e+05 2.0303500351e+05 2.3723810390e+05 2.7586805530e+05 3.1924855457e+05 3.6768131739e+05 4.2147509825e+05 4.8086247372e+05 5.4606777346e+05 6.1726411742e+05 6.9454930837e+05 7.7799506375e+05 8.6756961459e+05 9.6318416014e+05 1.0646881351e+06 1.1718188525e+06 1.2842684375e+06 1.4016329149e+06 1.5234327733e+06 1.6491428073e+06 1.7781437124e+06 1.9097850710e+06 2.0433676281e+06 2.1781556514e+06 2.3133990824e+06 2.4483360255e+06 2.5822130881e+06 2.7142880681e+06 2.8438603387e+06 2.9702572157e+06 3.0928655908e+06 3.2111387021e+06 3.3245695681e+06 3.4327634795e+06 3.5353741910e+06 3.6321360154e+06 3.7228820702e+06 3.8074852388e+06 3.8859277154e+06 3.9582436860e+06 4.0245135911e+06 4.0849083461e+06 4.1396106750e+06 4.1888623784e+06 4.2329383403e+06 4.2721066013e+06 4.3066898923e+06 4.3369879890e+06 4.3633039758e+06 4.3859444375e+06 4.4051800437e+06 4.4212809332e+06 4.4344827648e+06 4.4449859392e+06 4.4529723321e+06 4.4585737834e+06 4.4618921767e+06 4.4629916023e+06 4.4618829539e+06 4.4585553907e+06 4.4529442425e+06 4.4449478067e+06 4.4344338202e+06 4.4212203984e+06 4.4051071139e+06 4.3858579314e+06 4.3632029543e+06 4.3368712375e+06 4.3065560067e+06 4.2719544662e+06 4.2327664325e+06 4.1886699529e+06 4.1393963275e+06 4.0846709525e+06 4.0242524482e+06 3.9579577160e+06 3.8856171122e+06 3.8071492044e+06 3.7225204989e+06 3.6317495398e+06 3.5349631990e+06 3.4323288484e+06 3.3241127329e+06 3.2106612059e+06 3.0923691376e+06 2.9697439402e+06 2.8433327771e+06 2.7137488324e+06 2.5816649977e+06 2.4477820176e+06 2.3128422376e+06 2.1775991505e+06 2.0428145802e+06 1.9092385281e+06 1.7776065543e+06 1.6486178699e+06 1.5229226307e+06 1.4011400311e+06 1.2837948171e+06 1.1713663373e+06 1.0642581529e+06 9.6277789310e+05 8.6718790085e+05 7.7763847864e+05 6.9421801638e+05 6.1695805269e+05 5.4578663786e+05 4.8060563296e+05 4.2124179487e+05 3.6747057708e+05 3.1905926720e+05 2.7569898863e+05 2.3708794515e+05 2.0290238792e+05 1.7279566693e+05 1.4644140448e+05 1.2349360327e+05 1.0362421206e+05 8.6523085179e+04 7.1879724353e+04 5.9416275664e+04 4.8866262290e+04 3.9983664143e+04 3.2552302875e+04 2.6365268977e+04 2.1244800214e+04 1.7031446197e+04 1.3582301411e+04 1.0776507458e+04 8.5056541308e+03 6.6781185416e+03 5.2163916601e+03 4.0529363208e+03 3.1326361004e+03 2.4085983227e+03 1.8419581354e+03 1.4014357758e+03 1.0605132730e+03 7.9827814501e+02 5.9773890513e+02 4.4514151256e+02 3.2978308525e+02 2.4300095774e+02 1.7808659307e+02 1.2983586526e+02 9.4136677445e+01 6.7893174968e+01 4.8703192442e+01 3.4743357628e+01 2.4658367475e+01 1.7403285824e+01 1.2216636605e+01 8.5303476029e+00 5.9229689437e+00 0.0000000000e+00 0.0000000000e+00 0.0000000000e+00 0.0000000000e+00
0.0000000000e+00 0.0000000000e+00 0.0000000000e+00 0.0000000000e+00 7.4938885415e+00 1.0792582367e+01 1.5456142997e+01 2.2017680934e+01 3.1195753098e+01 4.3953529535e+01 6.1612689840e+01 8.5887432689e+01 1.1908392499e+02 1.6424028399e+02 2.2527188060e+02 3.0737922062e+02 4.1714363947e+02 5.6304891382e+02 7.5604956757e+02 1.0096799691e+03 1.3413323173e+03 1.7724918077e+03 2.3296012721e+03 3.0461900413e+03 3.9618073329e+03 5.1255917720e+03 6.5968294982e+03 8.4452025240e+03 1.0756092608e+04 1.3627485910e+04 1.7175206609e+04 2.1536300541e+04 2.6863538069e+04 3.3337555066e+04 4.1159898639e+04 5.0555244971e+04 6.1785117679e+04 7.5122720089e+04 9.0878981062e+04 1.0939066596e+05 1.3100889374e+05 1.5612602824e+05 1.8513395572e+05 2.1844718005e+05 2.5650284411e+05 2.9971331068e+05 3.4851645302e+05 4.0332125545e+05 4.6450887858e+05 5.3246937740e+05 6.0749664645e+05 6.8987402420e+05 7.7982029710e+05 8.7745893857e+05 9.8288073974e+05 1.0960454111e+06 1.2168408101e+06 1.3450766721e+06 1.4804213547e+06 1.6224857024e+06 1.7707593558e+06 1.9246365059e+06 2.0834538633e+06 2.2464286596e+06 2.4127396264e+06 2.5815029237e+06 2.7517891923e+06 2.9226509765e+06 3.0931255037e+06 3.2622611197e+06 3.4291201694e+06 3.5928173947e+06 3.7525031711e+06 3.9074026106e+06 4.0568252150e+06 4.2001298059e+06 4.3368184832e+06 4.4664537539e+06 4.5886996267e+06 4.7033450488e+06 4.8102304625e+06 4.9093322850e+06 5.0006938431e+06 5.0844173827e+06 5.1607181964e+06 5.2298278247e+06 5.2920508539e+06 5.3477349961e+06 5.3972191101e+06 5.4409105988e+06 5.4791885247e+06 5.5124353896e+06 5.5410387093e+06 5.5653403506e+06 5.5856818085e+06 5.6023608191e+06 5.6156301581e+06 5.6257201914e+06 5.6327970957e+06 5.6369892216e+06 5.6383783822e+06 5.6369781031e+06 5.6327744861e+06 5.6256857755e+06 5.6155836493e+06 5.6023010999e+06 5.5856077612e+06 5.5652512303e+06 5.5409330543e+06 5.5123118246e+06 5.4790455596e+06 5.4407472019e+06 5.3970333327e+06 5.3475252623e+06 5.2918156735e+06 5.2295657076e+06 5.1604283975e+06 5.0840982400e+06 5.0003448981e+06 4.9089525920e+06 4.8098197636e+06 4.7029034586e+06 4.5882275178e+06 4.4659514989e+06 4.3362878587e+06 4.1995718721e+06 4.0562418347e+06 3.9067961048e+06 3.7518762335e+06 3.5921731488e+06 3.4284615954e+06 3.2615915991e+06 3.0924489195e+06 2.9219707386e+06 2.7511094846e+06 2.5808273711e+06 2.4120720402e+06 2.2457726648e+06 2.0828126407e+06 1.9240134512e+06 1.7701572344e+06 1.6219072080e+06 1.4798685719e+06 1.3445514779e+06 1.2163445585e+06 1.0955791769e+06 9.8244517463e+05 8.7705430769e+05 7.7944642494e+05 6.8953061344e+05 6.0718291980e+05 5.3218440354e+05 4.6425146111e+05 4.0309002963e+05 3.4830994844e+05 2.9952987782e+05 2.5634085137e+05 2.1830490806e+05 1.8500971287e+05 1.5601812830e+05 1.3091571944e+05 1.0931066271e+05 9.0810668589e+04 7.5064715293e+04 6.1736142230e+04 5.0514127104e+04 4.1125569126e+04 3.3309056838e+04 2.6840010324e+04 2.1516987812e+04 1.7159443426e+04 1.3614690420e+04 1.0745764506e+04 8.4369134238e+03 6.5902144267e+03 5.1203420609e+03 3.9576647700e+03 3.0429392582e+03 2.3270648755e+03 1.7705238169e+03 1.3398139453e+03 1.0085151454e+03 7.5516092917e+02 5.6237483201e+02 4.1663521148e+02 3.0699784891e+02 2.2498748018e+02 1.6402934880e+02 1.1892837446e+02 8.5773370386e+01 6.1529519713e+01 4.3893235796e+01 3.1152281275e+01 2.1986518210e+01 1.5433930806e+01 1.0776836980e+01 7.4827930497e+00 0.0000000000e+00 0.0000000000e+00 0.0000000000e+00 0.0000000000e+00
0.0000000000e+00 0.0000000000e+00 0.0000000000e+00 0.0000000000e+00 9.3848403711e+00 1.3515921497e+01 1.9356285943e+01 2.7573576206e+01 3.9067677024e+01 5.5044819626e+01 7.7160217374e+01 1.0756065983e+02 1.4913429610e+02 2.0568596981e+02 2.8211909879e+02 3.8494663748e+02 5.2241087495e+02 7.0513648345e+02 9.4684276564e+02 1.2644795972e+03 1.6798285567e+03 2.2197971768e+03 2.9175016536e+03 3.8149335762e+03 4.9616234074e+03 6.4191112907e+03 8.2616462349e+03 1.0576496422e+04 1.3470593124e+04 1.7066652700e+04 2.1509731660e+04 2.6971462979e+04 3.3643177344e+04 4.1751101735e+04 5.1547648258e+04 6.3314204059e+04 7.7378297153e+04 9.4082088700e+04 1.1381498141e+05 1.3699874735e+05 1.6407312007e+05 1.9552949328e+05 2.3185868571e+05 2.7357980547e+05 3.2124034722e+05 3.7535673473e+05 4.3647740858e+05 5.0511453615e+05 5.8174549326e+05 6.6685885483e+05 7.6082263799e+05 8.6399173169e+05 9.7664009788e+05 1.0989225835e+06 1.2309525700e+06 1.3726798981e+06 1.5239639611e+06 1.6845666161e+06 1.8540723625e+06 2.0319939618e+06 2.2176921309e+06 2.4104083890e+06 2.6093116242e+06 2.8134219729e+06 3.0217105084e+06 3.2330704670e+06 3.4463378969e+06 3.6603260418e+06 3.8738294774e+06 4.0856560708e+06 4.2946316155e+06 4.4996473415e+06 4.6996387675e+06 4.8936360626e+06 5.0807741426e+06 5.2602502023e+06 5.4314404420e+06 5.5937967297e+06 5.7468988188e+06 5.8904819594e+06 6.0243461135e+06 6.1484623135e+06 6.2628844710e+06 6.3677408916e+06 6.4633010232e+06 6.5498541527e+06 6.6277831263e+06 6.6975230129e+06 6.7594973192e+06 6.8142173045e+06 6.8621564109e+06 6.9037955718e+06 6.9396186558e+06 6.9700544722e+06 6.9955305657e+06 7.0164195795e+06 7.0330383885e+06 7.0456751712e+06 7.0545383763e+06 7.0597892230e+06 7.0615293390e+06 7.0597757503e+06 7.0545114969e+06 7.0456339197e+06 7.0329818964e+06 7.0163470224e+06 6.9954410750e+06 6.9699466108e+06 6.9394910569e+06 6.9036460048e+06 6.8619837867e+06 6.8140190044e+06 6.7592724219e+06 6.6972687189e+06 6.6274984039e+06 6.5495373399e+06 6.4629495277e+06 6.3673543608e+06 6.2624618623e+06 6.1480026282e+06 6.0238489174e+06 5.8899472194e+06 5.7463269670e+06 5.5931886985e+06 5.4307977436e+06 5.2595744347e+06 5.0800675411e+06 4.8929016934e+06 4.6988796967e+06 4.4988667919e+06 4.2938339560e+06 4.0848454191e+06 3.8730102002e+06 3.6595025103e+06 3.4455147974e+06 3.2322523735e+06 3.0209020059e+06 2.8126274711e+06 2.6085351868e+06 2.4096539032e+06 2.2169631778e+06 2.0312934046e+06 1.8534029677e+06 1.6839306464e+06 1.5233630504e+06 1.3721153091e+06 1.2304251153e+06 1.0984325576e+06 9.7618742290e+05 8.6357586930e+05 7.6044272767e+05 6.6651375751e+05 5.8143377971e+05 5.0483454046e+05 4.3622731578e+05 3.7513461535e+05 3.2104417867e+05 2.7340751597e+05 2.3170821918e+05 1.9539883726e+05 1.6396029356e+05 1.3690186051e+05 1.1373225198e+05 9.4011844526e+04 7.7318986370e+04 6.3264408778e+04 5.1506074512e+04 4.1716588178e+04 3.3614685849e+04 2.6948074502e+04 2.1490640869e+04 1.7051156333e+04 1.3458085349e+04 1.0566458011e+04 8.2536348264e+03 6.4127537406e+03 4.9566064171e+03 3.8109966816e+03 2.9144299569e+03 2.2174136786e+03 1.6779896172e+03 1.2630688545e+03 9.4576654656e+02 7.0432016085e+02 5.2179506992e+02 3.8448476696e+02 2.8177464568e+02 2.0543048860e+02 1.4894591575e+02 1.0742251683e+02 7.7059489612e+01 5.4971797348e+01 3.9015025892e+01 2.7535832612e+01 1.9329384369e+01 1.3496851860e+01 9.3714020043e+00 0.0000000000e+00 0.0000000000e+00 0.0000000000e+00 0.0000000000e+00
0.0000000000e+00 0.0000000000e+00 0.0000000000e+00 8.0464989196e+00 1.1648927348e+01 1.6776652147e+01 2.4026043414e+01 3.4225822626e+01 4.8492989977e+01 6.8324800488e+01 9.5775834281e+01 1.3351082968e+02 1.8511478577e+02 2.5531054403e+02 3.5018465075e+02 4.7782147124e+02 6.4845198791e+02 8.7526451690e+02 1.1752884402e+03 1.5695635102e+03 2.0851269708e+03 2.7553787436e+03 3.6214256906e+03 4.7353913530e+03 6.1587582321e+03 7.9679150264e+03 1.0255026389e+04 1.3128418471e+04 1.6720825856e+04 2.1184574668e+04 2.6699724557e+04 3.3479323480e+04 4.1760870783e+04 5.1825185572e+04 6.3985582158e+04 7.8591355980e+04 9.6049064847e+04 1.1678343652e+05 1.4127785159e+05 1.7005584082e+05 2.0366327118e+05 2.4271011198e+05 2.8780561024e+05 3.3959416830e+05 3.9875537778e+05 4.6593031557e+05 5.4179974871e+05 6.2699943695e+05 7.2212202806e+05 8.2777390791e+05 9.4441194746e+05 1.0724768065e+06 1.2123083525e+06 1.3640988937e+06 1.5279892227e+06 1.7039170441e+06 1.8917079251e+06 2.0910661275e+06 2.3014760359e+06 2.5223327212e+06 2.7528427686e+06 2.9920644147e+06 3.2389663392e+06 3.4923319047e+06 3.7508840991e+06 4.0132488842e+06 4.2779817588e+06 4.5436091811e+06 4.8086352706e+06 5.0715798173e+06 5.3309852723e+06 5.5854752507e+06 5.8337289072e+06 6.0745417466e+06 6.3068403413e+06 6.5296281118e+06 6.7421303445e+06 6.9436664607e+06 7.1337155962e+06 7.3119486813e+06 7.4781175178e+06 7.6321860979e+06 7.7742208445e+06 7.9043814265e+06 8.0230025018e+06 8.1304434215e+06 8.2271785505e+06 8.3137480195e+06 8.3906782681e+06 8.4586035518e+06 8.5181120736e+06 8.5697993649e+06 8.6142673219e+06 8.6520482025e+06 8.6836723561e+06 8.7096025383e+06 8.7302321578e+06 8.7459187848e+06 8.7569210956e+06 8.7634392860e+06 8.7655991517e+06 8.7634229432e+06 8.7568883703e+06 8.7458690114e+06 8.7301641635e+06 8.7095156090e+06 8.6835648429e+06 8.6519188490e+06 8.6141140825e+06 8.5696197486e+06 8.5179043744e+06 8.4583657064e+06 8.3904082221e+06 8.3134428323e+06 8.2268365204e+06 8.1300624852e+06 8.0225810856e+06 7.9039176786e+06 7.7737138171e+06 7.6316340716e+06 7.4775206161e+06 7.3113070144e+06 7.1330292832e+06 6.9429369652e+06 6.7413584644e+06 6.5288167613e+06 6.3059925799e+06 6.0736602945e+06 5.8328176815e+06 5.5845386688e+06 5.3300277295e+06 5.0706068135e+06 4.8076517346e+06 4.5426206325e+06 4.2769936687e+06 4.0122668582e+06 3.7499135333e+06 3.4913781446e+06 3.2380342673e+06 2.9911587968e+06 2.7519676981e+06 2.5214918230e+06 2.3006725416e+06 2.0903028069e+06 1.8909866981e+06 1.7032393423e+06 1.5273561169e+06 1.3635106832e+06 1.2117649491e+06 1.0719775710e+06 9.4395595995e+05 8.2735966513e+05 7.2174784069e+05 6.2666334618e+05 5.4149955132e+05 4.6566369621e+05 3.9851989792e+05 3.3938735251e+05 2.8762500373e+05 2.4255326107e+05 2.0352783463e+05 1.6993953825e+05 1.4117854035e+05 1.1669911364e+05 9.5977862348e+04 7.8531580776e+04 6.3935676972e+04 5.1783750733e+04 4.1726667691e+04 3.3451246259e+04 2.6676805909e+04 2.1165971548e+04 1.6705810168e+04 1.3116367462e+04 1.0245408481e+04 7.9602823462e+03 6.1527346440e+03 4.7306648088e+03 3.6177379306e+03 2.7525172369e+03 2.0829191975e+03 1.5678698325e+03 1.1739963412e+03 8.7428437373e+02 6.4771264509e+02 4.7726691631e+02 3.4977109078e+02 2.5500381016e+02 1.8488860256e+02 1.3334497168e+02 9.5654893796e+01 6.8237128366e+01 4.8429773180e+01 3.4180505059e+01 2.3993742521e+01 1.6753754867e+01 1.1632791231e+01 8.0351895509e+00 0.0000000000e+00 0.0000000000e+00 0.0000000000e+00
0.0000000000e+00 0.0000000000e+00 0.0000000000e+00 9.9000138333e+00 1.4332282786e+01 2.0641216517e+01 2.9560571574e+01 4.2109977943e+01 5.9663760678e+01 8.4064100550e+01 1.1783889750e+02 1.6426678195e+02 2.2775863445e+02 3.1412537551e+02 4.3085572553e+02 5.8789652606e+02 7.9783583988e+02 1.0769002823e+03 1.4460426856e+03 1.9311499893e+03 2.5654883890e+03 3.3901530140e+03 4.4557210013e+03 5.8263254354e+03 7.5776131132e+03 9.8035726479e+03 1.2617603133e+04 1.6152989372e+04 2.0573045137e+04 2.6065196561e+04 3.2850986010e+04 4.1192548300e+04 5.1382102311e+04 6.3765171816e+04 7.8727265785e+04 9.6698148152e+04 1.1817805667e+05 1.4368957953e+05 1.7382747809e+05 2.0923591104e+05 2.5058650936e+05 2.9862978109e+05 3.5411539184e+05 4.1783618212e+05 4.9062836442e+05 5.7328073106e+05 6.6663085723e+05 7.7146110965e+05 8.8850057907e+05 1.0184955133e+06 1.1620078897e+06 1.3195800412e+06 1.4916301699e+06 1.6783948756e+06 1.8800472830e+06 2.0965109690e+06 2.3275712059e+06 2.5728642288e+06 2.8317553779e+06 3.1035005032e+06 3.3871233240e+06 3.6814652731e+06 3.9852572540e+06 4.2970023366e+06 4.6151292142e+06 4.9379475539e+06 5.2636794806e+06 5.5905122438e+06 5.9166051513e+06 6.2401370406e+06 6.5593144189e+06 6.8724438593e+06 7.1779003097e+06 7.4742013930e+06 7.7600259780e+06 8.0341489534e+06 8.2956162557e+06 8.5435909672e+06 8.7774315556e+06 8.9967331753e+06 9.2011909199e+06 9.3907600926e+06 9.5655232953e+06 9.7256754974e+06 9.8716293583e+06 1.0003827451e+07 1.0122852305e+07 1.0229369641e+07 1.0324026624e+07 1.0407603122e+07 1.0480824146e+07 1.0544421160e+07 1.0599136398e+07 1.0645622423e+07 1.0684533976e+07 1.0716438990e+07 1.0741822362e+07 1.0761123565e+07 1.0774661159e+07 1.0782681946e+07 1.0785339943e+07 1.0782662517e+07 1.0774622499e+07 1.0761064322e+07 1.0741741499e+07 1.0716335590e+07 1.0684406112e+07 1.0645468403e+07 1.0598953850e+07 1.0544208130e+07 1.0480576999e+07 1.0407320657e+07 1.0323705134e+07 1.0229006339e+07 1.0122445631e+07 1.0003374424e+07 9.8711277624e+06 9.7251238679e+06 9.5649195118e+06 9.3901033305e+06 9.2004809149e+06 8.9959696143e+06 8.7766144562e+06 8.5427224412e+06 8.2946981723e+06 8.0331835302e+06 7.7590169403e+06 7.4731522235e+06 7.1768161093e+06 6.8713296934e+06 6.5581753928e+06 6.2389791963e+06 5.9154346939e+06 5.5893359119e+06 5.2625036314e+06 4.9367789856e+06 4.6139744516e+06 4.2958675274e+06 3.9841482639e+06 3.6803874895e+06 3.3860819909e+06 3.1024998904e+06 2.8307992581e+06 2.5719557596e+06 2.3267128397e+06 2.0957045387e+06 1.8792938631e+06 1.6776948651e+06 1.4909835088e+06 1.3189859628e+06 1.1614652584e+06 1.0180025231e+06 8.8805530673e+05 7.7106115882e+05 6.6627361498e+05 5.7296342821e+05 4.9034813701e+05 4.1759006894e+05 3.5390044489e+05 2.9844312691e+05 2.5042530852e+05 2.0909748944e+05 1.7370928863e+05 1.4358922633e+05 1.1809331863e+05 9.6627006341e+04 7.8667868173e+04 6.3715861070e+04 5.1341397547e+04 4.1159130925e+04 3.2823709108e+04 2.6043054124e+04 2.0555174494e+04 1.6138645516e+04 1.2606155245e+04 9.7944880321e+03 7.5704437133e+03 5.8206996029e+03 4.4513316436e+03 3.3867470595e+03 2.5628606061e+03 1.9291339751e+03 1.4445046589e+03 1.0757336821e+03 7.9695581425e+02 5.8723645074e+02 4.3036343030e+02 3.1376024595e+02 2.2748939540e+02 1.6406934454e+02 1.1769492869e+02 8.3959734409e+01 5.9588505938e+01 4.2056031623e+01 2.9522118751e+01 2.0613958377e+01 1.4313073083e+01 9.8865502701e+00 0.0000000000e+00 0.0000000000e+00 0.0000000000e+00
0.0000000000e+00 0.0000000000e+00 0.0000000000e+00 1.2073835233e+01 1.7479353449e+01 2.5173630437e+01 3.6051547774e+01 5.1356639950e+01 7.2765036792e+01 1.0252345549e+02 1.4371490346e+02 2.0033802812e+02 2.7777232823e+02 3.8310481803e+02 5.2546881267e+02 7.1699552840e+02 9.7303741875e+02 1.3133846714e+03 1.7635915978e+03 2.3552300158e+03 3.1288721408e+03 4.1346377488e+03 5.4342120681e+03 7.1058119998e+03 9.2416985843e+03 1.1956501738e+04 1.5388526100e+04 1.9700326481e+04 2.5091088000e+04 3.1789394316e+04 4.0065448903e+04 5.0238958272e+04 6.2666319154e+04 7.7768941066e+04 9.6017001992e+04 1.1793465745e+05 1.4413201464e+05 1.7524644353e+05 2.1200331946e+05 2.5518829195e+05 3.0562050324e+05 3.6421532062e+05 4.3188705317e+05 5.0960264577e+05 5.9838207323e+05 6.9918723579e+05 8.1303986857e+05 9.4089400430e+05 1.0836389807e+06 1.2421849038e+06 1.4172173108e+06 1.6093974795e+06 1.8192356548e+06 2.0470202103e+06 2.2929627273e+06 2.5569695032e+06 2.8387788539e+06 3.1379471623e+06 3.4537005569e+06 3.7851312213e+06 4.1310486123e+06 4.4900393328e+06 4.8605559381e+06 5.2407728575e+06 5.6287730224e+06 6.0224954330e+06 6.4197715133e+06 6.8183903342e+06 7.2161071747e+06 7.6107002759e+06 7.9999826859e+06 8.3818889184e+06 8.7544365577e+06 9.1158184257e+06 9.4644227520e+06 9.7987550939e+06 1.0117652101e+07 1.0420093342e+07 1.0705296011e+07 1.0972766410e+07 1.1222132220e+07 1.1453339496e+07 1.1666488703e+07 1.1861817763e+07 1.2039830057e+07 1.2201064574e+07 1.2346233071e+07 1.2476146385e+07 1.2591594702e+07 1.2693528470e+07 1.2782832445e+07 1.2860398212e+07 1.2927131277e+07 1.2983828383e+07 1.3031286198e+07 1.3070199977e+07 1.3101158672e+07 1.3124699533e+07 1.3141211147e+07 1.3150993423e+07 1.3154235484e+07 1.3150970728e+07 1.3141165068e+07 1.3124629850e+07 1.3101063101e+07 1.3070078361e+07 1.3031135925e+07 1.2983646589e+07 1.2926915616e+07 1.2860146815e+07 1.2782540735e+07 1.2693195142e+07 1.2591215371e+07 1.2475718263e+07 1.2345753099e+07 1.2200530081e+07 1.2039238314e+07 1.1861166869e+07 1.1665776427e+07 1.1452564578e+07 1.1221294374e+07 1.0971865234e+07 1.0704332307e+07 1.0419069002e+07 1.0116569016e+07 9.7976162617e+06 9.4632325505e+06 9.1145809593e+06 8.7531574651e+06 8.3805741247e+06 7.9986386454e+06 7.6093342143e+06 7.2147263443e+06 6.8170027012e+06 6.4183846738e+06 6.0211169964e+06 5.6274109132e+06 5.2394342066e+06 4.8592477023e+06 4.4887681494e+06 4.1298201352e+06 3.7839506307e+06 3.4525725965e+06 3.1368754825e+06 2.8377663279e+06 2.5560181216e+06 2.2920738711e+06 2.0461944283e+06 1.8184727156e+06 1.6086965950e+06 1.4165770813e+06 1.2416033239e+06 1.0831136361e+06 9.4042214629e+05 8.1261839787e+05 6.9881291286e+05 5.9805145219e+05 5.0931228624e+05 4.3163345525e+05 3.6399510177e+05 3.0543032560e+05 2.5502498186e+05 2.1186386968e+05 1.7512803564e+05 1.4403203598e+05 1.1785071847e+05 9.5946919870e+04 7.7710759925e+04 6.2618288564e+04 5.0199528220e+04 4.0033263635e+04 3.1763268600e+04 2.5069999517e+04 1.9683401970e+04 1.5375017920e+04 1.1945781940e+04 9.2332389170e+03 7.0991734904e+03 5.4290324021e+03 4.1306184983e+03 3.1257710615e+03 2.3528509263e+03 1.7617764838e+03 1.3120078953e+03 9.7199881829e+02 7.1621647971e+02 5.2488781139e+02 3.8267389910e+02 2.7745456405e+02 2.0010499566e+02 1.4354498011e+02 1.0240026458e+02 7.2676213208e+01 5.1292967833e+01 3.6006159844e+01 2.5141455221e+01 1.7456678985e+01 1.2057943047e+01 0.0000000000e+00 0.0000000000e+00 0.0000000000e+00
0.0000000000e+00 0.0000000000e+00 0.0000000000e+00 1.4594981428e+01 2.1129254660e+01 3.0430225229e+01 4.3579650667e+01 6.2080752483e+01 8.7959669778e+01 1.2393230373e+02 1.7372551874e+02 2.4217295902e+02 3.3577761085e+02 4.6310641935e+02 6.3520014860e+02 8.6672337518e+02 1.1762349251e+03 1.5876578410e+03 2.1318830273e+03 2.8470762402e+03 3.7822827879e+03 4.9980897577e+03 6.5690647174e+03 8.5897607787e+03 1.1171706859e+04 1.4453473956e+04 1.8602251118e+04 2.3814544127e+04 3.0331136219e+04 3.8428354291e+04 4.8432835358e+04 6.0731054859e+04 7.5753853448e+04 9.4010648009e+04 1.1606981582e+05 1.4256500403e+05 1.7423372783e+05 2.1184649291e+05 2.5628017981e+05 3.0848452537e+05 3.6944978524e+05 4.4028247173e+05 5.2208790210e+05 6.1603499581e+05 7.2335676013e+05 8.4521601375e+05 9.8284784463e+05 1.1374056375e+06 1.3099644947e+06 1.5016246486e+06 1.7132147868e+06 1.9455343040e+06 2.1991999785e+06 2.4745605580e+06 2.7718718771e+06 3.0910205277e+06 3.4316903188e+06 3.7933449308e+06 4.1750485067e+06 4.5757044454e+06 4.9938730097e+06 5.4278458199e+06 5.8757516477e+06 6.3353843656e+06 6.8044264323e+06 7.2803850203e+06 7.7606405379e+06 8.2425198270e+06 8.7233079973e+06 9.2003206086e+06 9.6709134996e+06 1.0132589544e+07 1.0582952381e+07 1.1019816931e+07 1.1441235442e+07 1.1845400841e+07 1.2230907441e+07 1.2596521062e+07 1.2941294341e+07 1.3264632761e+07 1.3566085801e+07 1.3845586206e+07 1.4103257099e+07 1.4339385243e+07 1.4554580512e+07 1.4749492557e+07 1.4924983806e+07 1.5082032232e+07 1.5221595531e+07 1.5344820474e+07 1.5452777794e+07 1.5546545814e+07 1.5627217857e+07 1.5695758283e+07 1.5753128403e+07 1.5800170907e+07 1.5837596167e+07 1.5866054253e+07 1.5886015415e+07 1.5897841329e+07 1.5901760766e+07 1.5897814163e+07 1.5885961401e+07 1.5865972641e+07 1.5837484409e+07 1.5800027512e+07 1.5752952719e+07 1.5695545082e+07 1.5626966134e+07 1.5546251636e+07 1.5452436998e+07 1.5344430549e+07 1.5221151706e+07 1.5081532355e+07 1.4924422720e+07 1.4748867281e+07 1.4553888163e+07 1.4338623909e+07 1.4102423903e+07 1.3844680375e+07 1.3565105878e+07 1.3263579831e+07 1.2940168272e+07 1.2595322188e+07 1.2229640842e+07 1.1844068964e+07 1.1439843444e+07 1.1018369777e+07 1.0581456247e+07 1.0131051916e+07 9.6693415110e+06 9.1987233145e+06 8.7216931877e+06 8.2408965925e+06 7.7590187231e+06 7.2787730588e+06 6.8028328019e+06 6.3338186109e+06 5.8742217395e+06 5.4263587702e+06 4.9924363374e+06 4.5743239170e+06 4.1737293772e+06 3.7920916001e+06 3.4305059347e+06 3.0899078411e+06 2.7708323065e+06 2.4735948627e+06 2.1983077155e+06 1.9447145255e+06 1.7124660180e+06 1.5009444422e+06 1.3093500942e+06 1.1368537877e+06 9.8235492276e+05 8.4477820413e+05 7.2297005531e+05 6.1569537897e+05 5.2179128811e+05 4.4002488812e+05 3.6922733825e+05 3.0829351230e+05 2.5611706467e+05 2.1170799774e+05 1.7411678346e+05 1.4246681581e+05 1.1598784088e+05 9.3942587690e+04 7.5697670346e+04 6.0684931068e+04 4.8395184084e+04 3.8397791725e+04 3.0306466176e+04 2.3794744753e+04 1.8586447939e+04 1.4440932298e+04 1.1161809821e+04 8.5819942556e+03 6.5630051370e+03 4.9933871166e+03 3.7786545551e+03 2.8442926820e+03 2.1297593484e+03 1.5860468799e+03 1.1750196697e+03 8.6581187728e+02 6.3452029637e+02 4.6260218446e+02 3.3540575251e+02 2.4190027815e+02 1.7352667007e+02 1.2378815336e+02 8.7855723743e+01 6.2006233309e+01 4.3526533252e+01 3.0392570381e+01 2.1102717320e+01 1.4576381539e+01 0.0000000000e+00 0.0000000000e+00 0.0000000000e+00
0.0000000000e+00 0.0000000000e+00 5.8595366945e+00 1.7488382847e+01 2.5318081198e+01 3.6462989290e+01 5.2219331643e+01 7.4388366036e+01 1.0539793892e+02 1.4850241944e+02 2.0816755606e+02 2.9018538704e+02 4.0234820312e+02 5.5492152004e+02 7.6113512535e+02 1.0385612705e+03 1.4094383476e+03 1.9024327056e+03 2.5545605342e+03 3.4115546086e+03 4.5321845363e+03 5.9890513631e+03 7.8715074670e+03 1.0292853593e+04 1.3386733310e+04 1.7319194150e+04 2.2290575327e+04 2.8536347502e+04 3.6345037993e+04 4.6047768454e+04 5.8035935962e+04 7.2772662920e+04 9.0774209266e+04 1.1265100863e+05 1.3908415604e+05 1.7083291882e+05 2.0878109383e+05 2.5385195116e+05 3.0709624145e+05 3.6965206627e+05 4.4270600590e+05 5.2758408088e+05 6.2561069085e+05 7.3818662734e+05 8.6678932904e+05 1.0128123156e+06 1.1777355092e+06 1.3629411177e+06 1.5697174059e+06 1.7993826143e+06 2.0529300106e+06 2.3313174341e+06 2.6352841538e+06 2.9652480335e+06 3.3215154626e+06 3.7039505010e+06 4.1121746722e+06 4.5455449674e+06 5.0029404650e+06 5.4830462827e+06 5.9841377346e+06 6.5041680272e+06 7.0408942245e+06 7.5916729431e+06 8.1537268859e+06 8.7240699325e+06 9.2995617224e+06 9.8769985103e+06 1.0453128982e+07 1.1024735407e+07 1.1588648552e+07 1.2141877494e+07 1.2681549340e+07 1.3205046598e+07 1.3710035318e+07 1.4194348682e+07 1.4656303510e+07 1.5094420685e+07 1.5507565132e+07 1.5895024494e+07 1.6256256418e+07 1.6591184270e+07 1.6899952965e+07 1.7182908028e+07 1.7440777685e+07 1.7674342620e+07 1.7884634748e+07 1.8072827951e+07 1.8240067319e+07 1.8387729541e+07 1.8517094408e+07 1.8629458320e+07 1.8726128215e+07 1.8808260219e+07 1.8877008231e+07 1.8933379718e+07 1.8978226400e+07 1.9012329372e+07 1.9036248741e+07 1.9050420371e+07 1.9055118072e+07 1.9050388734e+07 1.9036185927e+07 1.9012234534e+07 1.8978097333e+07 1.8933213512e+07 1.8876804429e+07 1.8808013636e+07 1.8725836381e+07 1.8629116986e+07 1.8516700444e+07 1.8387277234e+07 1.8239552021e+07 1.8072247608e+07 1.7883984079e+07 1.7673618186e+07 1.7439975015e+07 1.7182024848e+07 1.6898986373e+07 1.6590133624e+07 1.6255120403e+07 1.5893802828e+07 1.5506259447e+07 1.5093031209e+07 1.4654835049e+07 1.4192804922e+07 1.3708421408e+07 1.3203368383e+07 1.2679814157e+07 1.2140094571e+07 1.1586826092e+07 1.1022883250e+07 1.0451256880e+07 9.8751167804e+06 9.2976809492e+06 8.7222007716e+06 8.1518794507e+06 7.5898575278e+06 7.0391202988e+06 6.5024437912e+06 5.9824719724e+06 5.4814455544e+06 5.0014110220e+06 4.5440917407e+06 4.1108014158e+06 3.7026603252e+06 3.3203100162e+06 2.9641282115e+06 2.6342496817e+06 2.3303670125e+06 2.0520617736e+06 1.7985938768e+06 1.5690048870e+06 1.3623011488e+06 1.1771638928e+06 1.0123045918e+06 8.6634090564e+05 7.3779280231e+05 6.2526671222e+05 5.2728536838e+05 4.4244805335e+05 3.6943054179e+05 3.0690707518e+05 2.5369132303e+05 2.0864546909e+05 1.7071905215e+05 1.3898908204e+05 1.1257207833e+05 9.0709045414e+04 7.2719165910e+04 5.7992268637e+04 4.6012318754e+04 3.6316424762e+04 2.8513381221e+04 2.2272244767e+04 1.7304647119e+04 1.3375252625e+04 1.0283844084e+04 7.8644776663e+03 5.9835960699e+03 4.5279756590e+03 3.4083253025e+03 2.5520967541e+03 1.9005637679e+03 1.4080284196e+03 1.0375036821e+03 7.6034634187e+02 5.5433646291e+02 4.0191672289e+02 2.8986898024e+02 2.0793682681e+02 1.4833514083e+02 1.0527731578e+02 7.4301892235e+01 5.2157689979e+01 3.6419290363e+01 2.5287284382e+01 1.7466796269e+01 5.8522097310e+00 0.0000000000e+00 0.0000000000e+00
0.0000000000e+00 0.0000000000e+00 1.4268237165e+01 2.0770915483e+01 3.0070263466e+01 4.3307108105e+01 6.2020989239e+01 8.8351277006e+01 1.2518156621e+02 1.7637711653e+02 2.4724196366e+02 3.4465541654e+02 4.7787248109e+02 6.5908580327e+02 9.0400860923e+02 1.2335118397e+03 1.6740084819e+03 2.2595464824e+03 3.0340905357e+03 4.0519589521e+03 5.3829541041e+03 7.1133058114e+03 9.3491409766e+03 1.2225029915e+04 1.5899706525e+04 2.0570389124e+04 2.6475028179e+04 3.3893301397e+04 4.3167900868e+04 5.4692112078e+04 6.8930815679e+04 8.6434075251e+04 1.0781507241e+05 1.3379885574e+05 1.6519437431e+05 2.0290344413e+05 2.4797579970e+05 3.0150805019e+05 3.6474820657e+05 4.3904806059e+05 5.2581698754e+05 6.2662988505e+05 7.4305989361e+05 8.7677076292e+05 1.0295173736e+06 1.2029547930e+06 1.3988409598e+06 1.6188174633e+06 1.8644144684e+06 2.1371978074e+06 2.4383471994e+06 2.7690002638e+06 3.1300352996e+06 3.5219484469e+06 3.9451034290e+06 4.3993395707e+06 4.8842066082e+06 5.3989411229e+06 5.9422116381e+06 6.5124566005e+06 7.1076274145e+06 7.7252928778e+06 8.3627895428e+06 9.0169767778e+06 9.6845566224e+06 1.0361982597e+07 1.1045523291e+07 1.1731375494e+07 1.2415675469e+07 1.3094601573e+07 1.3764391860e+07 1.4421491053e+07 1.5062487842e+07 1.5684273593e+07 1.6284075318e+07 1.6859321513e+07 1.7408010244e+07 1.7928385535e+07 1.8419100643e+07 1.8879306683e+07 1.9308361421e+07 1.9706173824e+07 2.0072916168e+07 2.0408997577e+07 2.0715283268e+07 2.0992701679e+07 2.1242477265e+07 2.1466005214e+07 2.1664644539e+07 2.1840030955e+07 2.1993686646e+07 2.2127146882e+07 2.2241966815e+07 2.2339520270e+07 2.2421176470e+07 2.2488131564e+07 2.2541399854e+07 2.2581905556e+07 2.2610315914e+07 2.2627149112e+07 2.2632729535e+07 2.2627113578e+07 2.2610244495e+07 2.2581796063e+07 2.2541251301e+07 2.2487941059e+07 2.2420941808e+07 2.2339237060e+07 2.2241631574e+07 2.2126753853e+07 2.1993232319e+07 2.1839511478e+07 2.1664052954e+07 2.1465337871e+07 2.1241729456e+07 2.0991868827e+07 2.0714360798e+07 2.0407982596e+07 2.0071805194e+07 1.9704966345e+07 1.9307055850e+07 1.8877901847e+07 1.8417598491e+07 1.7926788748e+07 1.7406321731e+07 1.6857546441e+07 1.6282219779e+07 1.5682344466e+07 1.5060493273e+07 1.4419441341e+07 1.3762296413e+07 1.3092473193e+07 1.2413522996e+07 1.1729212132e+07 1.1043361362e+07 1.0359833850e+07 9.6824332424e+06 9.0148900996e+06 8.3607500899e+06 7.7233107371e+06 7.1057125847e+06 6.5106161883e+06 5.9404532044e+06 5.3972703261e+06 4.8826280311e+06 4.3978563676e+06 3.9437177359e+06 3.5206609295e+06 3.1288458312e+06 2.7679077113e+06 2.4373489938e+06 2.1362910720e+06 1.8635953203e+06 1.6180817550e+06 1.3981837962e+06 1.2023710832e+06 1.0290018426e+06 8.7631797554e+05 7.4266442830e+05 6.2628643740e+05 5.2552039146e+05 4.3879334563e+05 3.6453070386e+05 3.0132334779e+05 2.4781985077e+05 2.0277251636e+05 1.6508504199e+05 1.3370808752e+05 1.0774013784e+05 8.6372554646e+04 6.8880595587e+04 5.4651344492e+04 4.3134994566e+04 3.3866888741e+04 2.6453947050e+04 2.0553657215e+04 1.5886502257e+04 1.2214667603e+04 9.3410549875e+03 7.1070306864e+03 5.3781124255e+03 4.0482443982e+03 3.0312563978e+03 2.2573965680e+03 1.6723866208e+03 1.2322951706e+03 9.0310115671e+02 6.5841267619e+02 4.7737608668e+02 3.4429135779e+02 2.4697648286e+02 1.7618463532e+02 1.2504277204e+02 8.8251775010e+01 6.1950057185e+01 4.3256820025e+01 3.0034822112e+01 2.0746071739e+01 1.4250924281e+01 0.0000000000e+00 0.0000000000e+00
0.0000000000e+00 0.0000000000e+00 1.6797269412e+01 2.4452567684e+01 3.5400263677e+01 5.0983410627e+01 7.3014450397e+01 1.0401198714e+02 1.4737077067e+02 2.0764124868e+02 2.9106767219e+02 4.0574884702e+02 5.6258042898e+02 7.7591636154e+02 1.0642555666e+03 1.4521686154e+03 1.9707510354e+03 2.6600864660e+03 3.5719334958e+03 4.7702398327e+03 6.3371821859e+03 8.3742773494e+03 1.1006466516e+04 1.4392176841e+04 1.8718281351e+04 2.4216963254e+04 3.1168358587e+04 3.9901724853e+04 5.0820509475e+04 6.4387726768e+04 8.1150668212e+04 1.0175692187e+05 1.2692837971e+05 1.5751862843e+05 1.9448004174e+05 2.3887433629e+05 2.9193732814e+05 3.5496004898e+05 4.2941182633e+05 5.1688405734e+05 6.1903602295e+05 7.3772184762e+05 8.7479360973e+05 1.0322100151e+06 1.2120370728e+06 1.4162233108e+06 1.6468383913e+06 1.9058149286e+06 2.1949543782e+06 2.5161003324e+06 2.8706415010e+06 3.2599175576e+06 3.6849618982e+06 4.1463591713e+06 4.6445378698e+06 5.1793081282e+06 5.7501406136e+06 6.3561357013e+06 6.9957266889e+06 7.6670748709e+06 8.3677688074e+06 9.0949452846e+06 9.8454696115e+06 1.0615643951e+07 1.1401585815e+07 1.2199119199e+07 1.3003852407e+07 1.3811306635e+07 1.4616934127e+07 1.5416235913e+07 1.6204779622e+07 1.6978383927e+07 1.7733031796e+07 1.8465061906e+07 1.9171210524e+07 1.9848448992e+07 2.0494422789e+07 2.1107062098e+07 2.1684782895e+07 2.2226585001e+07 2.2731714544e+07 2.3200060505e+07 2.3631826591e+07 2.4027497421e+07 2.4388089384e+07 2.4714695649e+07 2.5008757675e+07 2.5271917873e+07 2.5505777233e+07 2.5712261140e+07 2.5893159258e+07 2.6050283854e+07 2.6185463606e+07 2.6300312160e+07 2.6396446621e+07 2.6475275031e+07 2.6537986716e+07 2.6585675774e+07 2.6619123113e+07 2.6638942680e+07 2.6645512963e+07 2.6638902191e+07 2.6619041324e+07 2.6585551715e+07 2.6537817301e+07 2.6475057245e+07 2.6396179546e+07 2.6299989608e+07 2.6185080073e+07 2.6049835443e+07 2.5892642567e+07 2.5711667792e+07 2.5505102007e+07 2.5271155851e+07 2.5007903724e+07 2.4713745299e+07 2.4387037247e+07 2.4026339768e+07 2.3630560557e+07 2.3198683259e+07 2.2730225266e+07 2.2224983946e+07 2.1683070584e+07 2.1105241406e+07 2.0492497762e+07 1.9846425484e+07 1.9169095247e+07 1.8462863641e+07 1.7730758541e+07 1.6976047769e+07 1.6202392686e+07 1.5413807826e+07 1.4614481396e+07 1.3808841410e+07 1.3001388567e+07 1.2196670136e+07 1.1399165924e+07 1.0613265439e+07 9.8431452026e+06 9.0926863262e+06 8.3655863033e+06 7.6649779472e+06 6.9937228445e+06 6.3542313465e+06 5.7483413825e+06 5.1776176204e+06 4.6429583955e+06 4.1448919539e+06 3.6836062080e+06 3.2586718980e+06 2.8695037150e+06 2.5150666737e+06 2.1940206631e+06 1.9049761709e+06 1.6460892610e+06 1.4155579037e+06 1.2114492905e+06 1.0316938190e+06 8.7434273018e+05 7.3733031755e+05 6.1869788907e+05 5.1659367825e+05 4.2916386428e+05 3.5474947470e+05 2.9175952483e+05 2.3872505610e+05 1.9435539516e+05 1.5741513665e+05 1.2684293656e+05 1.0168677280e+05 8.1093403929e+04 6.4341240024e+04 5.0782984088e+04 3.9871605148e+04 3.1144315912e+04 2.4197882840e+04 1.8703221215e+04 1.4380357655e+04 1.0997244191e+04 8.3671206201e+03 6.3316599239e+03 4.7660028913e+03 3.5687007369e+03 2.6576340044e+03 1.9689007784e+03 1.4507806751e+03 1.0632203135e+03 7.7514849776e+02 5.6201410149e+02 4.0533348528e+02 2.9076477044e+02 2.0742162520e+02 1.4721240012e+02 1.0389844568e+02 7.2933509440e+01 5.0926023200e+01 3.5359817114e+01 2.4424213688e+01 1.6777509448e+01 0.0000000000e+00 0.0000000000e+00
0.0000000000e+00 0.0000000000e+00 1.9601414753e+01 2.8534719157e+01 4.1310082946e+01 5.9494782359e+01 8.5203847582e+01 1.2137638116e+02 1.7197389659e+02 2.4230656281e+02 3.3966119337e+02 4.7348871355e+02 6.5650391534e+02 9.0545734303e+02 1.2419363814e+03 1.6946141051e+03 2.2997779312e+03 3.1042037519e+03 4.1682924376e+03 5.5666684616e+03 7.3952299664e+03 9.7724426557e+03 1.2844109681e+04 1.6795112081e+04 2.1843523534e+04 2.8260295839e+04 3.6372340278e+04 4.6563891747e+04 5.9305768548e+04 7.5138284313e+04 9.4700127585e+04 1.1874701229e+05 1.4812137860e+05 1.8381932997e+05 2.2695227717e+05 2.7875924228e+05 3.4068235132e+05 4.1422827595e+05 5.0111163235e+05 6.0318961367e+05 7.2239855320e+05 8.6090219703e+05 1.0208618916e+06 1.2045633913e+06 1.4144178054e+06 1.6526989034e+06 1.9218220656e+06 2.2240426943e+06 2.5614629597e+06 2.9362343914e+06 3.3499776679e+06 3.8042560321e+06 4.3002756774e+06 4.8387188319e+06 5.4200852662e+06 6.0441542083e+06 6.7103065766e+06 7.4174945507e+06 8.1638882012e+06 8.9473426929e+06 9.7650427231e+06 1.0613648432e+07 1.1489500761e+07 1.2388284969e+07 1.3305469893e+07 1.4236182299e+07 1.5175296401e+07 1.6117587710e+07 1.7057745682e+07 1.7990522347e+07 1.8910746035e+07 1.9813535326e+07 2.0694201059e+07 2.1548474057e+07 2.2372543814e+07 2.3162874544e+07 2.3916720534e+07 2.4631665940e+07 2.5305860846e+07 2.5938141485e+07 2.6527622231e+07 2.7074178185e+07 2.7578046277e+07 2.8039791946e+07 2.8460599840e+07 2.8841747260e+07 2.9184915977e+07 2.9492021608e+07 2.9764934259e+07 3.0005900002e+07 3.0217008208e+07 3.0400369852e+07 3.0558123013e+07 3.0692152996e+07 3.0804341757e+07 3.0896332301e+07 3.0969518939e+07 3.1025170896e+07 3.1064205412e+07 3.1087333460e+07 3.1095000945e+07 3.1087286552e+07 3.1064112338e+07 3.1025030137e+07 3.0969326829e+07 3.0896087129e+07 3.0804038954e+07 3.0691787344e+07 3.0557691109e+07 3.0399864130e+07 3.0216422689e+07 3.0005229679e+07 2.9764172008e+07 2.9491162842e+07 2.9183951528e+07 2.8840673777e+07 2.8459410745e+07 2.8038485000e+07 2.7576617141e+07 2.7072622503e+07 2.6525939352e+07 2.5936331338e+07 2.5303926675e+07 2.4629608424e+07 2.3914545538e+07 2.3160588248e+07 2.2370154011e+07 2.1545989611e+07 2.0691632901e+07 1.9810894725e+07 1.8908047840e+07 1.7987779731e+07 1.7054973476e+07 1.6114800620e+07 1.5172512176e+07 1.4233414695e+07 1.3302734737e+07 1.2385597144e+07 1.1486874259e+07 1.0611095806e+07 9.7625761800e+06 8.9449721698e+06 8.1616233441e+06 7.4153424795e+06 6.7082733179e+06 6.0422436747e+06 5.4183003080e+06 4.8370604036e+06 4.2987435165e+06 3.8028484172e+06 3.3486915657e+06 2.9350661461e+06 2.5604076426e+06 2.2230946986e+06 1.9209753448e+06 1.6519468105e+06 1.4137534464e+06 1.2039799289e+06 1.0203522495e+06 8.6045959689e+05 7.2201630606e+05 6.0286135924e+05 5.0083132945e+05 4.1399021926e+05 3.4048134459e+05 2.7859046522e+05 2.2681135670e+05 1.8370232175e+05 1.4802477343e+05 1.1866770216e+05 9.4635381968e+04 7.5085719556e+04 5.9263338015e+04 4.6529834106e+04 3.6345154650e+04 2.8238718309e+04 2.1826493165e+04 1.6781746054e+04 1.2833680444e+04 9.7643483790e+03 7.3889839107e+03 5.5618760917e+03 4.1646358093e+03 3.1014296728e+03 2.2976849674e+03 1.6930440314e+03 1.2407651864e+03 9.0458859513e+02 6.5586316461e+02 4.7301875905e+02 3.3931845390e+02 2.4205806115e+02 1.7179468450e+02 1.2124788902e+02 8.5112243418e+01 5.9429831571e+01 4.1264303015e+01 2.8502626734e+01 1.9579048252e+01 0.0000000000e+00 0.0000000000e+00
0.0000000000e+00 0.0000000000e+00 2.2672241905e+01 3.3005100654e+01 4.7781952686e+01 6.8815629745e+01 9.8552541767e+01 1.4039226207e+02 1.9891699065e+02 2.8026889684e+02 3.9287645917e+02 5.4767138769e+02 7.5936065029e+02 1.0473193494e+03 1.4365170956e+03 1.9601199177e+03 2.6601003985e+03 3.5905639336e+03 4.8213752760e+03 6.4388518220e+03 8.5539177176e+03 1.1303601021e+04 1.4856551793e+04 1.9426617242e+04 2.5266044516e+04 3.2688242429e+04 4.2071343348e+04 5.3859792441e+04 6.8598183912e+04 8.6911494559e+04 1.0953849773e+05 1.3735331868e+05 1.7133041208e+05 2.1262197953e+05 2.6251357285e+05 3.2243836934e+05 3.9406449145e+05 4.7913469700e+05 5.7963234740e+05 6.9770558360e+05 8.3559418854e+05 9.9580108100e+05 1.1808261387e+06 1.3933134459e+06 1.6360519010e+06 1.9116717145e+06 2.2229665982e+06 2.5725454394e+06 2.9628399234e+06 3.3963386955e+06 3.8749165555e+06 4.4003817404e+06 4.9741292705e+06 5.5969486572e+06 6.2694175021e+06 6.9912810493e+06 7.7618233182e+06 8.5798315901e+06 9.4431894557e+06 1.0349415980e+07 1.1295255119e+07 1.2276843610e+07 1.3289948676e+07 1.4329578909e+07 1.5390494015e+07 1.6467057435e+07 1.7553339753e+07 1.8643295278e+07 1.9730785575e+07 2.0809738175e+07 2.1874169592e+07 2.2918434667e+07 2.3937110703e+07 2.4925257178e+07 2.5878465801e+07 2.6792652989e+07 2.7664634679e+07 2.8491619533e+07 2.9271469411e+07 3.0002835038e+07 3.0684695971e+07 3.1316904335e+07 3.1899734762e+07 3.2433840176e+07 3.2920595272e+07 3.3361473040e+07 3.3758419382e+07 3.4113653333e+07 3.4429335195e+07 3.4708064874e+07 3.4952255617e+07 3.5164353968e+07 3.5346829021e+07 3.5501862730e+07 3.5631632922e+07 3.5738040491e+07 3.5822696157e+07 3.5887069719e+07 3.5932221595e+07 3.5958975299e+07 3.5967845175e+07 3.5958923947e+07 3.5932118433e+07 3.5886912296e+07 3.5822481598e+07 3.5737765393e+07 3.5631292488e+07 3.5501453751e+07 3.5346343438e+07 3.5163785220e+07 3.4951600583e+07 3.4707312251e+07 3.4428481015e+07 3.4112689343e+07 3.3757340309e+07 3.3360269943e+07 3.2919262720e+07 3.2432374837e+07 3.1898130480e+07 3.1315159753e+07 3.0682808567e+07 3.0000806417e+07 2.9269300031e+07 2.8489315355e+07 2.7662196514e+07 2.6790089937e+07 2.5875787947e+07 2.4922472698e+07 2.3934232196e+07 2.2915475870e+07 2.1871145574e+07 2.0806664409e+07 1.9727678727e+07 1.8640173555e+07 1.7550218419e+07 1.6463956169e+07 1.5387429605e+07 1.4326567667e+07 1.3287004868e+07 1.2273982874e+07 1.1292491069e+07 1.0346759650e+07 9.4406514268e+06 8.5774198949e+06 7.7595448825e+06 6.9891403259e+06 6.2674172464e+06 5.5950901675e+06 4.9724122272e+06 4.3988042037e+06 3.8734754129e+06 3.3950294790e+06 2.9616572874e+06 2.5714829869e+06 2.2220175874e+06 1.9108287246e+06 1.6353072874e+06 1.3926594797e+06 1.1802549687e+06 9.9530498714e+05 8.3516578859e+05 6.9733763666e+05 5.7931813225e+05 4.7886786245e+05 3.9383915048e+05 3.2224914438e+05 2.6235558384e+05 2.1249079386e+05 1.7122210415e+05 1.3726439437e+05 1.0946590221e+05 8.6852560130e+04 6.8550604311e+04 5.3821605038e+04 4.2040858691e+04 3.2664045659e+04 2.5246945838e+04 1.9411627558e+04 1.4844854749e+04 1.1294522700e+04 8.5469118932e+03 6.4334763534e+03 4.8172735338e+03 3.5874518823e+03 2.6577524848e+03 1.9583584359e+03 1.4352032076e+03 1.0463445841e+03 7.5864171700e+02 5.4714406404e+02 3.9249185286e+02 2.7999002684e+02 1.9871587618e+02 1.4024805600e+02 9.8449724192e+01 6.8742730137e+01 4.7730566100e+01 3.2969074066e+01 2.2647132049e+01 0.0000000000e+00 0.0000000000e+00
0.0000000000e+00 0.0000000000e+00 2.5994081255e+01 3.7840896906e+01 5.4782853911e+01 7.8898401627e+01 1.1299240957e+02 1.6096259702e+02 2.2806258601e+02 3.2133452883e+02 4.5044195333e+02 6.2791841876e+02 8.7062588960e+02 1.2007785708e+03 1.6470051278e+03 2.2473310899e+03 3.0498801058e+03 4.1166857035e+03 5.5278506837e+03 7.3823409221e+03 9.8073344543e+03 1.2959941489e+04 1.7033524479e+04 2.2273269256e+04 2.8968385990e+04 3.7478213429e+04 4.8236296911e+04 6.1752212070e+04 7.8650358011e+04 9.9647308312e+04 1.2559008829e+05 1.5748093130e+05 1.9643710575e+05 2.4377964528e+05 3.0098252845e+05 3.6968893115e+05 4.5181148851e+05 5.4934831976e+05 6.6457347692e+05 7.9994989216e+05 9.5804572006e+05 1.1417304642e+06 1.3538705947e+06 1.5974975610e+06 1.8758091301e+06 2.1918208684e+06 2.5487360872e+06 2.9495457883e+06 3.3970383254e+06 3.8940671275e+06 4.4427814516e+06 5.0452546204e+06 5.7030866771e+06 6.4171823562e+06 7.1882041953e+06 8.0158593917e+06 8.8993284638e+06 9.8372192774e+06 1.0827107323e+07 1.1866145865e+07 1.2950603939e+07 1.4076050293e+07 1.5237632246e+07 1.6429628696e+07 1.7646028789e+07 1.8880369551e+07 2.0125854954e+07 2.1375553206e+07 2.2622424656e+07 2.3859506842e+07 2.5079939689e+07 2.6277251433e+07 2.7445224452e+07 2.8578193824e+07 2.9671107606e+07 3.0719275589e+07 3.1719054144e+07 3.2667243078e+07 3.3561388964e+07 3.4399944331e+07 3.5181737768e+07 3.5906604189e+07 3.6574856790e+07 3.7187240604e+07 3.7745334884e+07 3.8250828395e+07 3.8705954166e+07 3.9113251245e+07 3.9475200934e+07 3.9794779479e+07 4.0074760310e+07 4.0317943685e+07 4.0527162851e+07 4.0704918575e+07 4.0853709863e+07 4.0975713077e+07 4.1072775697e+07 4.1146585593e+07 4.1198355365e+07 4.1229031037e+07 4.1239203610e+07 4.1228973725e+07 4.1198240900e+07 4.1146410676e+07 4.1072537878e+07 4.0975406342e+07 4.0853332520e+07 4.0704463728e+07 4.0526625439e+07 4.0317314027e+07 4.0074032322e+07 3.9793944397e+07 3.9474250963e+07 3.9112181112e+07 3.8704752674e+07 3.8249490958e+07 3.7743853937e+07 3.7185612251e+07 3.6573074612e+07 3.5904665433e+07 3.5179642453e+07 3.4397689847e+07 3.3558980160e+07 3.2664682935e+07 3.1716345801e+07 3.0716427898e+07 2.9668131271e+07 2.8575100308e+07 2.7442026893e+07 2.6273964237e+07 2.5076580350e+07 2.3856091955e+07 2.2618972524e+07 2.1372083767e+07 2.0122388054e+07 1.8876923830e+07 1.7642622613e+07 1.6426281322e+07 1.5234361786e+07 1.4072871990e+07 1.2947532466e+07 1.1863194977e+07 1.0824286789e+07 9.8345399564e+06 8.8967960119e+06 8.0134803600e+06 7.1859816302e+06 6.4151170557e+06 5.7011786411e+06 5.0435018298e+06 4.4411799209e+06 3.8926123116e+06 3.3957241579e+06 2.9483651295e+06 2.5476813619e+06 2.1908840298e+06 1.8749815715e+06 1.5967708430e+06 1.3532357184e+06 1.1411790790e+06 9.5756949753e+05 7.9954093260e+05 6.6422420437e+05 5.4905169723e+05 4.5156100887e+05 3.6947859562e+05 3.0080688495e+05 2.4363380795e+05 1.9631669104e+05 1.5738206540e+05 1.2550937091e+05 9.9581772656e+04 7.8597454961e+04 6.1709747129e+04 4.8202395397e+04 3.7451303960e+04 2.8947146719e+04 2.2256597759e+04 1.7020513509e+04 1.2949843862e+04 9.7995421296e+03 7.3763611750e+03 5.5232874718e+03 4.1132236402e+03 3.0472679501e+03 2.2453713449e+03 1.6455430912e+03 1.1996939376e+03 8.6982586121e+02 6.2733156713e+02 4.5001393403e+02 3.2102415186e+02 2.2783872545e+02 1.6080207684e+02 1.1287796104e+02 7.8817240999e+01 5.4725641890e+01 3.7800786612e+01 2.5966121613e+01 0.0000000000e+00 0.0000000000e+00
0.0000000000e+00 2.0180283116e+01 2.9540798815e+01 4.3004068529e+01 6.2257704422e+01 8.9663767993e+01 1.2840986694e+02 1.8292557240e+02 2.5918139392e+02 3.6518042554e+02 5.1190484146e+02 7.1359850905e+02 9.8942437249e+02 1.3646279248e+03 1.8717444918e+03 2.5539887681e+03 3.4660510365e+03 4.6784307657e+03 6.2821607973e+03 8.3897133157e+03 1.1145621567e+04 1.4728435437e+04 1.9357905056e+04 2.5312675072e+04 3.2921428853e+04 4.2592534798e+04 5.4818710233e+04 7.0179071507e+04 8.9383229282e+04 1.1324554268e+05 1.4272864644e+05 1.7897154846e+05 2.2324397428e+05 2.7704727886e+05 3.4205658356e+05 4.2013932980e+05 5.1346915733e+05 6.2431691761e+05 7.5526695862e+05 9.0911847439e+05 1.0887899122e+06 1.2975426816e+06 1.5386342393e+06 1.8155099640e+06 2.1318037959e+06 2.4909431783e+06 2.8965684491e+06 3.3520790186e+06 3.8606435333e+06 4.4255050952e+06 5.0491063271e+06 5.7338036179e+06 6.4814151097e+06 7.2929690263e+06 8.1692189912e+06 9.1098319508e+06 1.0113875878e+07 1.1179770102e+07 1.2304757633e+07 1.3485605373e+07 1.4718070502e+07 1.5997118782e+07 1.7317235874e+07 1.8671916828e+07 2.0054333891e+07 2.1457141393e+07 2.2872614002e+07 2.4292874400e+07 2.5709922963e+07 2.7115845085e+07 2.8502848896e+07 2.9863574033e+07 3.1190957481e+07 3.2478558524e+07 3.3720636044e+07 3.4911864974e+07 3.6048098500e+07 3.7125700786e+07 3.8141885094e+07 3.9094890067e+07 3.9983388648e+07 4.0807187432e+07 4.1566647158e+07 4.2262614186e+07 4.2896879699e+07 4.3471366845e+07 4.3988610186e+07 4.4451498705e+07 4.4862849029e+07 4.5226046240e+07 4.5544240987e+07 4.5820616376e+07 4.6058391759e+07 4.6260409468e+07 4.6429508272e+07 4.6568163561e+07 4.6678474725e+07 4.6762359059e+07 4.6821196021e+07 4.6856058372e+07 4.6867619117e+07 4.6855995100e+07 4.6821069211e+07 4.6762165114e+07 4.6678212165e+07 4.6567825190e+07 4.6429092291e+07 4.6259907872e+07 4.6057797318e+07 4.5819921594e+07 4.5543438159e+07 4.5225126335e+07 4.4861802738e+07 4.4450318075e+07 4.3987288109e+07 4.3469892971e+07 4.2895248366e+07 4.2260819856e+07 4.1564683785e+07 4.0805053692e+07 3.9981079197e+07 3.9092406898e+07 3.8139229778e+07 3.7122880163e+07 3.6045114794e+07 3.4908727477e+07 3.3717357101e+07 3.2475148927e+07 3.1187433506e+07 2.9859952593e+07 2.8499146460e+07 2.7112081880e+07 2.5706119270e+07 2.4289051450e+07 2.2868793803e+07 2.1453344083e+07 2.0050581726e+07 1.8668229708e+07 1.7313631618e+07 1.5993616322e+07 1.4714686342e+07 1.3482353235e+07 1.2301650238e+07 1.1176817437e+07 1.0111085636e+07 9.1072101756e+06 8.1667693862e+06 7.2906932975e+06 6.4793122123e+06 5.7318717048e+06 5.0473414326e+06 4.4239017879e+06 3.8591952841e+06 3.3507778324e+06 2.8954060156e+06 2.4899106924e+06 2.1308917448e+06 1.8147089122e+06 1.5379344399e+06 1.2969348401e+06 1.0882650234e+06 9.0866763343e+05 7.5488192054e+05 6.2398991855e+05 5.1319300212e+05 4.1990740910e+05 3.4186293676e+05 2.7688648968e+05 2.2311120399e+05 1.7886253149e+05 1.4263964285e+05 1.1317327657e+05 8.9324884680e+04 7.0132235070e+04 5.4781319757e+04 4.2562854405e+04 3.2897999063e+04 2.5294286131e+04 1.9343552624e+04 1.4717296187e+04 1.1137024944e+04 8.3831159435e+03 6.2771264331e+03 4.6746107169e+03 3.4631686104e+03 2.5518260284e+03 1.8701309917e+03 1.3634308566e+03 9.8854137512e+02 7.1295077300e+02 5.1143235867e+02 3.6483777554e+02 2.5893423781e+02 1.8274834001e+02 1.2828348944e+02 8.9574148132e+01 6.2194522941e+01 4.2959768712e+01 2.9509918047e+01 2.0158882961e+01 0.0000000000e+00
0.0000000000e+00 2.2732083202e+01 3.3276262735e+01 4.8442011821e+01 7.0130355495e+01 1.0100206111e+02 1.4464784511e+02 2.0605742973e+02 2.9195637720e+02 4.1135987897e+02 5.7663898329e+02 8.0383880056e+02 1.1145458125e+03 1.5371981502e+03 2.1084456890e+03 2.8769686366e+03 3.9043736820e+03 5.2700758178e+03 7.0766218515e+03 9.4507071240e+03 1.2555145631e+04 1.6591066489e+04 2.1806014010e+04 2.8513874956e+04 3.7084896197e+04 4.7979102520e+04 6.1751525062e+04 7.9054524072e+04 1.0068744809e+05 1.2756767776e+05 1.6077958161e+05 2.0160623682e+05 2.5147796981e+05 3.1208598989e+05 3.8531732921e+05 4.7327557434e+05 5.7840939139e+05 7.0327675950e+05 8.5078891270e+05 1.0240991433e+06 1.2264950358e+06 1.4616504795e+06 1.7332350413e+06 2.0451297817e+06 2.4014283178e+06 2.8059915781e+06 3.2629204889e+06 3.7760444547e+06 4.3489330586e+06 4.9852391244e+06 5.6877148239e+06 6.4590142690e+06 7.3011859715e+06 8.2153877092e+06 9.2024692062e+06 1.0262054528e+07 1.1393093913e+07 1.2593807970e+07 1.3861089246e+07 1.5191297112e+07 1.6579652288e+07 1.8020482266e+07 1.9507575537e+07 2.1033605785e+07 2.2590880344e+07 2.4171124478e+07 2.5765636602e+07 2.7365543072e+07 2.8961830404e+07 3.0545585640e+07 3.2108028329e+07 3.3640870444e+07 3.5136151778e+07 3.6586621663e+07 3.7985810234e+07 3.9327715311e+07 4.0607671221e+07 4.1821580138e+07 4.2966301135e+07 4.4039851436e+07 4.5040736333e+07 4.5968740571e+07 4.6824263261e+07 4.7608263820e+07 4.8322757565e+07 4.8969913414e+07 4.9552583458e+07 5.0074020039e+07 5.0537403989e+07 5.0946543583e+07 5.1304987130e+07 5.1616320998e+07 5.1884173735e+07 5.2111743816e+07 5.2302234306e+07 5.2458428740e+07 5.2582694799e+07 5.2677190171e+07 5.2743468703e+07 5.2782741746e+07 5.2795764902e+07 5.2782672513e+07 5.2743330237e+07 5.2676976511e+07 5.2582405946e+07 5.2458058732e+07 5.2301779018e+07 5.2111197746e+07 5.1883524962e+07 5.1615563561e+07 5.1304109107e+07 5.0945539016e+07 5.0536260955e+07 5.0072732579e+07 4.9551135982e+07 4.8968302943e+07 4.8320975157e+07 4.7606302139e+07 4.6822116119e+07 4.5966404527e+07 4.5038212534e+07 4.4037137820e+07 4.2963399077e+07 4.1818495826e+07 4.0604411306e+07 3.9324287127e+07 3.7982227994e+07 3.6582897978e+07 3.5132301547e+07 3.3636914071e+07 3.2103983008e+07 3.0541475212e+07 2.8957673898e+07 2.7361364786e+07 2.5761461296e+07 2.4166976110e+07 2.2586780462e+07 2.1029575938e+07 1.9503637619e+07 1.8016655648e+07 1.6575954050e+07 1.5187743644e+07 1.3857693501e+07 1.2590581181e+07 1.1390045136e+07 1.0259189780e+07 9.1997924422e+06 8.2129006485e+06 7.2988878690e+06 6.4569027748e+06 5.6857859550e+06 4.9834866909e+06 4.3473498106e+06 3.7746223112e+06 3.2616499647e+06 2.8048630590e+06 2.4004313014e+06 2.0442539663e+06 1.7324700246e+06 1.4609860670e+06 1.2259212124e+06 1.0236062661e+06 8.5036800521e+05 7.0291923924e+05 5.7810743884e+05 4.7302202189e+05 3.8510558058e+05 3.1191015448e+05 2.5133276774e+05 2.0148701326e+05 1.6068224233e+05 1.2748864165e+05 1.0062363910e+05 7.9003296438e+04 6.1710625252e+04 4.7946637891e+04 3.7059267382e+04 2.8493756388e+04 2.1790311049e+04 1.6578879045e+04 1.2545738385e+04 9.4434879808e+03 7.0711123332e+03 5.2658951681e+03 3.9012186898e+03 2.8746012801e+03 2.1066795779e+03 1.5358876956e+03 1.1135790836e+03 8.0312957035e+02 5.7612162829e+02 4.1098466734e+02 2.9168571889e+02 2.0586332280e+02 1.4450941756e+02 1.0090389265e+02 7.0061142161e+01 4.8393476351e+01 3.3242428265e+01 2.2708634341e+01 0.0000000000e+00
0.0000000000e+00 2.5381900638e+01 3.7155212815e+01 5.4088839588e+01 7.8305421669e+01 1.1277590160e+02 1.6150958726e+02 2.3007790340e+02 3.2599044851e+02 4.5931340335e+02 6.4385997951e+02 8.9754592910e+02 1.2444741808e+03 1.7163983320e+03 2.3542409356e+03 3.2123574519e+03 4.3595369386e+03 5.8844529883e+03 7.9016075976e+03 1.0552467277e+04 1.4018826995e+04 1.8525267760e+04 2.4348189959e+04 3.1838077806e+04 4.1408348796e+04 5.3572656820e+04 6.8950744066e+04 8.8271030075e+04 1.1242607138e+05 1.4244019552e+05 1.7952419724e+05 2.2511076215e+05 2.8079697421e+05 3.4847125169e+05 4.3024060539e+05 5.2845396512e+05 6.4584538576e+05 7.8527118488e+05 9.4998208384e+05 1.1434989131e+06 1.3694927135e+06 1.6320656010e+06 1.9353151146e+06 2.2835748638e+06 2.6814159445e+06 3.1331491956e+06 3.6433537586e+06 4.2163058344e+06 4.8559906808e+06 5.5664879469e+06 6.3508700596e+06 7.2121006226e+06 8.1524673307e+06 9.1732635107e+06 1.0275436306e+07 1.1458568104e+07 1.2721485517e+07 1.4062201881e+07 1.5477248217e+07 1.6962557279e+07 1.8512794455e+07 2.0121625575e+07 2.1782115012e+07 2.3486082411e+07 2.5224936805e+07 2.6989439986e+07 2.8769874021e+07 3.0556332548e+07 3.2338752219e+07 3.4107177294e+07 3.5851805421e+07 3.7563380207e+07 3.9233017892e+07 4.0852616572e+07 4.2414954992e+07 4.3913331377e+07 4.5342534353e+07 4.6697990402e+07 4.7976189492e+07 4.9174921729e+07 5.0292513643e+07 5.1328725983e+07 5.2284007550e+07 5.3159427501e+07 5.3957234901e+07 5.4679850856e+07 5.5330463907e+07 5.5912706368e+07 5.6430121829e+07 5.6886967363e+07 5.7287208054e+07 5.7634844612e+07 5.7933932973e+07 5.8188040984e+07 5.8400742389e+07 5.8575146996e+07 5.8713904885e+07 5.8819418194e+07 5.8893430165e+07 5.8937281092e+07 5.8951829035e+07 5.8937205899e+07 5.8893279778e+07 5.8819189510e+07 5.8713592190e+07 5.8574746904e+07 5.8400247670e+07 5.8187444691e+07 5.7933227169e+07 5.7634023902e+07 5.7286257131e+07 5.6885876210e+07 5.6428881170e+07 5.5911307951e+07 5.5328895847e+07 5.4678105428e+07 5.3955302335e+07 5.3157300215e+07 5.2281682334e+07 5.1326196665e+07 5.0289779959e+07 4.9171979234e+07 4.7973044430e+07 4.6694647728e+07 4.5339000486e+07 4.3909615927e+07 4.2411071290e+07 4.0848579521e+07 3.9228844385e+07 3.7559091883e+07 3.5847421570e+07 3.4102722164e+07 3.2334248859e+07 3.0551807057e+07 2.8765351634e+07 2.6984943274e+07 2.5220493049e+07 2.3481716009e+07 2.1777847770e+07 2.0117478353e+07 1.8508786960e+07 1.6958705805e+07 1.5473567402e+07 1.4058705038e+07 1.2718181357e+07 1.1455463047e+07 1.0272535253e+07 9.1705678337e+06 8.1499766020e+06 7.2098122059e+06 6.3487794932e+06 5.5645885651e+06 4.8542747552e+06 4.2147641664e+06 3.6419766338e+06 3.1319256607e+06 2.6803350948e+06 2.2826254970e+06 1.9344858222e+06 1.6313452734e+06 1.3688704783e+06 1.1429644990e+06 9.4952565549e+05 7.8488354874e+05 6.4551797256e+05 5.2817899583e+05 4.3001096973e+05 3.4828054861e+05 2.8063950293e+05 2.2498144808e+05 1.7941861866e+05 1.4235445837e+05 1.1235685087e+05 8.8215456294e+04 6.8906371947e+04 5.3537431013e+04 4.1380538796e+04 3.1816248864e+04 2.4331150463e+04 1.8512039390e+04 1.4008617250e+04 1.0544631357e+04 7.8956269550e+03 5.8799145146e+03 4.3561117588e+03 3.2097872782e+03 2.3523232544e+03 1.7149752164e+03 1.2434243220e+03 8.9677568208e+02 6.4329805312e+02 4.5890581725e+02 3.2569642442e+02 2.2986702425e+02 1.6135918857e+02 1.1266922533e+02 7.8230201506e+01 5.4036089435e+01 3.7118434499e+01 2.5356409578e+01 0.0000000000e+00
0.0000000000e+00 2.8091478786e+01 4.1121644935e+01 5.9863027169e+01 8.6664870412e+01 1.2481530832e+02 1.7875166765e+02 2.5464020139e+02 3.6079223784e+02 5.0834864848e+02 7.1259739402e+02 9.9336698398e+02 1.3773336975e+03 1.8996412922e+03 2.6055814510e+03 3.5553129941e+03 4.8249693686e+03 6.5126921815e+03 8.7452072968e+03 1.1679086637e+04 1.5515535759e+04 2.0503111705e+04 2.6947729650e+04 3.5237295891e+04 4.5829364410e+04 5.9292440009e+04 7.6312428218e+04 9.7695536174e+04 1.2442961028e+05 1.5764836028e+05 1.9869186511e+05 2.4914577369e+05 3.1077771323e+05 3.8567773932e+05 4.7617784722e+05 5.8487777049e+05 7.1480352868e+05 8.6911642063e+05 1.0514143103e+06 1.2655939090e+06 1.5157182880e+06 1.8063276999e+06 2.1419571014e+06 2.5274029102e+06 2.9677242717e+06 3.4676924300e+06 4.0323756861e+06 4.6665065280e+06 5.3744962077e+06 6.1608594966e+06 7.0289973056e+06 7.9821901388e+06 9.0229690047e+06 1.0152766320e+07 1.1372630354e+07 1.2682097770e+07 1.4079871336e+07 1.5563750981e+07 1.7129898749e+07 1.8773812005e+07 2.0489587725e+07 2.2270214195e+07 2.4108016407e+07 2.5993939431e+07 2.7918474681e+07 2.9871397853e+07 3.1841954175e+07 3.3819178509e+07 3.5791931590e+07 3.7749197755e+07 3.9680126088e+07 4.1574472168e+07 4.3422401170e+07 4.5214950627e+07 4.6944124404e+07 4.8602505455e+07 5.0184331062e+07 5.1684529177e+07 5.3099222144e+07 5.4425959921e+07 5.5662900469e+07 5.6809762144e+07 5.7867056262e+07 5.8835959621e+07 5.9718966793e+07 6.0518745484e+07 6.1238837457e+07 6.1883254729e+07 6.2455924902e+07 6.2961554834e+07 6.3404539713e+07 6.3789297767e+07 6.4120325932e+07 6.4401568344e+07 6.4636983529e+07 6.4830017199e+07 6.4983588079e+07 6.5100374003e+07 6.5182285178e+07 6.5230823711e+07 6.5246920598e+07 6.5230744320e+07 6.5182126079e+07 6.5100125286e+07 6.4983253376e+07 6.4829587129e+07 6.4636453507e+07 6.4400929128e+07 6.4119568600e+07 6.3788413784e+07 6.3403515889e+07 6.2960381998e+07 6.2454590604e+07 6.1881749941e+07 6.1237150187e+07 6.0516870548e+07 5.9716887507e+07 5.8833673554e+07 5.7864558828e+07 5.6807046959e+07 5.5659956881e+07 5.4422802814e+07 5.3095842208e+07 5.1680936392e+07 5.0180529026e+07 4.8598511944e+07 4.6939948869e+07 4.5210611144e+07 4.3417916996e+07 4.1569861978e+07 3.9675413141e+07 3.7744408751e+07 3.5787090318e+07 3.3814312953e+07 3.1837093064e+07 2.9866566262e+07 2.7913699079e+07 2.5989244877e+07 2.4103429124e+07 2.2265757487e+07 2.0485280029e+07 1.8769672692e+07 1.7125943355e+07 1.5559991877e+07 1.4076319243e+07 1.2678760484e+07 1.1369511427e+07 1.0149868331e+07 9.0202917823e+06 7.9797300413e+06 7.0267498097e+06 6.1588174935e+06 5.3726514157e+06 4.6648491467e+06 4.0308950467e+06 3.4663771449e+06 2.9665620873e+06 2.5263821380e+06 2.1410652969e+06 1.8055530845e+06 1.5150491886e+06 1.2650191614e+06 1.0509234104e+06 8.6869950350e+05 7.1445135030e+05 5.8458200048e+05 4.7593083193e+05 3.8547260005e+05 3.1060829513e+05 2.4900664382e+05 1.9857825897e+05 1.5755610664e+05 1.2435512236e+05 9.7635725394e+04 7.6264673168e+04 5.9254525561e+04 4.5799432622e+04 3.5213795908e+04 2.6929386638e+04 2.0488871496e+04 1.5504543630e+04 1.1670649697e+04 8.7387674382e+03 6.5078045461e+03 4.8212805798e+03 3.5525446045e+03 2.6035157462e+03 1.8981082247e+03 1.3762026085e+03 9.9253705640e+02 7.1199189723e+02 5.0790942598e+02 3.6047533795e+02 2.5441288932e+02 1.7858953959e+02 1.2470029653e+02 8.6583772848e+01 5.9806145514e+01 4.1081983551e+01 2.8063986622e+01 0.0000000000e+00
0.0000000000e+00 3.0817228850e+01 4.5111753682e+01 6.5671681569e+01 9.5074226363e+01 1.3692658933e+02 1.9609669081e+02 2.7934916738e+02 3.9580184537e+02 5.5767675443e+02 7.8174539217e+02 1.0897604496e+03 1.5109869767e+03 2.0839790927e+03 2.8584238255e+03 3.9003179825e+03 5.2931835853e+03 7.1446858089e+03 9.5938497874e+03 1.2812441392e+04 1.7021192284e+04 2.2492781773e+04 2.9562813480e+04 3.8656838775e+04 5.0276817613e+04 6.5046428312e+04 8.3718145354e+04 1.0717641157e+05 1.3650496274e+05 1.7294750843e+05 2.1797421289e+05 2.7332460317e+05 3.4093783901e+05 4.2310687644e+05 5.2239002283e+05 6.4163930950e+05 7.8417444594e+05 9.5346358950e+05 1.1534537387e+06 1.3884198895e+06 1.6628193990e+06 1.9816332061e+06 2.3498364499e+06 2.7726910789e+06 3.2557471720e+06 3.8042395627e+06 4.4237277473e+06 5.1194039022e+06 5.8961077415e+06 6.7587916052e+06 7.7111874322e+06 8.7568934957e+06 9.8986864168e+06 1.1138138177e+07 1.2476398192e+07 1.3912959146e+07 1.5446397641e+07 1.7074299273e+07 1.8792454208e+07 2.0595924109e+07 2.2478229971e+07 2.4431682246e+07 2.6447859564e+07 2.8516829676e+07 3.0628158486e+07 3.2770633345e+07 3.4932453473e+07 3.7101587195e+07 3.9265815611e+07 4.1413055426e+07 4.3531401588e+07 4.5609615760e+07 4.7636907412e+07 4.9603444222e+07 5.1500453623e+07 5.3319801339e+07 5.5055158989e+07 5.6700971868e+07 5.8252980975e+07 5.9708495696e+07 6.1065493276e+07 6.2323676339e+07 6.3483592245e+07 6.4546538556e+07 6.5515249952e+07 6.6392662505e+07 6.7182648586e+07 6.7889616356e+07 6.8517869560e+07 6.9072582337e+07 6.9558559417e+07 6.9980668814e+07 7.0343823922e+07 7.0652368227e+07 7.0910632203e+07 7.1122403177e+07 7.1290884143e+07 7.1418999572e+07 7.1508867226e+07 7.1562117489e+07 7.1579780004e+07 7.1562030727e+07 7.1508693703e+07 7.1418738228e+07 7.1290525175e+07 7.1121943763e+07 7.0910066135e+07 7.0651685983e+07 7.0343015133e+07 6.9979724309e+07 6.9557466959e+07 6.9071330427e+07 6.8516450970e+07 6.7888013908e+07 6.7180851277e+07 6.6390662081e+07 6.5513037245e+07 6.4544103477e+07 6.3480927600e+07 6.2320777719e+07 6.1062357895e+07 5.9705126658e+07 5.8249375317e+07 5.6697139430e+07 5.5051109082e+07 5.3315546378e+07 5.1496004823e+07 4.9598818443e+07 4.7632125638e+07 4.5604701816e+07 4.3526379191e+07 4.1407951241e+07 3.9260656370e+07 3.7096399898e+07 3.4927269932e+07 3.2765481405e+07 3.0623067862e+07 2.8511825285e+07 2.6442969514e+07 2.4426930381e+07 2.2473637407e+07 2.0591510561e+07 1.8788236606e+07 1.7070291663e+07 1.5442610798e+07 1.3909401251e+07 1.2473072792e+07 1.1135048184e+07 9.8958319896e+06 8.7542703760e+06 7.7087906382e+06 6.7566140742e+06 5.8941404447e+06 5.1176363163e+06 4.4221485553e+06 3.8028366848e+06 3.2545079115e+06 2.7716023058e+06 2.3488852348e+06 1.9808068852e+06 1.6621056502e+06 1.3878067571e+06 1.1529299631e+06 9.5301873987e+05 7.8379871916e+05 6.4132371307e+05 5.2212645425e+05 4.2288796201e+05 3.4075705258e+05 2.7317611833e+05 2.1785295062e+05 1.7284903545e+05 1.3642544933e+05 1.0711256662e+05 8.3667162537e+04 6.5005949250e+04 5.0244859150e+04 3.8631746073e+04 2.9543225497e+04 2.2477573053e+04 1.7009451257e+04 1.2803428916e+04 9.5869698242e+03 7.1394639060e+03 5.2892422198e+03 3.8973597811e+03 2.8562163204e+03 2.0823407015e+03 1.5097779941e+03 1.0888733251e+03 7.8109806243e+02 5.5720715134e+02 3.9546299790e+02 2.7910608259e+02 1.9592330918e+02 1.3680357434e+02 9.4987471405e+01 6.5610826597e+01 4.5069314475e+01 3.0787808116e+01 0.0000000000e+00
0.0000000000e+00 3.3510420849e+01 4.9054201750e+01 7.1410959310e+01 1.0338314555e+02 1.4889322523e+02 2.1323457907e+02 3.0376305463e+02 4.3039339872e+02 6.0641581312e+02 8.5006769263e+02 1.1850029182e+03 1.6430444153e+03 2.2661159613e+03 3.1082474454e+03 4.2412041823e+03 5.7558081203e+03 7.7691351357e+03 1.0432361722e+04 1.3932266548e+04 1.8508875944e+04 2.4458703061e+04 3.2146685283e+04 4.2035570339e+04 5.4671195347e+04 7.0731746572e+04 9.1035483873e+04 1.1654415593e+05 1.4843621633e+05 1.8806409917e+05 2.3702647700e+05 2.9721492755e+05 3.7073814595e+05 4.6008947350e+05 5.6805085549e+05 6.9772366305e+05 8.5271777093e+05 1.0368045353e+06 1.2542759434e+06 1.5097806922e+06 1.8081658388e+06 2.1548476856e+06 2.5552363092e+06 3.0150537421e+06 3.5403352043e+06 4.1367728703e+06 4.8104124755e+06 5.5669004034e+06 6.4114988763e+06 7.3495938377e+06 8.3852427874e+06 9.5223589375e+06 1.0763962439e+07 1.2111760954e+07 1.3567005930e+07 1.5129145506e+07 1.6796631196e+07 1.8566838774e+07 2.0435189222e+07 2.2396312855e+07 2.4443165102e+07 2.6567383341e+07 2.8759810322e+07 3.1009645712e+07 3.3305543913e+07 3.5635310420e+07 3.7986112502e+07 4.0344869071e+07 4.2698294408e+07 4.5033244803e+07 4.7336774309e+07 4.9596665802e+07 5.1801183491e+07 5.3939632866e+07 5.6002479601e+07 5.7980874855e+07 5.9867939571e+07 6.1657630286e+07 6.3345313549e+07 6.4928073060e+07 6.6403700510e+07 6.7771878176e+07 6.9033196128e+07 7.0189064823e+07 7.1242464274e+07 7.2196579339e+07 7.3055625381e+07 7.3824400637e+07 7.4507576919e+07 7.5110781819e+07 7.5639246400e+07 7.6098253758e+07 7.6493157514e+07 7.6828676627e+07 7.7109518845e+07 7.7339802637e+07 7.7523013640e+07 7.7662330969e+07 7.7760056034e+07 7.7817961067e+07 7.7837168506e+07 7.7817872895e+07 7.7759874469e+07 7.7662055377e+07 7.7522637320e+07 7.7339319380e+07 7.7108921811e+07 7.6827953965e+07 7.6492303545e+07 7.6097257902e+07 7.5638091023e+07 7.5109459971e+07 7.4506071214e+07 7.3822702363e+07 7.3053725369e+07 7.2194461187e+07 7.1240119977e+07 7.0186487045e+07 6.9030372701e+07 6.7768809454e+07 6.6400384657e+07 6.4924508455e+07 6.3341503084e+07 6.1653577629e+07 5.9863657206e+07 5.7976370719e+07 5.5997771751e+07 5.3934739465e+07 5.1796126548e+07 4.9591468277e+07 4.7331462794e+07 4.5027845310e+07 4.2692836685e+07 4.0339384720e+07 3.7980629898e+07 3.5629861692e+07 3.3300159550e+07 3.1004354195e+07 2.8754639919e+07 2.6562358212e+07 2.4438308620e+07 2.2391646041e+07 2.0430729075e+07 1.8562600081e+07 1.6792626222e+07 1.5125382408e+07 1.3563489600e+07 1.2108493302e+07 1.0760942860e+07 9.5195846812e+06 8.3827078138e+06 7.3472904625e+06 6.4094179869e+06 5.5650305373e+06 4.8087419808e+06 4.1352885696e+06 3.5390238099e+06 3.0139018397e+06 2.5542299080e+06 2.1539734297e+06 1.8074106224e+06 1.5091318885e+06 1.2537217136e+06 1.0363337420e+06 8.5232010793e+05 6.9738964436e+05 5.6777185645e+05 4.5985775201e+05 3.7054675044e+05 2.9705772134e+05 2.3689809687e+05 1.8795983526e+05 1.4835201366e+05 1.1647654023e+05 9.0981488793e+04 7.0688873041e+04 5.4637341175e+04 4.2008988331e+04 3.2125932923e+04 2.4442588540e+04 1.8496435047e+04 1.3922715695e+04 1.0425070298e+04 7.7636002893e+03 5.7516301098e+03 4.2380682151e+03 3.1059069679e+03 2.2643786667e+03 1.6417623649e+03 1.1840620162e+03 8.4938106684e+02 6.0591763443e+02 4.3003390385e+02 3.0350512183e+02 2.1305056954e+02 1.4876266682e+02 1.0329105180e+02 7.1346352610e+01 4.9009141425e+01 3.3479178135e+01 0.0000000000e+00
0.0000000000e+00 3.6119029789e+01 5.2872834543e+01 7.6969989159e+01 1.1143112073e+02 1.6048405549e+02 2.2983427863e+02 3.2741024844e+02 4.6389865330e+02 6.5362435507e+02 9.1624449455e+02 1.2772545586e+03 1.7709549290e+03 2.4425334529e+03 3.3502265727e+03 4.5713862828e+03 6.2039062691e+03 8.3739762465e+03 1.1244544913e+04 1.5016930713e+04 1.9949848844e+04 2.6362898713e+04 3.4649430009e+04 4.5308218054e+04 5.8927603308e+04 7.6238569778e+04 9.8123085933e+04 1.2561778417e+05 1.5999287596e+05 2.0270609882e+05 2.5548060788e+05 3.2035524972e+05 3.9960288353e+05 4.9591103778e+05 6.1227827757e+05 7.5204742045e+05 9.1910944011e+05 1.1175293033e+06 1.3519331973e+06 1.6273318762e+06 1.9489497990e+06 2.3226249172e+06 2.7541887952e+06 3.2498088989e+06 3.8159899683e+06 4.4588683404e+06 5.1849598253e+06 6.0003507190e+06 6.9107128873e+06 7.9218520674e+06 9.0381414778e+06 1.0263799149e+07 1.1602080129e+07 1.3054824846e+07 1.4623384874e+07 1.6307160615e+07 1.8104487430e+07 2.0012534628e+07 2.2026367238e+07 2.4140197103e+07 2.6346433020e+07 2.8636056395e+07 3.0999203888e+07 3.3424227831e+07 3.5898903563e+07 3.8410083856e+07 4.0943940210e+07 4.3486369566e+07 4.6023052169e+07 4.8539822142e+07 5.1022725779e+07 5.3458594998e+07 5.5834773413e+07 5.8139744925e+07 6.0363226550e+07 6.2495678810e+07 6.4529690686e+07 6.6458741805e+07 6.8277846239e+07 6.9983855688e+07 7.1574390857e+07 7.3049109831e+07 7.4408647645e+07 7.5654527691e+07 7.6789954784e+07 7.7818367790e+07 7.8744309934e+07 7.9572947941e+07 8.0309326138e+07 8.0959502820e+07 8.1529120887e+07 8.2023871497e+07 8.2449527798e+07 8.2811175016e+07 8.3113886711e+07 8.3362103884e+07 8.3559581420e+07 8.3709750570e+07 8.3815085279e+07 8.3877499986e+07 8.3898205124e+07 8.3877405642e+07 8.3814891793e+07 8.3709460270e+07 8.3559188029e+07 8.3361596293e+07 8.3113258111e+07 8.2810414228e+07 8.2448633763e+07 8.2022824290e+07 8.1527907774e+07 8.0958113114e+07 8.0307745239e+07 7.9571165304e+07 7.8742315929e+07 7.7816144430e+07 7.6787495863e+07 7.5651821640e+07 7.4405688469e+07 7.3045891321e+07 7.1570913155e+07 6.9980118512e+07 6.8273847226e+07 6.6454491994e+07 6.4525195931e+07 6.2490953255e+07 6.0358289910e+07 5.8134612506e+07 5.5829468247e+07 5.3453142020e+07 5.1017151369e+07 4.8534157391e+07 4.6017326913e+07 4.3480615813e+07 4.0938189491e+07 3.8404368917e+07 3.5893255529e+07 3.3418676981e+07 3.0993777802e+07 2.8630785281e+07 2.6341337193e+07 2.4135300696e+07 2.2021687472e+07 2.0008087840e+07 1.8100285771e+07 1.6303212575e+07 1.4619694889e+07 1.3051397121e+07 1.1598912059e+07 1.0260888217e+07 9.0354813917e+06 7.9194352362e+06 6.9085291226e+06 5.9983884944e+06 5.1832066887e+06 4.4573106206e+06 3.8146137891e+06 3.2485997582e+06 2.7531323275e+06 2.3217071492e+06 1.9481569296e+06 1.6266507865e+06 1.3513513584e+06 1.1170349701e+06 9.1869184956e+05 7.5169665228e+05 6.1198526433e+05 4.9566766622e+05 3.9940189706e+05 3.2019013251e+05 2.5534573826e+05 2.0259658127e+05 1.5990441855e+05 1.2554674573e+05 9.8066349653e+04 7.6193515803e+04 5.8892019542e+04 4.5280279292e+04 3.4627614465e+04 2.6345957163e+04 1.9936768973e+04 1.5006889228e+04 1.1236877261e+04 8.3681558857e+03 6.1995115989e+03 4.5680874871e+03 3.3477641369e+03 2.4407056028e+03 1.7696058300e+03 1.2762643491e+03 9.1552184418e+02 6.5309992699e+02 4.6352017665e+02 3.2713866260e+02 2.2964048921e+02 1.6034654739e+02 1.1133411718e+02 7.6901927729e+01 5.2825359250e+01 3.6086105420e+01 0.0000000000e+00
0.0000000000e+00 3.8588460036e+01 5.6487733568e+01 8.2232435102e+01 1.1904972407e+02 1.7145650191e+02 2.4554834483e+02 3.4979585337e+02 4.9561638211e+02 6.9831428165e+02 9.7889077811e+02 1.3645846368e+03 1.8920416639e+03 2.6095393856e+03 3.5792961967e+03 4.8839538407e+03 6.6280991827e+03 8.9465516013e+03 1.2013400327e+04 1.6043732605e+04 2.1313951747e+04 2.8165512695e+04 3.7018662807e+04 4.8406288641e+04 6.2956950171e+04 8.1451634179e+04 1.0483261290e+05 1.3420740475e+05 1.7093308261e+05 2.1656707877e+05 2.7295034544e+05 3.4226121611e+05 4.2692795949e+05 5.2982187358e+05 6.5414657839e+05 8.0347346578e+05 9.8195970672e+05 1.1939481513e+06 1.4443814737e+06 1.7386130163e+06 2.0822245876e+06 2.4814532510e+06 2.9425294982e+06 3.4720424215e+06 4.0769422199e+06 4.7637840380e+06 5.5395301731e+06 6.4106823790e+06 7.3833013962e+06 8.4635887724e+06 9.6562176267e+06 1.0965694201e+07 1.2395496824e+07 1.3947592070e+07 1.5623421287e+07 1.7422348472e+07 1.9342590769e+07 2.1381126756e+07 2.3532683252e+07 2.5791075439e+07 2.8148192830e+07 3.0594404245e+07 3.3119165614e+07 3.5710035663e+07 3.8353955286e+07 4.1036875461e+07 4.3744022230e+07 4.6460330764e+07 4.9170498875e+07 5.1859392831e+07 5.4512107492e+07 5.7114565470e+07 5.9653257731e+07 6.2115869687e+07 6.4491415901e+07 6.6769709884e+07 6.8942830555e+07 7.1003817102e+07 7.2947334540e+07 7.4770020768e+07 7.6469339050e+07 7.8044914282e+07 7.9497435709e+07 8.0828524839e+07 8.2041605017e+07 8.3140357579e+07 8.4129627164e+07 8.5014938933e+07 8.5801679817e+07 8.6496323828e+07 8.7104897275e+07 8.7633491901e+07 8.8088260807e+07 8.8474637149e+07 8.8798056629e+07 8.9063251994e+07 8.9274236156e+07 8.9434676739e+07 8.9547214229e+07 8.9613901285e+07 8.9636020888e+07 8.9613798582e+07 8.9547015206e+07 8.9434374307e+07 8.9273822133e+07 8.9062720596e+07 8.8797403941e+07 8.8473849557e+07 8.8087326390e+07 8.7632399302e+07 8.7103638418e+07 8.6494880444e+07 8.5800035646e+07 8.5013087063e+07 8.4127548337e+07 8.3138045836e+07 8.2039047801e+07 8.0825707232e+07 7.9494355524e+07 7.8041566688e+07 7.6465716815e+07 7.4766128267e+07 7.2943172443e+07 7.0999391862e+07 6.8938153459e+07 6.6764794793e+07 6.4486277522e+07 6.2110525443e+07 5.9647736542e+07 5.7108889274e+07 5.4506305738e+07 5.1853497156e+07 4.9164541337e+07 4.6454343301e+07 4.3738038153e+07 4.1030927605e+07 3.8348077122e+07 3.5704258863e+07 3.3113519220e+07 3.0588917179e+07 2.8142890662e+07 2.5785979913e+07 2.3527812954e+07 2.1376498799e+07 1.9338216935e+07 1.7418238503e+07 1.5619580685e+07 1.3944023621e+07 1.2392198845e+07 1.0962664280e+07 9.6534486432e+06 8.4610726280e+06 7.3810272503e+06 6.4086395448e+06 5.5377046688e+06 4.7621619787e+06 4.0755091584e+06 3.4707833399e+06 2.9414293663e+06 2.4804974818e+06 2.0813987439e+06 1.7379035615e+06 1.4437753979e+06 1.1934332519e+06 9.8152468943e+05 8.0310807227e+05 6.5384128741e+05 5.2956827842e+05 4.2671848145e+05 3.4208913493e+05 2.7280979048e+05 2.1645291301e+05 1.7084086699e+05 1.3413334102e+05 1.0477345590e+05 8.1404653635e+04 6.2919848633e+04 4.8377149562e+04 3.6995911015e+04 2.8147842877e+04 2.1300306771e+04 1.6033255234e+04 1.2005399746e+04 8.9404773012e+03 6.6235129526e+03 4.8805105679e+03 3.5767258638e+03 2.6076309694e+03 1.8906329279e+03 1.3635505623e+03 9.7813598171e+02 6.9776646559e+02 4.9522094852e+02 3.4951207763e+02 2.4534583733e+02 1.7131277158e+02 1.1894832024e+02 8.2161273993e+01 5.6438086052e+01 3.8554026156e+01 0.0000000000e+00
0.0000000000e+00 4.0864673272e+01 5.9819788538e+01 8.7083126108e+01 1.2607221859e+02 1.8157042128e+02 2.6003289227e+02 3.7042993374e+02 5.2485244081e+02 7.3950755140e+02 1.0366355064e+03 1.4450818848e+03 2.0036542929e+03 2.7634784773e+03 3.7904434398e+03 5.1720658806e+03 7.0191032093e+03 9.4743281900e+03 1.2722101117e+04 1.6990197697e+04 2.2571329031e+04 2.9827093195e+04 3.9202533007e+04 5.1261968817e+04 6.6671054258e+04 8.6256843096e+04 1.1101720625e+05 1.4212499505e+05 1.8101735795e+05 2.2934361513e+05 2.8905333682e+05 3.6245335697e+05 4.5211524715e+05 5.6107971172e+05 6.9273933321e+05 8.5087633215e+05 1.0398929976e+06 1.2643886254e+06 1.5295973310e+06 1.8411884224e+06 2.2050729191e+06 2.6278561827e+06 3.1161361028e+06 3.6768906334e+06 4.3174801038e+06 5.0448463968e+06 5.8663624699e+06 6.7889141547e+06 7.8189194471e+06 8.9629461016e+06 1.0225942800e+07 1.1612681763e+07 1.3126846957e+07 1.4770519947e+07 1.6545228895e+07 1.8450298354e+07 2.0483842494e+07 2.2642658988e+07 2.4921165797e+07 2.7312813262e+07 2.9809011625e+07 3.2399560155e+07 3.5073293343e+07 3.7817038630e+07 4.0616961943e+07 4.3458189756e+07 4.6325072773e+07 4.9201658406e+07 5.2071742745e+07 5.4919298428e+07 5.7728537197e+07 6.0484555204e+07 6.3173049686e+07 6.5780970802e+07 6.8296690230e+07 7.0709421450e+07 7.3010768977e+07 7.5193368309e+07 7.7251568734e+07 7.9181807750e+07 8.0981395625e+07 8.2649944384e+07 8.4188174305e+07 8.5597807556e+07 8.6882472606e+07 8.8046055846e+07 8.9093702229e+07 9.0031255114e+07 9.0864418360e+07 9.1600055877e+07 9.2244541410e+07 9.2804324964e+07 9.3285925699e+07 9.3695106005e+07 9.4037609449e+07 9.4318451388e+07 9.4541886891e+07 9.4711796396e+07 9.4830977584e+07 9.4901598088e+07 9.4925025607e+07 9.4901495385e+07 9.4830772177e+07 9.4711482326e+07 9.4541462323e+07 9.4317907610e+07 9.4036933624e+07 9.3694292737e+07 9.3284961479e+07 9.2803196990e+07 9.2243237443e+07 9.1598562093e+07 9.0862720544e+07 9.0029339971e+07 8.9091556708e+07 8.8043668450e+07 8.6879827994e+07 8.5594899308e+07 8.4184993250e+07 8.2646483999e+07 8.0977656227e+07 7.9177785212e+07 7.7247269405e+07 7.5188799383e+07 7.3005941423e+07 7.0704343804e+07 6.8291385875e+07 6.5775454622e+07 6.3167347814e+07 6.0478698642e+07 5.7722547847e+07 5.4913212794e+07 5.2065590417e+07 4.9195475518e+07 4.6318894063e+07 4.3452048185e+07 4.0610893044e+07 3.7811074075e+07 3.5067464238e+07 3.2393895193e+07 2.9803536251e+07 2.7307551089e+07 2.4916137114e+07 2.2637880530e+07 2.0479325494e+07 1.8446053904e+07 1.6541262382e+07 1.4766833938e+07 1.3123440438e+07 1.1609551889e+07 1.0223082351e+07 8.9603470266e+06 7.8165704514e+06 6.7868036878e+06 5.8644768144e+06 5.0431707329e+06 4.3159994777e+06 3.6755898571e+06 3.1149993132e+06 2.6268684939e+06 2.2042195512e+06 1.8404551422e+06 1.5289708922e+06 1.2638563676e+06 1.0394433337e+06 8.5049852340e+05 6.9242371336e+05 5.6081750513e+05 4.5189864450e+05 3.6227542044e+05 2.8890798788e+05 2.2922553162e+05 1.8092197445e+05 1.4204837948e+05 1.1095600496e+05 8.6208233462e+04 6.6632663197e+04 5.1231814583e+04 3.9178982204e+04 2.9808802897e+04 2.2557202610e+04 1.6979349924e+04 1.2713816925e+04 9.4680376994e+03 7.0143532875e+03 5.1684990695e+03 3.7877803859e+03 2.7615010860e+03 2.0021944940e+03 1.4440101304e+03 1.0358530377e+03 7.3893963553e+02 5.2444243217e+02 3.7013564769e+02 2.5982285696e+02 1.8142132178e+02 1.2596700733e+02 8.7009283877e+01 5.9768260483e+01 4.0828927572e+01 0.0000000000e+00
0.0000000000e+00 4.2895213371e+01 6.2792214971e+01 9.1410284485e+01 1.3233677646e+02 1.9059275075e+02 2.7295414370e+02 3.8883701930e+02 5.5093308679e+02 7.7625491146e+02 1.0881479659e+03 1.5168912228e+03 2.1032209111e+03 2.9008033890e+03 3.9788019598e+03 5.4290831471e+03 7.3679077739e+03 9.9451441703e+03 1.3354314982e+04 1.7834515315e+04 2.3693003076e+04 3.1309347530e+04 4.1150710706e+04 5.3809456796e+04 6.9984318794e+04 9.0543457496e+04 1.1653433222e+05 1.4918810175e+05 1.9001331570e+05 2.4074128607e+05 3.0341847430e+05 3.8046634961e+05 4.7458432354e+05 5.8896416276e+05 7.2716716411e+05 8.9316347448e+05 1.0915741738e+06 1.3272271368e+06 1.6056167593e+06 1.9326940287e+06 2.3146637041e+06 2.7584597445e+06 3.2710076155e+06 3.8596322119e+06 4.5320598657e+06 5.2955773991e+06 6.1579244476e+06 7.1263287142e+06 8.2075275538e+06 9.4084151557e+06 1.0734185957e+07 1.2189850449e+07 1.3779273411e+07 1.5504642772e+07 1.7367560870e+07 1.9367320100e+07 2.1501938658e+07 2.3768057320e+07 2.6159816016e+07 2.8670339050e+07 3.1290608647e+07 3.4009920993e+07 3.6816551261e+07 3.9696674189e+07 4.2635768379e+07 4.5618220170e+07 4.8627604538e+07 5.1647172012e+07 5.4659917807e+07 5.7649011789e+07 6.0597888034e+07 6.3490899645e+07 6.6313026629e+07 6.9050579753e+07 7.1691345862e+07 7.4224006053e+07 7.6639751980e+07 7.8930841515e+07 8.1091347968e+07 8.3117531890e+07 8.5006574394e+07 8.6758061583e+07 8.8372751754e+07 8.9852456908e+07 9.1200981184e+07 9.2422402206e+07 9.3522124505e+07 9.4506280400e+07 9.5380861438e+07 9.6153067293e+07 9.6829589410e+07 9.7417198709e+07 9.7922742421e+07 9.8352259800e+07 9.8711787321e+07 9.9006591279e+07 9.9241134550e+07 9.9419493103e+07 9.9544594867e+07 9.9618728836e+07 9.9643324077e+07 9.9618625957e+07 9.9544383499e+07 9.9419167112e+07 9.9240697355e+07 9.9006030078e+07 9.8711095307e+07 9.8351421985e+07 9.7921749281e+07 9.7416041709e+07 9.6828251903e+07 9.6151533725e+07 9.5379124192e+07 9.4504319407e+07 9.3519926187e+07 9.2419953372e+07 9.1198268644e+07 8.9849475300e+07 8.8369495083e+07 8.6754517082e+07 8.5002741216e+07 8.3113415925e+07 8.1086939975e+07 7.8926158494e+07 7.6634800668e+07 7.4218806059e+07 7.1685910835e+07 6.9044927398e+07 6.6307187772e+07 6.3484895164e+07 6.0591753551e+07 5.7642777179e+07 5.4653614704e+07 5.1640837272e+07 4.8621272673e+07 4.5611928564e+07 4.2629550927e+07 3.9690563055e+07 3.6810579564e+07 3.4004116647e+07 3.1284998704e+07 2.8664946153e+07 2.6154663424e+07 2.3763160570e+07 2.1497310569e+07 1.9362970910e+07 1.7363496327e+07 1.5500866483e+07 1.3775783674e+07 1.2186642860e+07 1.0731254798e+07 9.4057514590e+06 8.2051199852e+06 7.1241656392e+06 6.1559914743e+06 5.2938596153e+06 4.5305420395e+06 3.8582986465e+06 3.2698420960e+06 2.7574469960e+06 2.3137886635e+06 1.9319421287e+06 1.6049742472e+06 1.3266812458e+06 1.0911129588e+06 8.9277592982e+05 7.2684336489e+05 5.8869514402e+05 4.7436206710e+05 3.8028374420e+05 3.0326929083e+05 2.4062009421e+05 1.8991541405e+05 1.4910945257e+05 1.1647150153e+05 9.0493546629e+04 6.9944890398e+04 5.3778484073e+04 4.1126521186e+04 3.1290558111e+04 2.3678490350e+04 1.7823369340e+04 1.3345801731e+04 9.9386789276e+03 7.3630249390e+03 5.4254160312e+03 3.9760637999e+03 2.8987699567e+03 2.1017194584e+03 1.5157887204e+03 1.0873429493e+03 7.7567049877e+02 5.5051110755e+02 3.8853408714e+02 2.7273790459e+02 1.9043922998e+02 1.3222842678e+02 9.1334222100e+01 6.2739131157e+01 4.2858383948e+01 0.0000000000e+00
0.0000000000e+00 4.4630557901e+01 6.5332513933e+01 9.5108369981e+01 1.3769061046e+02 1.9830343160e+02 2.8399692046e+02 4.0456810897e+02 5.7322217694e+02 8.0766003140e+02 1.1321716111e+03 1.5782610235e+03 2.1883127463e+03 3.0181644727e+03 4.1397777780e+03 5.6487359198e+03 7.6660040233e+03 1.0347514674e+04 1.3894619563e+04 1.8556089396e+04 2.4651613181e+04 3.2576119545e+04 4.2815670061e+04 5.5986600591e+04 7.2815918135e+04 9.4206910362e+04 1.2124942094e+05 1.5522441322e+05 1.9770151295e+05 2.5048205081e+05 3.1569530765e+05 3.9586076657e+05 4.9378700732e+05 6.1279502659e+05 7.5659019390e+05 9.2930330315e+05 1.1357424760e+06 1.3809309035e+06 1.6705853250e+06 2.0108976049e+06 2.4083236713e+06 2.8700777290e+06 3.4033657637e+06 4.0158094016e+06 4.7154470824e+06 5.5098608196e+06 6.4071034915e+06 7.4146952854e+06 8.5396457159e+06 9.7891291784e+06 1.1168549636e+07 1.2683119398e+07 1.4336862456e+07 1.6132052537e+07 1.8070357186e+07 2.0151040874e+07 2.2372042708e+07 2.4729866274e+07 2.7218413665e+07 2.9830533120e+07 3.2556840073e+07 3.5386198364e+07 3.8306411427e+07 4.1303087772e+07 4.4361125933e+07 4.7464274107e+07 5.0595443825e+07 5.3737213143e+07 5.6871881910e+07 5.9981946778e+07 6.3050161411e+07 6.6060252395e+07 6.8996590782e+07 7.1844930404e+07 7.4592574534e+07 7.7227730358e+07 7.9741240015e+07 8.2125053194e+07 8.4372996959e+07 8.6481186340e+07 8.8446676962e+07 9.0269048651e+07 9.1949088378e+07 9.3488677763e+07 9.4891776380e+07 9.6162635758e+07 9.7306861538e+07 9.8330849354e+07 9.9240824201e+07 1.0004428000e+08 1.0074818368e+08 1.0135957679e+08 1.0188558091e+08 1.0233248303e+08 1.0270656428e+08 1.0301329954e+08 1.0325733494e+08 1.0344290897e+08 1.0357307889e+08 1.0365021394e+08 1.0367579865e+08 1.0365010573e+08 1.0357286156e+08 1.0344258252e+08 1.0325688836e+08 1.0301272641e+08 1.0270585847e+08 1.0233163297e+08 1.0188457490e+08 1.0135840212e+08 1.0074682188e+08 1.0004272238e+08 9.9239055001e+07 9.8328852598e+07 9.7304626363e+07 9.6160146118e+07 9.4889020776e+07 9.3485646285e+07 9.1945772279e+07 9.0265442570e+07 8.8442780582e+07 8.6476995216e+07 8.4368518004e+07 8.2120289866e+07 7.9736208465e+07 7.7222442967e+07 7.4587045974e+07 7.1839186209e+07 6.8990652783e+07 6.6054150643e+07 6.3043924014e+07 5.9975606889e+07 5.6865475786e+07 5.3730772631e+07 5.0589009028e+07 4.7457877664e+07 4.4354804649e+07 4.1296875363e+07 3.8300339248e+07 3.5380298651e+07 3.2551137443e+07 2.9825051416e+07 2.7213176022e+07 2.4724887911e+07 2.2367337380e+07 2.0146618765e+07 1.8066224407e+07 1.6128212164e+07 1.4333312542e+07 1.2679857993e+07 1.1165568531e+07 9.7864198039e+06 8.5371973409e+06 7.4124949574e+06 6.4051373763e+06 5.5081135134e+06 4.7139029279e+06 4.0144524948e+06 3.4021799424e+06 2.8690472997e+06 2.4074332346e+06 2.0101324416e+06 1.6699315070e+06 1.3803753125e+06 1.1352729893e+06 9.2890877358e+05 7.5626055958e+05 6.1252114624e+05 4.9356070320e+05 3.9567481323e+05 3.1554338036e+05 2.5035860407e+05 1.9760177552e+05 1.5514428771e+05 1.2118540013e+05 9.4156049848e+04 7.2775738309e+04 5.5955033702e+04 4.2791011746e+04 3.2556962747e+04 2.4636814789e+04 1.8544722000e+04 1.3885936666e+04 1.0340919640e+04 7.6610226273e+03 5.6449942382e+03 4.1369833220e+03 3.0160889099e+03 2.1867800113e+03 1.5771354760e+03 1.1313495455e+03 8.0706317963e+02 5.7279111541e+02 4.0425861392e+02 2.8377595374e+02 1.9814652686e+02 1.3757984336e+02 9.5030595602e+01 6.5278227294e+01 4.4592884101e+01 0.0000000000e+00
1.4751096315e+01 4.6028710469e+01 6.7379212058e+01 9.8087880642e+01 1.4200414511e+02 2.0451585949e+02 2.9289399808e+02 4.1724251027e+02 5.9118030873e+02 8.3296289611e+02 1.1676411527e+03 1.6277062975e+03 2.2568706857e+03 3.1127214668e+03 4.2694745852e+03 5.8257085574e+03 7.9061784228e+03 1.0671702259e+04 1.4329940178e+04 1.9137456868e+04 2.5423961074e+04 3.3596751023e+04 4.4157120421e+04 5.7740718366e+04 7.5097327806e+04 9.7158539888e+04 1.2504835030e+05 1.6008786177e+05 2.0389587039e+05 2.5833016344e+05 3.2558673748e+05 4.0826402300e+05 5.0925860969e+05 6.3199557717e+05 7.8029634918e+05 9.5842120615e+05 1.1713289418e+06 1.4242001246e+06 1.7229306213e+06 2.0739064196e+06 2.4837856401e+06 2.9600087038e+06 3.5100074648e+06 4.1416420472e+06 4.8632030687e+06 5.6825101418e+06 6.6078682156e+06 7.6470338732e+06 8.8072363039e+06 1.0095873516e+07 1.1518520017e+07 1.3080551117e+07 1.4786116470e+07 1.6637561738e+07 1.8636608034e+07 2.0782493648e+07 2.3073095826e+07 2.5504807260e+07 2.8071339510e+07 3.0765316725e+07 3.3577061720e+07 3.6495087022e+07 3.9506812707e+07 4.2597401502e+07 4.5751271226e+07 4.8951667772e+07 5.2180964468e+07 5.5421192699e+07 5.8654101324e+07 6.1861630343e+07 6.5026001952e+07 6.8130424882e+07 7.1158789572e+07 7.4096397109e+07 7.6930146826e+07 7.9647891916e+07 8.2240173461e+07 8.4698692187e+07 8.7017087877e+07 8.9191346055e+07 9.1218439463e+07 9.3097923627e+07 9.4830616941e+07 9.6418458164e+07 9.7865532424e+07 9.9176219880e+07 1.0035630449e+08 1.0141238998e+08 1.0235088593e+08 1.0317952367e+08 1.0390549025e+08 1.0453604220e+08 1.0507853064e+08 1.0553944295e+08 1.0592524135e+08 1.0624159073e+08 1.0649328050e+08 1.0668467272e+08 1.0681891509e+08 1.0689846959e+08 1.0692486090e+08 1.0689836505e+08 1.0681870009e+08 1.0668434077e+08 1.0649282849e+08 1.0624101578e+08 1.0592452976e+08 1.0553858225e+08 1.0507751658e+08 1.0453484919e+08 1.0390411751e+08 1.0317795378e+08 1.0234909984e+08 1.0141037534e+08 1.0035404868e+08 9.9173707526e+07 9.7862749204e+07 9.6415398611e+07 9.4827274637e+07 9.3094284992e+07 9.1214507390e+07 8.9187121073e+07 8.7012568046e+07 8.4693889428e+07 8.2235096062e+07 7.9642554091e+07 7.6924572874e+07 7.4090598494e+07 7.1152795884e+07 6.8124269556e+07 6.5019708160e+07 6.1855234235e+07 5.8647636054e+07 5.5414699284e+07 5.2174473452e+07 4.8945215093e+07 4.5744894446e+07 4.2591132910e+07 3.9500685808e+07 3.6489132060e+07 3.3571307351e+07 3.0759786896e+07 2.8066053954e+07 2.5499784211e+07 2.3068348661e+07 2.0778031712e+07 1.8632437658e+07 1.6633686061e+07 1.4782534240e+07 1.3077259336e+07 1.1515511244e+07 1.0093138995e+07 8.8047648322e+06 7.6448128820e+06 6.6058834387e+06 5.6807460740e+06 4.8616440637e+06 4.1402720864e+06 3.5088100025e+06 2.9589682162e+06 2.4828864843e+06 2.0731336381e+06 1.7222702664e+06 1.4236389242e+06 1.1708546641e+06 9.5802265040e+05 7.7996326539e+05 6.3171878629e+05 5.0902992464e+05 4.0807607503e+05 3.2543316095e+05 2.5820536807e+05 2.0379503191e+05 1.6000683496e+05 1.2498360551e+05 9.7107100019e+04 7.5056681182e+04 5.7708783874e+04 4.4132171963e+04 3.3577364976e+04 2.5408982687e+04 1.9125950755e+04 1.4321148925e+04 1.0665024334e+04 7.9011337044e+03 5.8219187211e+03 4.2666439885e+03 3.1106183834e+03 2.2553174328e+03 1.6265654220e+03 1.1668078185e+03 8.3235771198e+02 5.9074320687e+02 4.1692859153e+02 2.9266983709e+02 2.0435665424e+02 1.4189173883e+02 9.8008937476e+01 6.7324096750e+01 4.5990454933e+01 1.4738650066e+01
1.5079452782e+01 4.7053303809e+01 6.8879070328e+01 1.0027132293e+02 1.4516518236e+02 2.0906844214e+02 2.9941393056e+02 4.2653051084e+02 6.0434034863e+02 8.5150522090e+02 1.1936338166e+03 1.6639405716e+03 2.3071110395e+03 3.1820142094e+03 4.3645187982e+03 5.9553972530e+03 8.0821822208e+03 1.0909272566e+04 1.4648950768e+04 1.9563495132e+04 2.5989951054e+04 3.4344690554e+04 4.5140163176e+04 5.9026170243e+04 7.6769191523e+04 9.9321561079e+04 1.2783229166e+05 1.6365190620e+05 2.0843523438e+05 2.6408143611e+05 3.3283541698e+05 4.1735343419e+05 5.2059662034e+05 6.4606620332e+05 7.9766886865e+05 9.7975961007e+05 1.1974076940e+06 1.4559090639e+06 1.7612908752e+06 2.1200812437e+06 2.5390865746e+06 3.0259129719e+06 3.5881578363e+06 4.2338563462e+06 4.9714836536e+06 5.8090334793e+06 6.7549962040e+06 7.8173003466e+06 9.0033361202e+06 1.0320666873e+07 1.1774991204e+07 1.3371804355e+07 1.5115347748e+07 1.7008020102e+07 1.9051579049e+07 2.1245249265e+07 2.3586857272e+07 2.6072718027e+07 2.8696401875e+07 3.1450367976e+07 3.4324726683e+07 3.7307731668e+07 4.0386522440e+07 4.3545934836e+07 4.6770037001e+07 5.0041703074e+07 5.3342914756e+07 5.6655298684e+07 5.9960198654e+07 6.3239158099e+07 6.6474000359e+07 6.9647561794e+07 7.2743360579e+07 7.5746388525e+07 7.8643248107e+07 8.1421515516e+07 8.4071529988e+07 8.6584798515e+07 8.8954826437e+07 9.1177509482e+07 9.3249742623e+07 9.5171085019e+07 9.6942368256e+07 9.8565573344e+07 1.0004487136e+08 1.0138474944e+08 1.0259112513e+08 1.0367072758e+08 1.0463012142e+08 1.0547721129e+08 1.0621934272e+08 1.0686394415e+08 1.0741851773e+08 1.0788969087e+08 1.0828408757e+08 1.0860748286e+08 1.0886477447e+08 1.0906043135e+08 1.0919766996e+08 1.0927899222e+08 1.0930597309e+08 1.0927888782e+08 1.0919745264e+08 1.0906009940e+08 1.0886432148e+08 1.0860690127e+08 1.0828337598e+08 1.0788882889e+08 1.0741749437e+08 1.0686275608e+08 1.0621796814e+08 1.0547563554e+08 1.0462832870e+08 1.0366870102e+08 1.0258885846e+08 1.0138223074e+08 1.0004208553e+08 9.8562507831e+07 9.6939020415e+07 9.5167443599e+07 9.3245804554e+07 9.1173274237e+07 8.8950300786e+07 8.6579988632e+07 8.4066446628e+07 8.1416171730e+07 7.8637663152e+07 7.5740586241e+07 7.2737364809e+07 6.9641395464e+07 6.6467699866e+07 6.3232755643e+07 5.9953727000e+07 5.6648794865e+07 5.3336413054e+07 5.0035243165e+07 4.6763652091e+07 4.3539658538e+07 4.0380388469e+07 3.7301768223e+07 3.4318964713e+07 3.1444830775e+07 2.8691109882e+07 2.6067687484e+07 2.3582103829e+07 2.1240781325e+07 1.9047402836e+07 1.7004138605e+07 1.5111760352e+07 1.3368506728e+07 1.1771977846e+07 1.0317928107e+07 9.0008602928e+06 7.8150753744e+06 6.7530076268e+06 5.8072660874e+06 4.9699215648e+06 4.2324834405e+06 3.5869578369e+06 3.0248701345e+06 2.5381852409e+06 2.1193065611e+06 1.7606287558e+06 1.4553463425e+06 1.1969320953e+06 9.7935988659e+05 7.9733479733e+05 6.4578860126e+05 5.2036717838e+05 4.1716487728e+05 3.3268134090e+05 2.6395621269e+05 2.0833404265e+05 1.6357058160e+05 1.2776729792e+05 9.9269913006e+04 7.6728380230e+04 5.8994101046e+04 4.5115105468e+04 3.4325216524e+04 2.5974903559e+04 1.9551932809e+04 1.4640116532e+04 1.0902560333e+04 8.0771107708e+03 5.9515867792e+03 4.3616722784e+03 3.1798991745e+03 2.3055484462e+03 1.6627926365e+03 1.1927951933e+03 8.5089608397e+02 6.0390029011e+02 4.2621444672e+02 2.9918817137e+02 2.0890806343e+02 1.4505192485e+02 1.0019176935e+02 6.8823515611e+01 4.7014732709e+01 1.5066900288e+01
1.5279684516e+01 4.7678100268e+01 6.9793684110e+01 1.0160278422e+02 1.4709277093e+02 2.1184459245e+02 3.0338976867e+02 4.3219433329e+02 6.1236529862e+02 8.6281229211e+02 1.2094840542e+03 1.6860362053e+03 2.3377473746e+03 3.2242688413e+03 4.4224765667e+03 6.0344811639e+03 8.1895096196e+03 1.1054142421e+04 1.4843483086e+04 1.9823292397e+04 2.6335092193e+04 3.4800782669e+04 4.5739622866e+04 5.9810040229e+04 7.7788699619e+04 1.0064057837e+05 1.2952994586e+05 1.6582527400e+05 2.1120337138e+05 2.6758861359e+05 3.3725572683e+05 4.2289623965e+05 5.2751063489e+05 6.5464665594e+05 8.0826279559e+05 9.9277204381e+05 1.2133108953e+06 1.4752456869e+06 1.7846836037e+06 2.1482394792e+06 2.5728102458e+06 3.0661028277e+06 3.6358156578e+06 4.2900908713e+06 5.0375158404e+06 5.8861908581e+06 6.8447188357e+06 7.9211335474e+06 9.1229239913e+06 1.0457753661e+07 1.1931396248e+07 1.3549421382e+07 1.5316125103e+07 1.7233939435e+07 1.9304645080e+07 2.1527455901e+07 2.3900171281e+07 2.6419054985e+07 2.9077593302e+07 3.1868145459e+07 3.4780687026e+07 3.7803320655e+07 4.0923014359e+07 4.4124398657e+07 4.7391335492e+07 5.0706464941e+07 5.4051534766e+07 5.7407925937e+07 6.0756733056e+07 6.4079256589e+07 6.7357073451e+07 7.0572796713e+07 7.3709729304e+07 7.6752656182e+07 7.9688004323e+07 8.2503184788e+07 8.5188406353e+07 8.7735070910e+07 9.0136588641e+07 9.2388800361e+07 9.4488570782e+07 9.6435442205e+07 9.8230260463e+07 9.9875030197e+07 1.0137398932e+08 1.0273166863e+08 1.0395406909e+08 1.0504801679e+08 1.0602015904e+08 1.0687850579e+08 1.0763050303e+08 1.0828366461e+08 1.0884560688e+08 1.0932304329e+08 1.0972267893e+08 1.1005037577e+08 1.1031108756e+08 1.1050934123e+08 1.1064840551e+08 1.1073080841e+08 1.1075814867e+08 1.1073070394e+08 1.1064819171e+08 1.1050900928e+08 1.1031063760e+08 1.1004979806e+08 1.0972196734e+08 1.0932218675e+08 1.0884459452e+08 1.0828248013e+08 1.0762913029e+08 1.0687694337e+08 1.0601838099e+08 1.0504600674e+08 1.0395182238e+08 1.0272916326e+08 1.0137121612e+08 9.9871981331e+07 9.8226926447e+07 9.6431821451e+07 9.4484654968e+07 9.2384593013e+07 9.0132088349e+07 8.7730292345e+07 8.5183355089e+07 8.2497874508e+07 7.9682457423e+07 7.6746889661e+07 7.3703769826e+07 7.0566671542e+07 6.7350811753e+07 6.4072892647e+07 6.0750302420e+07 5.7401461125e+07 5.4045072353e+07 5.0700043088e+07 4.7384989255e+07 4.4118161719e+07 4.0916918445e+07 3.7797395266e+07 3.4774960396e+07 3.1862640247e+07 2.9072332610e+07 2.6414054455e+07 2.3895445665e+07 2.1523014676e+07 1.9300493678e+07 1.7230080908e+07 1.5312558568e+07 1.3546143127e+07 1.1928400026e+07 1.0455030479e+07 9.1204624345e+06 7.9189210693e+06 6.8427411082e+06 5.8844331740e+06 5.0359621170e+06 4.2887252089e+06 3.6346220751e+06 3.0650653358e+06 2.5719134199e+06 2.1474686695e+06 1.7840248006e+06 1.4746857164e+06 1.2128375759e+06 9.9237419730e+05 8.0793029154e+05 6.5437026102e+05 5.2728219590e+05 4.2270847327e+05 3.3710226754e+05 2.6746387733e+05 2.1110255577e+05 1.6574424719e+05 1.2946518164e+05 1.0058910492e+05 7.7748019517e+04 5.9778071743e+04 4.5714637021e+04 3.4781364574e+04 2.6320084891e+04 1.9811759290e+04 1.4834669412e+04 1.1047444606e+04 8.1844478522e+03 6.0306777293e+03 4.4196344856e+03 3.2221568567e+03 2.3361868791e+03 1.6848894876e+03 1.2086461661e+03 8.6220358194e+02 6.1192545643e+02 4.3187834370e+02 3.0316402321e+02 2.1168419746e+02 1.4697947809e+02 1.0152318255e+02 6.9738081059e+01 4.7639489210e+01 1.5267116584e+01
1.5346777197e+01 4.7887453088e+01 7.0100143071e+01 1.0204891039e+02 1.4773864452e+02 2.1277478620e+02 3.0472192028e+02 4.3409205725e+02 6.1505414222e+02 8.6660087228e+02 1.2147948121e+03 1.6934395320e+03 2.3480124213e+03 3.2384267909e+03 4.4418957824e+03 6.0609789555e+03 8.2254700919e+03 1.1102682856e+04 1.4908663284e+04 1.9910340671e+04 2.6450737847e+04 3.4953605170e+04 4.5940483484e+04 6.0072694682e+04 7.8130310857e+04 1.0108254142e+05 1.3009879528e+05 1.6655352760e+05 2.1213092751e+05 2.6876381806e+05 3.3873690880e+05 4.2475360566e+05 5.2982745630e+05 6.5752192711e+05 8.1181283149e+05 9.9713251582e+05 1.2186401530e+06 1.4817255646e+06 1.7925228329e+06 2.1576757234e+06 2.5841115606e+06 3.0795713000e+06 3.6517869492e+06 4.3089367175e+06 5.0596453443e+06 5.9120490839e+06 6.8747885436e+06 7.9559322837e+06 9.1630032357e+06 1.0503698315e+07 1.1983815765e+07 1.3608950198e+07 1.5383417970e+07 1.7309660037e+07 1.9389464454e+07 2.1622043701e+07 2.4005185124e+07 2.6535138971e+07 2.9205360910e+07 3.2008177781e+07 3.4933518882e+07 3.7969438793e+07 4.1102842801e+07 4.4318299509e+07 4.7599594628e+07 5.0929299055e+07 5.4289068550e+07 5.7660216140e+07 6.1023743527e+07 6.4360873409e+07 6.7653098549e+07 7.0882957073e+07 7.4033680804e+07 7.7089983002e+07 8.0038240770e+07 8.2865796854e+07 8.5562821517e+07 8.8120684448e+07 9.0532757634e+07 9.2794874237e+07 9.4903878406e+07 9.6859309833e+07 9.8662019924e+07 1.0031402288e+08 1.0181956666e+08 1.0318321927e+08 1.0441100354e+08 1.0550975750e+08 1.0648617704e+08 1.0734830237e+08 1.0810360516e+08 1.0875963870e+08 1.0932404980e+08 1.0980358479e+08 1.1020498451e+08 1.1053411130e+08 1.1079597103e+08 1.1099510008e+08 1.1113477486e+08 1.1121754554e+08 1.1124501228e+08 1.1121744284e+08 1.1113456670e+08 1.1099477821e+08 1.1079553087e+08 1.1053354918e+08 1.1020428484e+08 1.0980274299e+08 1.0932305027e+08 1.0875846403e+08 1.0810224434e+08 1.0734674898e+08 1.0648441549e+08 1.0550777862e+08 1.0440878350e+08 1.0318075530e+08 1.0181684043e+08 1.0031101972e+08 9.8658733415e+07 9.6855736764e+07 9.4900016942e+07 9.2790722085e+07 9.0528322131e+07 8.8115970179e+07 8.5557838110e+07 8.2860558064e+07 8.0032763103e+07 7.7084297635e+07 7.4027799660e+07 7.0876914996e+07 6.7646920757e+07 6.4354596581e+07 6.1017397466e+07 5.7653838443e+07 5.4282696355e+07 5.0922963081e+07 4.7593334994e+07 4.4312145559e+07 4.1096829609e+07 3.7963594558e+07 3.4927871113e+07 3.2002747339e+07 2.9200171638e+07 2.6530205770e+07 2.4000523239e+07 2.1617662072e+07 1.9385368355e+07 1.7305851989e+07 1.5379897973e+07 1.3605715271e+07 1.1980859375e+07 1.0501010318e+07 9.1605736018e+06 7.9537484616e+06 6.8728360334e+06 5.9103138154e+06 5.0581116140e+06 4.3075881055e+06 3.6506083250e+06 3.0785466448e+06 2.5832259304e+06 2.1569143746e+06 1.7918720106e+06 1.4811723090e+06 1.2181724645e+06 9.9673940472e+05 8.1148418939e+05 6.5724873809e+05 5.2960165366e+05 4.2456796092e+05 3.3858518568e+05 2.6864047161e+05 2.1203121873e+05 1.6647338375e+05 1.3003473196e+05 1.0103162318e+05 7.8090056256e+04 6.0041051228e+04 4.5915751066e+04 3.4934381209e+04 2.6435876995e+04 1.9898919330e+04 1.4899933597e+04 1.1096047860e+04 8.2204549466e+03 6.0572095650e+03 4.4390787302e+03 3.2363327443e+03 2.3464650225e+03 1.6923021471e+03 1.2139636608e+03 8.6599687749e+02 6.1461762372e+02 4.3377840436e+02 3.0449779482e+02 2.1261549714e+02 1.4762609906e+02 1.0196982205e+02 7.0044885655e+01 4.7849071589e+01 1.5334280902e+01
1.5278406242e+01 4.7674105527e+01 6.9787831600e+01 1.0159425826e+02 1.4708041567e+02 2.1182678575e+02 3.0336424836e+02 4.3215795193e+02 6.1231370450e+02 8.6273958158e+02 1.2093821161e+03 1.6858940907e+03 2.3375504859e+03 3.2239971663e+03 4.4221040983e+03 6.0339729043e+03 8.1888199498e+03 1.1053211977e+04 1.4842234765e+04 1.9821625765e+04 2.6332878891e+04 3.4797861474e+04 4.5735786760e+04 5.9805029518e+04 7.7782184912e+04 1.0063215927e+05 1.2951912337e+05 1.6581143147e+05 2.1118576306e+05 2.6756633006e+05 3.3722767695e+05 4.2286111118e+05 5.2746686909e+05 6.5459241910e+05 8.0819594705e+05 9.9268999433e+05 1.2132107787e+06 1.4751241504e+06 1.7845368052e+06 2.1480630052e+06 2.5725992853e+06 3.0658518788e+06 3.6355185097e+06 4.2897409013e+06 5.0371056772e+06 5.8857121739e+06 6.8441632430e+06 7.9204915897e+06 9.1221858108e+06 1.0456909123e+07 1.1930434444e+07 1.3548330326e+07 1.5314894646e+07 1.7232557251e+07 1.9303099600e+07 2.1525735743e+07 2.3898264259e+07 2.6416951858e+07 2.9075280695e+07 3.1865615894e+07 3.4777931423e+07 3.7800330337e+07 4.0919781972e+07 4.4120919386e+07 4.7387605035e+07 5.0702479824e+07 5.4047291833e+07 5.7403427162e+07 6.0751979850e+07 6.4074248706e+07 6.7351820130e+07 7.0567298414e+07 7.3703995337e+07 7.6746691626e+07 7.9681818278e+07 8.2496788292e+07 8.5181809036e+07 8.7728284692e+07 9.0129621775e+07 9.2381668436e+07 9.4481282721e+07 9.6428012045e+07 9.8222694058e+07 9.9867346382e+07 1.0136619303e+08 1.0272377422e+08 1.0394608390e+08 1.0503995732e+08 1.0601202805e+08 1.0687031350e+08 1.0762225120e+08 1.0827536792e+08 1.0883727380e+08 1.0931467480e+08 1.0971428293e+08 1.1004195592e+08 1.1030264846e+08 1.1050089021e+08 1.1063994609e+08 1.1072234546e+08 1.1074968573e+08 1.1072224100e+08 1.1063973152e+08 1.1050057018e+08 1.1030221381e+08 1.1004139472e+08 1.0971359518e+08 1.0931384492e+08 1.0883628619e+08 1.0827422260e+08 1.0762093165e+08 1.0686879665e+08 1.0601030509e+08 1.0503801421e+08 1.0394391154e+08 1.0272135505e+08 1.0136351174e+08 9.9864399479e+07 9.8219474490e+07 9.6424509337e+07 9.4477498284e+07 9.2377601106e+07 9.0125273845e+07 8.7723663039e+07 8.5176928332e+07 8.2491659577e+07 7.9676458903e+07 7.6741119473e+07 7.3698238445e+07 7.0561382882e+07 6.7345771035e+07 6.4068101809e+07 6.0745767424e+07 5.7397184933e+07 5.4041052426e+07 5.0696278508e+07 4.7381475332e+07 4.4114895649e+07 4.0913894179e+07 3.7794605540e+07 3.4772399689e+07 3.1860298666e+07 2.9070198658e+07 2.6412119756e+07 2.3893697626e+07 2.1521444041e+07 1.9299087406e+07 1.7228827191e+07 1.5311447206e+07 1.3545161713e+07 1.1927537373e+07 1.0454275630e+07 9.1198052935e+06 7.9183516732e+06 6.8422500401e+06 5.8840115572e+06 5.0356021130e+06 4.2884190430e+06 3.6343629978e+06 3.0648474196e+06 2.5717308830e+06 2.1473164804e+06 1.7838985343e+06 1.4745815907e+06 1.2127520882e+06 9.9230434813e+05 8.0787350238e+05 6.5432437742e+05 5.2724526099e+05 4.2267892776e+05 3.3707873457e+05 2.6744524207e+05 2.1108786582e+05 1.6573273207e+05 1.2945620210e+05 1.0058213564e+05 7.7742636931e+04 5.9773938175e+04 4.5711482392e+04 3.4778965283e+04 2.6318271466e+04 1.9810395639e+04 1.4833649142e+04 1.1046685660e+04 8.1838860971e+03 6.0302637665e+03 4.4193312894e+03 3.2219359175e+03 2.3360268878e+03 1.6847741401e+03 1.2085634388e+03 8.6214459078e+02 6.1188356322e+02 4.3184879107e+02 3.0314327020e+02 2.1166969750e+02 1.4696940585e+02 1.0151622587e+02 6.9733300265e+01 4.7636222803e+01 1.5266068458e+01
1.5076928926e+01 4.7045418024e+01 6.8867518348e+01 1.0025448869e+02 1.4514078056e+02 2.0903327756e+02 2.9936353788e+02 4.2645869959e+02 6.0423854266e+02 8.5136175177e+02 1.1934326129e+03 1.6636601063e+03 2.3067221948e+03 3.1814778943e+03 4.3637833977e+03 5.9543941964e+03 8.0808213553e+03 1.0907435888e+04 1.4646486477e+04 1.9560205971e+04 2.5985584674e+04 3.4338923867e+04 4.5132590365e+04 5.9016275602e+04 7.6756332529e+04 9.9304939599e+04 1.2781091892e+05 1.6362457665e+05 2.0840047623e+05 2.6403745304e+05 3.3278004038e+05 4.1728407356e+05 5.2051021183e+05 6.4595914206e+05 7.9753682756e+05 9.7959764598e+05 1.1972100972e+06 1.4556691884e+06 1.7610011469e+06 2.1197329810e+06 2.5386702636e+06 3.0254175614e+06 3.5875713083e+06 4.2331652897e+06 4.9706736368e+06 5.8080888473e+06 6.7538995185e+06 7.8160330913e+06 9.0018790736e+06 1.0318999910e+07 1.1773092602e+07 1.3369652618e+07 1.5112919433e+07 1.7005291814e+07 1.9048528200e+07 2.1241853644e+07 2.3583093892e+07 2.6068564818e+07 2.8691838910e+07 3.1445376475e+07 3.4319285626e+07 3.7301828286e+07 4.0380142980e+07 4.3539067376e+07 4.6762673306e+07 5.0033837324e+07 5.3334541468e+07 5.6646420343e+07 5.9950816460e+07 6.3229277236e+07 6.6463628869e+07 6.9636706413e+07 7.2732040140e+07 7.5734614244e+07 7.8631037866e+07 8.1408888960e+07 8.4058507748e+07 8.6571403270e+07 8.8941076280e+07 9.1163427549e+07 9.3235356777e+07 9.5156416774e+07 9.6927438774e+07 9.8550403679e+07 1.0002948969e+08 1.0136917153e+08 1.0257536672e+08 1.0365480764e+08 1.0461406760e+08 1.0546103550e+08 1.0620306239e+08 1.0684756790e+08 1.0740205585e+08 1.0787316585e+08 1.0826751282e+08 1.0859085499e+08 1.0884811268e+08 1.0904374255e+08 1.0918096691e+08 1.0926228077e+08 1.0928926729e+08 1.0926218371e+08 1.0918076214e+08 1.0904343444e+08 1.0884768995e+08 1.0859031742e+08 1.0826684172e+08 1.0787235875e+08 1.0740110309e+08 1.0684645213e+08 1.0620177310e+08 1.0545956493e+08 1.0461238950e+08 1.0365291496e+08 1.0257324832e+08 1.0136681761e+08 1.0002688384e+08 9.8547539729e+07 9.6924308366e+07 9.5153012926e+07 9.3231678712e+07 9.1159474386e+07 8.8936849675e+07 8.6566914582e+07 8.4053761984e+07 8.1403900968e+07 7.8625826586e+07 7.5729197028e+07 7.2726443264e+07 6.9630954565e+07 6.6457745890e+07 6.3223303828e+07 5.9944778509e+07 5.6640351180e+07 5.3328477489e+07 5.0027807080e+07 4.6756715592e+07 4.3533209774e+07 4.0374418871e+07 3.7296262359e+07 3.4313907947e+07 3.1440206460e+07 2.8686897562e+07 2.6063867514e+07 2.3578654378e+07 2.1237680173e+07 1.9044626724e+07 1.7001665419e+07 1.5109566443e+07 1.3366570318e+07 1.1770275005e+07 1.0316438401e+07 8.9995636628e+06 7.8139512937e+06 6.7520381919e+06 5.8064340605e+06 4.9692107157e+06 4.2318790046e+06 3.5864466721e+06 3.0244398449e+06 2.5378248269e+06 2.1190062058e+06 1.7603797621e+06 1.4551408113e+06 1.1967633695e+06 9.7922204374e+05 7.9722276534e+05 6.4569801117e+05 5.2029431152e+05 4.1710656357e+05 3.3263488267e+05 2.6391941679e+05 2.0830503900e+05 1.6354784309e+05 1.2774956058e+05 9.9256151966e+04 7.6717755651e+04 5.8985942715e+04 4.5108872327e+04 3.4320480112e+04 2.5971323429e+04 1.9549240776e+04 1.4638101739e+04 1.0901061371e+04 8.0760014165e+03 5.9507699633e+03 4.3610738121e+03 3.1794630437e+03 2.3052325559e+03 1.6625649778e+03 1.1926318504e+03 8.5077959881e+02 6.0381761552e+02 4.2615609005e+02 2.9914720164e+02 2.0887946295e+02 1.4503204972e+02 1.0017804044e+02 6.8814076892e+01 4.7008283244e+01 1.5064831480e+01
1.4747393266e+01 4.6017140865e+01 6.7362259254e+01 9.8063172017e+01 1.4196834127e+02 2.0446426348e+02 2.9282005423e+02 4.1713710749e+02 5.9103090448e+02 8.3275230634e+02 1.1673459235e+03 1.6272946875e+03 2.2563000004e+03 3.1119343446e+03 4.2683955230e+03 5.8242362386e+03 7.9041809977e+03 1.0669007220e+04 1.4326323048e+04 1.9132629959e+04 2.5417551882e+04 3.3588287705e+04 4.4146005452e+04 5.7726194876e+04 7.5078459513e+04 9.7134150205e+04 1.2501699327e+05 1.6004776058e+05 2.0384485902e+05 2.5826560133e+05 3.2550546833e+05 4.0816224437e+05 5.0913184463e+05 6.3183845100e+05 7.8010260056e+05 9.5818359005e+05 1.1710389617e+06 1.4238480986e+06 1.7225054236e+06 2.0733954080e+06 2.4831745968e+06 2.9592816530e+06 3.5091465968e+06 4.1406280433e+06 4.8620144457e+06 5.6811236443e+06 6.6062590096e+06 7.6451742661e+06 8.8050981024e+06 1.0093426658e+07 1.1515733381e+07 1.3077391886e+07 1.4782551998e+07 1.6633558635e+07 1.8632130580e+07 2.0777509854e+07 2.3067572407e+07 2.5498712015e+07 2.8064642470e+07 3.0757989023e+07 3.3569078825e+07 3.6486424405e+07 3.9497449100e+07 4.2587322005e+07 4.5740464763e+07 4.8940122547e+07 5.2168680410e+07 5.5408161748e+07 5.8640329900e+07 6.1847128462e+07 6.5010777127e+07 6.8114499262e+07 7.1142175254e+07 7.4079116241e+07 7.6912229211e+07 7.9629362208e+07 8.2221062625e+07 8.4679032741e+07 8.6996911246e+07 8.9170683875e+07 9.1197326580e+07 9.3076394146e+07 9.4808709024e+07 9.6396196781e+07 9.7842949775e+07 9.9153353915e+07 1.0033318635e+08 1.0138903321e+08 1.0232732376e+08 1.0315578410e+08 1.0388159062e+08 1.0451200410e+08 1.0505437870e+08 1.0551518880e+08 1.0590091588e+08 1.0621720051e+08 1.0646882707e+08 1.0666018713e+08 1.0679440749e+08 1.0687394824e+08 1.0690033955e+08 1.0687384666e+08 1.0679421358e+08 1.0665988057e+08 1.0646842169e+08 1.0621667507e+08 1.0590026757e+08 1.0551441027e+08 1.0505345909e+08 1.0451092946e+08 1.0388034718e+08 1.0315435725e+08 1.0232570456e+08 1.0138720747e+08 1.0033114329e+08 9.9151076559e+07 9.7840435517e+07 9.6393430208e+07 9.4805683012e+07 9.3073109472e+07 9.1193775060e+07 8.9166868261e+07 8.6992827904e+07 8.4674698107e+07 8.2216481778e+07 7.9624548092e+07 7.6907200871e+07 7.4073889019e+07 7.1136768195e+07 6.8108943968e+07 6.5005101883e+07 6.1841360179e+07 5.8634498732e+07 5.5402303352e+07 5.2162823566e+07 4.8934304675e+07 4.5734713215e+07 4.2581668504e+07 3.9491924843e+07 3.6481053797e+07 3.3563887666e+07 3.0752998739e+07 2.8059872794e+07 2.5494178395e+07 2.3063286146e+07 2.0773481269e+07 1.8628363955e+07 1.6630055716e+07 1.4779314532e+07 1.3074416504e+07 1.1513012258e+07 1.0090953123e+07 8.8028615531e+06 7.6431632534e+06 6.6044606691e+06 5.6795248845e+06 4.8606009850e+06 4.1393851149e+06 3.5080598153e+06 2.9583367621e+06 2.4823574833e+06 2.0726928339e+06 1.7219047252e+06 1.4233372541e+06 1.1706069930e+06 9.5782034574e+05 7.7979886224e+05 6.3158583152e+05 5.0892296699e+05 4.0799045843e+05 3.2536500705e+05 2.5815135856e+05 2.0375247366e+05 1.5997346347e+05 1.2495757313e+05 9.7086897979e+04 7.5041089806e+04 5.7696808190e+04 4.4123026203e+04 3.3570414660e+04 2.5403729587e+04 1.9121999423e+04 1.4318192891e+04 1.0662824844e+04 7.8995054714e+03 5.8207198338e+03 4.2657657059e+03 3.1099785992e+03 2.2548537556e+03 1.6262311330e+03 1.1665681072e+03 8.3218674815e+02 5.9062187099e+02 4.1684296297e+02 2.9260971122e+02 2.0431466927e+02 1.4186257866e+02 9.7988792935e+01 6.7310246886e+01 4.5980988179e+01 1.4735614052e+01
0.0000000000e+00 4.4615595455e+01 6.5310588312e+01 9.5076417429e+01 1.3764431011e+02 1.9823670369e+02 2.8390129286e+02 4.0443180439e+02 5.7302898326e+02 8.0738773598e+02 1.1317898471e+03 1.5777288749e+03 2.1875747518e+03 3.0171466501e+03 4.1383820849e+03 5.6468319347e+03 7.6634210306e+03 1.0344029765e+04 1.3889942642e+04 1.8549846991e+04 2.4643324631e+04 3.2565175566e+04 4.2801297928e+04 5.5967823536e+04 7.2791516260e+04 9.4175370648e+04 1.2120886717e+05 1.5517256235e+05 1.9763554793e+05 2.5039855297e+05 3.1559021044e+05 3.9572915560e+05 4.9362307755e+05 6.1259184848e+05 7.5633968285e+05 9.2899599550e+05 1.1353675230e+06 1.3804756821e+06 1.6700354415e+06 2.0102367133e+06 2.4075333810e+06 2.8691374451e+06 3.4022526760e+06 4.0144981263e+06 4.7139099355e+06 5.5080676373e+06 6.4050219365e+06 7.4122903355e+06 8.5368809780e+06 9.7859653936e+06 1.1164945998e+07 1.2679035105e+07 1.4332252638e+07 1.6126874155e+07 1.8064567380e+07 2.0144595779e+07 2.2364899780e+07 2.4721984310e+07 2.7209752441e+07 2.9821058046e+07 3.2546516320e+07 3.5374996360e+07 3.8294303661e+07 4.1290055676e+07 4.4347150690e+07 4.7449344114e+07 5.0579553439e+07 5.3720360089e+07 5.6854074864e+07 5.9963189196e+07 6.3030475372e+07 6.6039655746e+07 6.8975104401e+07 7.1822587374e+07 7.4569405291e+07 7.7203770349e+07 7.9716527647e+07 8.2099626346e+07 8.4346901692e+07 8.6454465824e+07 8.8419374296e+07 9.0241205946e+07 9.1920753916e+07 9.3459889531e+07 9.4862576980e+07 9.6133063601e+07 9.7276957887e+07 9.8300646762e+07 9.9210358114e+07 1.0001358149e+08 1.0071727913e+08 1.0132849709e+08 1.0185435033e+08 1.0230112379e+08 1.0267510233e+08 1.0298175401e+08 1.0322572084e+08 1.0341124423e+08 1.0354137839e+08 1.0361849601e+08 1.0364408623e+08 1.0361840523e+08 1.0354119259e+08 1.0341095813e+08 1.0322532795e+08 1.0298124648e+08 1.0267447786e+08 1.0230038102e+08 1.0185346318e+08 1.0132746456e+08 1.0071608887e+08 1.0001221609e+08 9.9208804267e+07 9.8298897136e+07 9.7274996894e+07 9.6130880060e+07 9.4860163486e+07 9.3457237582e+07 9.1917854838e+07 9.0238056528e+07 8.8415968049e+07 8.6450804477e+07 8.4342991521e+07 8.2095470033e+07 7.9712134149e+07 7.7199156808e+07 7.4564582359e+07 7.1817576916e+07 6.8969925674e+07 6.6034331253e+07 6.3025034279e+07 5.9957662223e+07 5.6848487617e+07 5.3714747165e+07 5.0573945806e+07 4.7443767411e+07 4.4341638883e+07 4.1284638301e+07 3.8289008018e+07 3.5369849958e+07 3.2541541784e+07 2.9816274633e+07 2.7205180765e+07 2.4717638470e+07 2.2360791133e+07 2.0140733645e+07 1.8060956485e+07 1.6123517267e+07 1.4329149185e+07 1.2676181419e+07 1.1162337114e+07 9.7835930895e+06 8.5347363001e+06 7.4103618788e+06 6.4032971848e+06 5.5065342222e+06 4.7125539302e+06 4.0133057472e+06 3.4012099719e+06 2.8682306976e+06 2.4067492507e+06 2.0095624503e+06 1.6694588240e+06 1.3799852649e+06 1.1349527220e+06 9.2864720101e+05 7.5604794618e+05 6.1234921619e+05 4.9342239884e+05 3.9556408730e+05 3.1545522343e+05 2.5028876952e+05 1.9754673604e+05 1.5510113664e+05 1.2115173773e+05 9.4129930228e+04 7.2755573949e+04 5.5939550889e+04 4.2779183958e+04 3.2547973269e+04 2.4630019851e+04 1.8539612293e+04 1.3882113743e+04 1.0338075156e+04 7.6589170962e+03 5.6434436685e+03 4.1358478152e+03 3.0152614029e+03 2.1861803460e+03 1.5767031199e+03 1.1310395475e+03 8.0684203973e+02 5.7263420703e+02 4.0414786262e+02 2.8369820979e+02 1.9809222054e+02 1.3754213294e+02 9.5004539689e+01 6.5260317066e+01 4.4580642367e+01 0.0000000000e+00
0.0000000000e+00 4.2877234832e+01 6.2765863978e+01 9.1371888891e+01 1.3228114008e+02 1.9051255643e+02 2.7283921963e+02 3.8867321021e+02 5.5070090516e+02 7.7592772459e+02 1.0876891344e+03 1.5162515764e+03 2.1023339889e+03 2.8995803319e+03 3.9771246810e+03 5.4267948778e+03 7.3648035045e+03 9.9409563178e+03 1.3348693858e+04 1.7827012285e+04 2.3683042513e+04 3.1296194813e+04 4.1133436476e+04 5.3786887256e+04 6.9954994140e+04 9.0505553726e+04 1.1648559997e+05 1.4912577199e+05 1.8993402789e+05 2.4064094453e+05 3.0329216581e+05 3.8030817681e+05 4.7438726185e+05 5.8871996183e+05 7.2686606353e+05 8.9279412644e+05 1.0911234811e+06 1.3266800318e+06 1.6049558974e+06 1.9318996758e+06 2.3137140122e+06 2.7573296251e+06 3.2696696548e+06 3.8580564476e+06 4.5302124066e+06 5.2934222531e+06 6.1554227152e+06 7.1234388199e+06 8.2042042518e+06 9.4046128255e+06 1.0729855654e+07 1.2184941051e+07 1.3773733337e+07 1.5498420039e+07 1.7360602407e+07 1.9359573490e+07 2.1493353412e+07 2.3758584186e+07 2.6149407864e+07 2.8658949750e+07 3.1278200796e+07 3.3996457451e+07 3.6802000481e+07 3.9681011412e+07 4.2618972250e+07 4.5600276545e+07 4.8608506981e+07 5.1626918037e+07 5.4638512263e+07 5.7626473475e+07 6.0574229787e+07 6.3466145378e+07 6.6287204275e+07 6.9023726767e+07 7.1663499489e+07 7.4195211507e+07 7.6610048587e+07 7.8900281826e+07 8.1059986754e+07 8.3085419164e+07 8.4973761120e+07 8.6724601510e+07 8.8338697786e+07 8.9817855952e+07 9.1165883218e+07 9.2386862600e+07 9.3486181986e+07 9.4469983462e+07 9.5344242354e+07 9.6116168348e+07 9.6792444570e+07 9.7379843807e+07 9.7885209375e+07 9.8314572241e+07 9.8673976884e+07 9.8968677716e+07 9.9203139798e+07 9.9381435078e+07 9.9506497411e+07 9.9580611947e+07 9.9605201404e+07 9.9580521447e+07 9.9506317115e+07 9.9381157158e+07 9.9202764958e+07 9.8968194883e+07 9.8673384823e+07 9.8313859595e+07 9.7884364788e+07 9.7378860084e+07 9.6791308555e+07 9.6114866216e+07 9.5342763982e+07 9.4468314991e+07 9.3484317736e+07 9.2384783879e+07 9.1163586993e+07 8.9815330761e+07 8.8335937174e+07 8.6721601880e+07 8.4970518627e+07 8.3081935502e+07 8.1056262169e+07 7.8896327287e+07 7.6605869948e+07 7.4190817728e+07 7.1658911765e+07 6.9018955644e+07 6.6282274406e+07 6.3461077995e+07 6.0569052894e+07 5.7621212219e+07 5.4633199514e+07 5.1621577919e+07 4.8603168468e+07 4.5594971150e+07 4.2613727076e+07 3.9675855204e+07 3.6796961596e+07 3.3991557262e+07 3.1273464519e+07 2.8654398989e+07 2.6145055350e+07 2.3754447051e+07 2.1489442431e+07 1.9355897065e+07 1.7357164974e+07 1.5495224552e+07 1.3770779072e+07 1.2182223692e+07 1.0727370943e+07 9.4023539597e+06 8.2021621054e+06 7.1216017011e+06 6.1537801778e+06 5.2919616002e+06 4.5289207209e+06 3.8569204328e+06 3.2686762833e+06 2.7564656920e+06 2.3129667181e+06 1.9312570701e+06 1.6044061859e+06 1.3262125042e+06 1.0907280389e+06 8.9246150114e+05 7.2658783104e+05 5.8848854536e+05 4.7419582500e+05 3.8015069934e+05 3.0316334592e+05 2.4053616239e+05 1.8984926298e+05 1.4905758586e+05 1.1643104414e+05 9.0462156291e+04 6.9920660253e+04 5.3759874546e+04 4.1112306662e+04 3.1279755501e+04 2.3670323649e+04 1.7817227283e+04 1.3341206852e+04 9.9352608062e+03 7.3604942556e+03 5.4235526968e+03 3.9746991330e+03 2.8977755452e+03 2.1009988380e+03 1.5152691832e+03 1.0869703728e+03 7.7540477968e+02 5.5032254798e+02 3.8840101409e+02 2.7264447659e+02 1.9037397543e+02 1.3218310541e+02 9.1302906833e+01 6.2717605457e+01 4.2843668872e+01 0.0000000000e+00
0.0000000000e+00 4.0844109807e+01 5.9789655478e+01 8.7039213717e+01 1.2600858646e+02 1.8147870814e+02 2.5990146668e+02 3.7024261007e+02 5.2458691629e+02 7.3913331573e+02 1.0361107732e+03 1.4443503763e+03 2.0026400696e+03 2.7620796694e+03 3.7885251333e+03 5.1694491000e+03 7.0155532986e+03 9.4695386939e+03 1.2715672646e+04 1.6981617404e+04 2.2559936819e+04 2.9812051124e+04 3.9182777117e+04 5.1236160213e+04 6.6637515441e+04 8.6213494158e+04 1.1096146622e+05 1.4205371902e+05 1.8092667990e+05 2.2922885834e+05 2.8890888766e+05 3.6227245716e+05 4.5188990523e+05 5.6080039444e+05 6.9239498622e+05 8.5045397039e+05 1.0393775714e+06 1.2637628331e+06 1.5288414610e+06 1.8402800514e+06 2.2039866722e+06 2.6265638050e+06 3.1146060043e+06 3.6750882525e+06 4.3153672102e+06 5.0423816660e+06 5.8635013617e+06 6.7856085621e+06 7.8151187349e+06 8.9585968813e+06 1.0220989536e+07 1.1607066879e+07 1.3120511082e+07 1.4763403383e+07 1.6537270732e+07 1.8441439386e+07 2.0474023591e+07 2.2631824831e+07 2.4909261287e+07 2.7299789649e+07 2.9794820907e+07 3.2384161526e+07 3.5056652186e+07 3.7799124244e+07 4.0597753060e+07 4.3437667878e+07 4.6303231339e+07 4.9178495355e+07 5.2047264387e+07 5.4893518045e+07 5.7701476301e+07 6.0456242364e+07 6.3143515585e+07 6.5750258116e+07 6.8264841634e+07 7.0676487591e+07 7.2976802512e+07 7.5158421188e+07 7.7215700034e+07 7.9145079544e+07 8.0943868294e+07 8.2611676367e+07 8.4149223903e+07 8.5558235574e+07 8.6842333638e+07 8.8005410062e+07 8.9052594526e+07 8.9989737727e+07 9.0822538760e+07 9.1557853953e+07 9.2202064211e+07 9.2761606244e+07 9.3242999808e+07 9.3652006344e+07 9.3994364091e+07 9.4275088408e+07 9.4498430519e+07 9.4668270791e+07 9.4787407046e+07 9.4858004590e+07 9.4881431227e+07 9.4857920721e+07 9.4787236943e+07 9.4668010365e+07 9.4498078322e+07 9.4274634496e+07 9.3993805642e+07 9.3651329144e+07 9.3242205832e+07 9.2760674119e+07 9.2200987378e+07 9.1556622430e+07 9.0821140131e+07 8.9988162330e+07 8.9050829065e+07 8.8003445401e+07 8.6840161560e+07 8.5555847649e+07 8.4146615794e+07 8.2608838163e+07 8.0940803134e+07 7.9141787816e+07 7.7212181067e+07 7.5154684259e+07 7.2972851252e+07 7.0672336110e+07 6.8260505167e+07 6.5745748126e+07 6.3138855913e+07 6.0451456569e+07 5.7696584981e+07 5.4888549169e+07 5.2042242467e+07 4.9173446612e+07 4.6298185506e+07 4.3432653099e+07 4.0592795417e+07 3.7794251776e+07 3.5051889317e+07 3.2379532996e+07 2.9790345515e+07 2.7295486440e+07 2.4905149413e+07 2.2627915110e+07 2.0470327416e+07 1.8437963774e+07 1.6534020992e+07 1.4760382574e+07 1.3117717458e+07 1.1604497954e+07 1.0218640937e+07 8.9564612587e+06 7.8131868570e+06 6.7838715147e+06 5.8619478587e+06 5.0409999959e+06 4.3141452006e+06 3.6740134404e+06 3.1136660245e+06 2.6257461933e+06 2.2032795076e+06 1.8396717139e+06 1.5283211313e+06 1.2633202114e+06 1.0390031727e+06 8.5013895425e+05 6.9213146117e+05 5.6058117911e+05 4.5170853162e+05 3.6212325343e+05 2.8878681338e+05 2.2912953064e+05 1.8084632382e+05 1.4198906199e+05 1.1090973155e+05 8.6172333859e+04 6.6604946933e+04 5.1210531398e+04 3.9162726607e+04 2.9796446884e+04 2.2547862424e+04 1.6972326349e+04 1.2708562233e+04 9.4641285202e+03 7.0114587592e+03 5.1663679370e+03 3.7862195998e+03 2.7603638086e+03 2.0013702741e+03 1.4434159145e+03 1.0354269221e+03 7.3863569672e+02 5.2422672853e+02 3.6998341796e+02 2.5971598662e+02 1.8134669224e+02 1.2591517124e+02 8.6973463253e+01 5.9743641093e+01 4.0812101187e+01 0.0000000000e+00
0.0000000000e+00 3.8565797051e+01 5.6454519767e+01 8.2184037064e+01 1.1897959014e+02 1.7135541816e+02 2.4540348134e+02 3.4958938581e+02 4.9532371728e+02 6.9790179477e+02 9.7831246603e+02 1.3637783857e+03 1.8909236474e+03 2.6079976698e+03 3.5771818722e+03 4.8810695827e+03 6.6241863442e+03 8.9412721496e+03 1.2006314475e+04 1.6034275366e+04 2.1301395452e+04 2.8148932359e+04 3.6996889128e+04 4.8377836654e+04 6.2919983028e+04 8.1403854332e+04 1.0477117533e+05 1.3412883851e+05 1.7083312689e+05 2.1644058512e+05 2.7279112395e+05 3.4206180545e+05 4.2667955220e+05 5.2951402478e+05 6.5376699629e+05 8.0300796948e+05 9.8139154289e+05 1.1932584505e+06 1.4435483531e+06 1.7376116730e+06 2.0810271993e+06 2.4800286895e+06 2.9408429133e+06 3.4700557050e+06 4.0746132749e+06 4.7610673675e+06 5.5363762550e+06 6.4070388167e+06 7.3791121077e+06 8.4587951008e+06 9.6507580717e+06 1.0959505305e+07 1.2388513004e+07 1.3939747103e+07 1.5614649001e+07 1.7412583628e+07 1.9331768172e+07 2.1369184243e+07 2.3519561679e+07 2.5776719874e+07 2.8132550739e+07 3.0577431594e+07 3.3100822392e+07 3.5690289810e+07 3.8332781426e+07 4.1014255764e+07 4.3719947298e+07 4.6434799803e+07 4.9143518604e+07 5.1830979122e+07 5.4482278190e+07 5.7083355738e+07 5.9620703967e+07 6.2082012874e+07 6.4456308307e+07 6.6733405153e+07 6.8905388751e+07 7.0965296172e+07 7.2907799309e+07 7.4729536976e+07 7.6427972756e+07 7.8002733450e+07 7.9454503400e+07 8.0784906019e+07 8.1997364438e+07 8.3095550933e+07 8.4084315254e+07 8.4969174486e+07 8.5755514185e+07 8.6449810197e+07 8.7058078108e+07 8.7586402467e+07 8.8040941596e+07 8.8427126850e+07 8.8750386315e+07 8.9015450443e+07 8.9226331901e+07 8.9386700218e+07 8.9499185687e+07 8.9565848478e+07 8.9587966246e+07 8.9565767324e+07 8.9499026553e+07 8.9386457039e+07 8.9226002312e+07 8.9015022665e+07 8.8749861335e+07 8.8426496064e+07 8.8040193328e+07 8.7585527655e+07 8.7057066381e+07 8.6448652914e+07 8.5754203800e+07 8.4967693998e+07 8.4082657574e+07 8.3093705905e+07 8.1995323208e+07 8.0782662274e+07 7.9452051815e+07 7.8000071309e+07 7.6425095439e+07 7.4726446246e+07 7.2904496823e+07 7.0961785634e+07 6.8901680883e+07 6.6729511841e+07 6.4452238685e+07 6.2077783484e+07 5.9616334030e+07 5.7078864405e+07 5.4477688174e+07 5.1826312713e+07 4.9138804229e+07 4.6430061745e+07 4.3715212784e+07 4.1009549325e+07 3.8328128507e+07 3.5685717217e+07 3.3096353084e+07 3.0573086645e+07 2.8128351486e+07 2.5772682329e+07 2.3515701591e+07 2.1365514352e+07 1.9328299102e+07 1.7409321050e+07 1.5611598937e+07 1.3936911184e+07 1.2385890162e+07 1.0957093288e+07 9.6485524710e+06 8.4567894357e+06 7.3772980636e+06 6.4054073383e+06 5.5349170900e+06 4.7597693907e+06 4.0734653457e+06 3.4690459223e+06 2.9399596505e+06 2.4792603629e+06 2.0803625835e+06 1.7370399679e+06 1.4430591681e+06 1.1928422855e+06 9.8103947058e+05 8.0271169440e+05 6.5351915355e+05 5.2930778707e+05 4.2650893619e+05 3.4192139790e+05 2.7267624055e+05 2.1634709292e+05 1.7075747488e+05 1.3406795540e+05 1.0472245438e+05 8.1365082578e+04 6.2889297726e+04 4.8353688878e+04 3.6977989785e+04 2.8134222519e+04 2.1290011515e+04 1.6025512881e+04 1.1999608128e+04 8.9361681083e+03 6.6203224223e+03 4.8781614001e+03 3.5750053447e+03 2.6063772553e+03 1.8897244168e+03 1.3628955600e+03 9.7766622551e+02 6.9743145008e+02 4.9498320311e+02 3.4934428453e+02 2.4522803235e+02 1.7123050587e+02 1.1889118447e+02 8.2121792154e+01 5.6410950352e+01 3.8535476577e+01 0.0000000000e+00
0.0000000000e+00 3.6094772348e+01 5.2837285759e+01 7.6918188964e+01 1.1135605589e+02 1.6037586517e+02 2.2967922598e+02 3.2718927606e+02 4.6358541104e+02 6.5318285884e+02 9.1562547644e+02 1.2763915712e+03 1.7697583549e+03 2.4408832878e+03 3.3479633904e+03 4.5682990322e+03 6.1997179131e+03 8.3683255146e+03 1.1236960130e+04 1.5006808220e+04 1.9936409800e+04 2.6345151384e+04 3.4626122559e+04 4.5277766790e+04 5.8888031288e+04 7.6187424463e+04 9.8057327405e+04 1.2553368752e+05 1.5988588979e+05 2.0257071202e+05 2.5531016506e+05 3.2014181315e+05 3.9933701312e+05 4.9558152886e+05 6.1187199683e+05 7.5154906280e+05 9.1850129390e+05 1.1167909654e+06 1.3510414194e+06 1.6262600610e+06 1.9476681717e+06 2.3211000804e+06 2.7523834673e+06 3.2476821027e+06 3.8134971348e+06 4.4559602364e+06 5.1815841974e+06 5.9964507532e+06 6.9062288998e+06 7.9167210256e+06 9.0322974729e+06 1.0257174381e+07 1.1594604417e+07 1.3046428607e+07 1.4613994243e+07 1.6296708140e+07 1.8092902926e+07 1.9999750932e+07 2.2012321767e+07 2.4124829969e+07 2.6329689160e+07 2.8617887984e+07 3.0979568744e+07 3.3403089680e+07 3.5876237752e+07 3.8385870264e+07 4.0918169456e+07 4.3459040996e+07 4.5994170739e+07 4.8509405188e+07 5.0990798112e+07 5.3425185608e+07 5.5799929103e+07 5.8103508511e+07 6.0325645364e+07 6.2456818875e+07 6.4489609208e+07 6.6417507771e+07 6.8235529446e+07 6.9940522652e+07 7.1530111942e+07 7.3003957937e+07 7.4362690101e+07 7.5607836621e+07 7.6742598364e+07 7.7770409328e+07 7.8695807341e+07 7.9523962551e+07 8.0259910677e+07 8.0909711391e+07 8.1478997965e+07 8.1973469597e+07 8.2398878556e+07 8.2760318957e+07 8.3062860408e+07 8.3310939256e+07 8.3508308128e+07 8.3658398487e+07 8.3763675813e+07 8.3826066220e+07 8.3846765398e+07 8.3825991027e+07 8.3763525426e+07 8.3658167792e+07 8.3507998431e+07 8.3310539411e+07 8.3062368899e+07 8.2759726896e+07 8.2398181605e+07 8.1972652097e+07 8.1478058504e+07 8.0908634487e+07 8.0258687124e+07 7.9522579264e+07 7.8694261288e+07 7.7768687670e+07 7.6740693696e+07 7.5605744498e+07 7.4360404492e+07 7.3001472423e+07 7.1527432483e+07 6.9937637787e+07 6.8232450883e+07 6.6414236780e+07 6.4486154078e+07 6.2453185742e+07 6.0321852216e+07 5.8099564694e+07 5.5795854332e+07 5.3420999599e+07 5.0986519415e+07 4.8505059568e+07 4.5989778177e+07 4.3454624750e+07 4.0913756173e+07 3.8381485320e+07 3.5871903313e+07 3.3398829324e+07 3.0975402750e+07 2.8613841287e+07 2.6325774052e+07 2.4121067135e+07 2.2008724169e+07 1.9996329970e+07 1.8089668915e+07 1.6293667501e+07 1.4611151331e+07 1.3043783431e+07 1.1592158854e+07 1.0254925337e+07 9.0302406545e+06 7.9148505644e+06 6.9045373318e+06 5.9949289438e+06 5.1802228973e+06 4.4547494358e+06 3.8124260833e+06 3.2467400079e+06 2.7515592470e+06 2.3203829666e+06 1.9470477524e+06 1.6257262480e+06 1.3505846703e+06 1.1164023445e+06 9.1817246277e+05 7.5127239564e+05 6.1164047015e+05 4.9538884547e+05 3.9917758510e+05 3.2001058711e+05 2.5520278018e+05 2.0248331640e+05 1.5981515374e+05 1.2547675509e+05 9.8011760271e+04 7.6151156705e+04 5.8859323634e+04 4.5255166872e+04 3.4608432144e+04 2.6331380271e+04 1.9925749325e+04 1.4998602049e+04 1.1230677677e+04 8.3635428121e+03 6.1960969348e+03 4.5655728346e+03 3.3459223980e+03 2.4393636990e+03 1.7686333810e+03 1.2755632936e+03 9.1501901471e+02 6.5274133461e+02 4.6326567719e+02 3.2695906693e+02 2.2951439869e+02 1.6025849408e+02 1.1127295287e+02 7.6859665274e+01 5.2796309847e+01 3.6066248326e+01 0.0000000000e+00
0.0000000000e+00 3.3485088498e+01 4.9017076926e+01 7.1356858372e+01 1.0330475421e+02 1.4878023835e+02 2.1307266298e+02 3.0353226753e+02 4.3006625601e+02 6.0595473130e+02 8.4942121535e+02 1.1841015830e+03 1.6417946471e+03 2.2643923974e+03 3.1058837409e+03 4.2379798210e+03 5.7514336507e+03 7.7632328583e+03 1.0424440127e+04 1.3921693798e+04 1.8494838799e+04 2.4440167173e+04 3.2122342633e+04 4.2003764956e+04 5.4629866594e+04 7.0678330781e+04 9.0966801462e+04 1.1645631746e+05 1.4832446947e+05 1.8792268943e+05 2.3684846195e+05 2.9699199770e+05 3.7046043108e+05 4.5974529488e+05 5.6762651042e+05 6.9720317218e+05 8.5208261638e+05 1.0360334149e+06 1.2533444642e+06 1.5086612109e+06 1.8068273061e+06 2.1532549670e+06 2.5533508114e+06 3.0128325826e+06 3.5377313131e+06 4.1337354679e+06 4.8068866215e+06 5.5628268568e+06 6.4068152132e+06 7.3442345040e+06 8.3791387441e+06 9.5154392365e+06 1.0756154130e+07 1.2102990247e+07 1.3557198807e+07 1.5118228344e+07 1.6784531402e+07 1.8553486788e+07 2.0420518563e+07 2.2380261670e+07 2.4425676713e+07 2.6548407288e+07 2.8739301512e+07 3.0987567694e+07 3.3281870801e+07 3.5610019660e+07 3.7959196404e+07 4.0316325325e+07 4.2668127846e+07 4.5001475299e+07 4.7303426887e+07 4.9561772539e+07 5.1764787062e+07 5.3901783459e+07 5.5963230860e+07 5.7940285785e+07 5.9826076761e+07 6.1614561804e+07 6.3301112579e+07 6.4882812961e+07 6.6357452419e+07 6.7724718064e+07 6.8985193968e+07 7.0140300535e+07 7.1192999755e+07 7.2146486502e+07 7.3004965701e+07 7.3773235092e+07 7.4455964798e+07 7.5058778141e+07 7.5586894759e+07 7.6045608184e+07 7.6440255640e+07 7.6775559647e+07 7.7056223969e+07 7.7286361358e+07 7.7469458972e+07 7.7608693242e+07 7.7706360783e+07 7.7764236191e+07 7.7783442713e+07 7.7764169250e+07 7.7706222317e+07 7.7608483215e+07 7.7469171847e+07 7.7285994314e+07 7.7055768681e+07 7.6775010826e+07 7.6439609829e+07 7.6044852475e+07 7.5586022662e+07 7.5057775408e+07 7.4454828183e+07 7.3771954051e+07 7.3003535506e+07 7.2144891389e+07 7.1191238243e+07 7.0138363278e+07 6.8983080084e+07 6.7722416408e+07 6.6354967294e+07 6.4880144965e+07 6.3298262207e+07 6.1611532054e+07 5.9822878284e+07 5.7936924365e+07 5.5959715103e+07 5.3898134420e+07 5.1761016204e+07 4.9557898026e+07 4.7299467022e+07 4.4997451298e+07 4.2664062545e+07 4.0312237328e+07 3.7955110400e+07 3.5605960460e+07 3.3277857116e+07 3.0983622925e+07 2.8735445850e+07 2.6544659302e+07 2.4422052945e+07 2.2376778581e+07 2.0417188171e+07 1.8550319948e+07 1.6781537071e+07 1.5115411910e+07 1.3554565887e+07 1.2100541726e+07 1.0753889498e+07 9.5133566276e+06 8.3772341248e+06 7.3425020901e+06 6.4052484711e+06 5.5614171588e+06 4.8056255934e+06 4.1326136400e+06 3.5367388035e+06 3.0119594453e+06 2.5525868142e+06 2.1525903038e+06 1.8062521006e+06 1.5081663223e+06 1.2529209920e+06 1.0356730362e+06 8.5177766788e+05 6.9694655710e+05 5.6741172245e+05 4.5956652181e+05 3.7031247444e+05 2.9687019827e+05 2.3674876930e+05 1.8784154276e+05 1.4825878234e+05 1.1640344530e+05 9.0924470294e+04 7.0644631633e+04 5.4603185392e+04 4.1982760202e+04 3.2105898085e+04 2.4427362582e+04 1.8484924518e+04 1.3914060886e+04 1.0418595007e+04 7.7587822965e+03 5.7480634064e+03 4.2354417691e+03 3.1039835145e+03 2.2629770636e+03 1.6407465454e+03 1.1833297365e+03 8.4885591333e+02 6.0554310143e+02 4.2976808684e+02 3.0331751993e+02 2.1291888012e+02 1.4867069119e+02 1.0322717124e+02 7.1302207565e+01 4.8978804604e+01 3.3458438405e+01 0.0000000000e+00
0.0000000000e+00 3.0791327493e+01 4.5073792302e+01 6.5616361190e+01 9.4994066447e+01 1.3681105385e+02 1.9593112800e+02 2.7911317208e+02 3.9546734060e+02 5.5720527291e+02 7.8108433286e+02 1.0888387897e+03 1.5097090050e+03 2.0822166627e+03 2.8560068667e+03 3.8970207391e+03 5.2887104254e+03 7.1386503515e+03 9.5857491351e+03 1.2801628699e+04 1.7006837055e+04 2.2473826773e+04 2.9537919425e+04 3.8624314872e+04 5.0234553957e+04 6.4991800460e+04 8.3647907974e+04 1.0708659080e+05 1.3639068560e+05 1.7280289472e+05 2.1779217704e+05 2.7309662435e+05 3.4065385384e+05 4.2275491714e+05 5.2195606613e+05 6.4110705173e+05 7.8352489971e+05 9.5267498557e+05 1.1525011322e+06 1.3872750659e+06 1.6614503984e+06 1.9800044007e+06 2.3479081687e+06 2.7704196147e+06 3.2530843926e+06 3.8011334254e+06 4.4201220244e+06 5.1152381757e+06 5.8913183375e+06 6.7533112328e+06 7.7049450507e+06 8.7498167815e+06 9.8907016356e+06 1.1129168932e+07 1.2466368566e+07 1.3901794210e+07 1.5434023719e+07 1.7060644891e+07 1.8777451835e+07 2.0579509397e+07 2.2460345573e+07 2.4412275779e+07 2.6426886984e+07 2.8494252814e+07 3.0603950291e+07 3.2744771333e+07 3.4904927592e+07 3.7072395046e+07 3.9234967370e+07 4.1380568375e+07 4.3497299233e+07 4.5573933741e+07 4.7599687064e+07 4.9564736738e+07 5.1460314480e+07 5.3278295416e+07 5.5012348183e+07 5.6656929080e+07 5.8207775896e+07 5.9662207259e+07 6.1018198648e+07 6.2275447470e+07 6.3434508949e+07 6.4496669678e+07 6.5464667017e+07 6.6341435981e+07 6.7130842980e+07 6.7837291272e+07 6.8465091023e+07 6.9019400533e+07 6.9505028168e+07 6.9926830265e+07 7.0289726288e+07 7.0598046211e+07 7.0856127600e+07 7.1067748857e+07 7.1236114810e+07 7.1364146193e+07 7.1453956464e+07 7.1507175761e+07 7.1524837359e+07 7.1507112489e+07 7.1453829919e+07 7.1363950555e+07 7.1235850293e+07 7.1067408722e+07 7.0855712201e+07 7.0597543698e+07 7.0289126115e+07 6.9926133350e+07 6.9504222588e+07 6.9018477155e+07 6.8464045190e+07 6.7836117978e+07 6.7129523072e+07 6.6339969495e+07 6.5463048804e+07 6.4494887463e+07 6.3432562099e+07 6.2273333798e+07 6.1015913956e+07 5.9659756132e+07 5.8205156501e+07 5.6654144908e+07 5.5009406253e+07 5.3275201935e+07 5.1457087576e+07 4.9561381402e+07 4.7596220948e+07 4.5570370688e+07 4.3493659682e+07 4.1376868761e+07 3.9231230159e+07 3.7068637291e+07 3.4901171582e+07 3.2741038248e+07 3.0600260834e+07 2.8490626560e+07 2.6423342853e+07 2.4408830745e+07 2.2457014247e+07 2.0576306221e+07 1.8774388765e+07 1.7057732975e+07 1.5431270672e+07 1.3899205376e+07 1.2463947128e+07 1.1126916966e+07 9.8886190267e+06 8.7479013919e+06 7.7031927891e+06 6.7517171659e+06 5.8898764212e+06 5.1139411952e+06 4.4189615836e+06 3.8001009956e+06 3.2521710090e+06 2.7696159795e+06 2.3472049774e+06 1.9793925164e+06 1.6609209224e+06 1.3868193550e+06 1.1521111232e+06 9.5234304801e+05 7.8324396720e+05 6.4087058545e+05 5.2175812435e+05 4.2259015028e+05 3.4051747894e+05 2.7298434837e+05 2.1770025321e+05 1.7272806981e+05 1.3633010668e+05 1.0703781460e+05 8.3608853758e+04 6.4960704466e+04 5.0209932994e+04 3.8604923727e+04 2.9522735744e+04 2.2462002042e+04 1.6997680110e+04 1.2794577665e+04 9.5803479809e+03 7.1345370236e+03 5.2855947469e+03 3.8946741609e+03 2.8542491693e+03 2.0809072833e+03 1.5087392263e+03 1.0881244200e+03 7.8056098541e+02 5.5682409359e+02 3.9519118173e+02 2.7891424146e+02 1.9578862421e+02 1.3670951441e+02 9.4922141784e+01 6.5565682051e+01 4.5038288285e+01 3.0766598117e+01 0.0000000000e+00
0.0000000000e+00 2.8065487825e+01 4.1083553993e+01 5.9807515709e+01 8.6584433915e+01 1.2469937150e+02 1.7858552067e+02 2.5440337503e+02 3.6045654723e+02 5.0787551237e+02 7.1193400932e+02 9.9244208484e+02 1.3760512833e+03 1.8978726486e+03 2.6031559182e+03 3.5520039778e+03 4.8204804987e+03 6.5066353999e+03 8.7370784017e+03 1.1668236820e+04 1.5501130347e+04 2.0484089327e+04 2.6922747165e+04 3.5204654816e+04 4.5786949707e+04 5.9237615388e+04 7.6241939684e+04 9.7605394059e+04 1.2431493492e+05 1.5750322987e+05 1.9850916838e+05 2.4891698548e+05 3.1049269823e+05 3.8532450249e+05 4.7574234612e+05 5.8434359277e+05 7.1415164974e+05 8.6832504037e+05 1.0504583368e+06 1.2644449655e+06 1.5143444643e+06 1.8046930575e+06 2.1400218997e+06 2.5251232769e+06 2.9650518981e+06 3.4645753373e+06 4.0287568740e+06 4.6623259554e+06 5.3696896102e+06 6.1553590826e+06 7.0227330308e+06 7.9750884454e+06 9.0149553338e+06 1.0143764243e+07 1.1362564621e+07 1.2670892901e+07 1.4067452366e+07 1.5550047805e+07 1.7114841189e+07 1.8757338659e+07 2.0471638476e+07 2.2250737806e+07 2.4086967487e+07 2.5971280657e+07 2.7894176850e+07 2.9845441319e+07 3.1814328394e+07 3.3789881911e+07 3.5760972252e+07 3.7716591036e+07 3.9645899815e+07 4.1538661223e+07 4.3385047011e+07 4.5176103301e+07 4.6903840148e+07 4.8560848881e+07 5.0141364508e+07 5.1640328207e+07 5.3053858989e+07 5.4379508188e+07 5.5615433588e+07 5.6761364090e+07 5.7817793941e+07 5.8785910060e+07 5.9668197144e+07 6.0467333128e+07 6.1186842880e+07 6.1830742120e+07 6.2402953408e+07 6.2908180250e+07 6.3350810923e+07 6.3735266615e+07 6.4066029416e+07 6.4347052984e+07 6.4582284841e+07 6.4775164879e+07 6.4928625261e+07 6.5045322483e+07 6.5127175182e+07 6.5175683383e+07 6.5191780800e+07 6.5175626071e+07 6.5127059182e+07 6.5045143423e+07 6.4928382716e+07 6.4774858603e+07 6.4581899244e+07 6.4346590818e+07 6.4065481864e+07 6.3734629762e+07 6.3350075282e+07 6.2907341200e+07 6.2401999204e+07 6.1829666486e+07 6.1185639853e+07 6.0465995692e+07 5.9666717573e+07 5.8784279926e+07 5.7816018181e+07 5.6759432900e+07 5.5613348342e+07 5.4377268534e+07 5.3051463517e+07 5.1637782877e+07 5.0138678173e+07 4.8558024767e+07 4.6900891781e+07 4.5173039622e+07 4.3381881475e+07 4.1535407621e+07 3.9642577085e+07 3.7713215350e+07 3.5757559198e+07 3.3786450764e+07 3.1810901586e+07 2.9842034226e+07 2.7890808500e+07 2.5967970148e+07 2.4083731299e+07 2.2247592400e+07 2.0468597397e+07 1.8754414249e+07 1.7112044929e+07 1.5547388636e+07 1.4064938338e+07 1.2668528078e+07 1.1360352998e+07 1.0141707897e+07 9.0130529496e+06 7.9733385071e+06 7.0211321306e+06 6.1539028339e+06 5.3683721186e+06 4.6611406212e+06 4.0276965134e+06 3.4636318361e+06 2.9642170090e+06 2.5243887072e+06 2.1393790030e+06 1.8041335642e+06 1.5138602754e+06 1.2640282175e+06 1.0501015941e+06 8.6802140068e+05 7.1389463458e+05 5.8412727529e+05 4.7556121774e+05 3.8517370656e+05 3.1036784830e+05 2.4881418970e+05 1.9842501709e+05 1.5743470344e+05 1.2425943970e+05 9.7560705964e+04 7.6206155979e+04 5.9209116660e+04 4.5764379616e+04 3.5186878691e+04 2.6908825693e+04 2.0473244542e+04 1.5492730317e+04 1.1661766376e+04 8.7321213949e+03 6.5028593620e+03 4.8176199370e+03 3.5498492867e+03 2.6015416269e+03 1.8966697134e+03 1.3751601118e+03 9.9178547394e+02 7.1145290381e+02 5.0752499699e+02 3.6020253507e+02 2.5422035060e+02 1.7845437485e+02 1.2460590072e+02 8.6518205259e+01 5.9760837871e+01 4.1050844298e+01 2.8042701583e+01 0.0000000000e+00
0.0000000000e+00 2.5356260004e+01 3.7117634002e+01 5.4034077586e+01 7.8226067316e+01 1.1266152780e+02 1.6134567620e+02 2.2984427696e+02 3.2565928251e+02 4.5884664420e+02 6.4320550112e+02 8.9663347712e+02 1.2432089980e+03 1.7146534332e+03 2.3518480123e+03 3.2090929158e+03 4.3551080824e+03 5.8784775360e+03 7.8935875061e+03 1.0541762674e+04 1.4004614840e+04 1.8506499601e+04 2.4323542840e+04 3.1805875579e+04 4.1366502443e+04 5.3518567716e+04 6.8881201044e+04 8.8182094821e+04 1.1231292961e+05 1.4229700655e+05 1.7934395563e+05 2.2488502939e+05 2.8051576468e+05 3.4812273995e+05 4.2981091845e+05 5.2792692993e+05 6.4520222571e+05 7.8449035171e+05 9.4903888923e+05 1.1423653149e+06 1.3681371839e+06 1.6304527515e+06 1.9334057673e+06 2.2813256919e+06 2.6787791705e+06 3.1300734977e+06 3.6397833026e+06 4.2121808812e+06 4.8512483016e+06 5.5610608903e+06 6.3446889360e+06 7.2050937103e+06 8.1445606043e+06 9.1643820192e+06 1.0265505231e+07 1.1447512362e+07 1.2709233097e+07 1.4048680684e+07 1.5462391533e+07 1.6946303341e+07 1.8495084657e+07 2.0102409269e+07 2.1761347037e+07 2.3463726413e+07 2.5200963872e+07 2.6963830006e+07 2.8742617596e+07 3.0527426484e+07 3.2308204488e+07 3.4075006236e+07 3.5818036411e+07 3.7528046805e+07 3.9196161362e+07 4.0814287578e+07 4.2375209241e+07 4.3872229850e+07 4.5300143567e+07 4.6654377861e+07 4.7931430143e+07 4.9129087733e+07 5.0245681693e+07 5.1280970742e+07 5.2235402361e+07 5.3110045654e+07 5.3907146826e+07 5.4629125541e+07 5.5279166352e+07 5.5860896177e+07 5.6377856809e+07 5.6834305355e+07 5.7234199352e+07 5.7581536511e+07 5.7880362611e+07 5.8134253295e+07 5.8346772429e+07 5.8521031198e+07 5.8659674287e+07 5.8765100588e+07 5.8839054682e+07 5.8882879510e+07 5.8897420081e+07 5.8882825866e+07 5.8838946865e+07 5.8764940008e+07 5.8659452233e+07 5.8520750316e+07 5.8346423301e+07 5.8133834687e+07 5.7879864965e+07 5.7580955454e+07 5.7233532238e+07 5.6833542416e+07 5.6376990249e+07 5.5859920954e+07 5.5278073718e+07 5.4627908618e+07 5.3905802512e+07 5.3108567776e+07 5.2233790461e+07 5.1279218824e+07 5.0243790268e+07 4.9127055444e+07 4.7929258171e+07 4.6652072078e+07 4.5297707306e+07 4.3869669601e+07 4.2372534368e+07 4.0811510001e+07 3.9193291857e+07 3.7525097804e+07 3.5815021333e+07 3.4071943016e+07 3.2305110549e+07 3.0524316603e+07 2.8739509672e+07 2.6960740810e+07 2.5197909398e+07 2.3460724190e+07 2.1758412999e+07 2.0099555811e+07 1.8492326443e+07 1.6943651032e+07 1.5459856158e+07 1.4046269218e+07 1.2706952144e+07 1.1445367626e+07 1.0263498931e+07 9.1625160150e+06 8.1428344374e+06 7.2035062784e+06 6.3432363685e+06 5.5597395587e+06 4.8500528849e+06 4.2111052446e+06 3.6388208554e+06 3.1292170857e+06 2.6780213420e+06 2.2806587395e+06 1.9328219583e+06 1.6299448006e+06 1.3676974351e+06 1.1419868206e+06 9.4871484090e+05 7.8421450289e+05 6.4496867188e+05 5.2773030633e+05 4.2964629321e+05 3.4798567206e+05 2.8040226476e+05 2.2479156887e+05 1.7926741674e+05 1.4223467342e+05 1.1226244568e+05 8.8141436692e+04 6.8848633707e+04 5.3492630055e+04 4.1345955446e+04 3.1789689417e+04 2.4310862646e+04 1.8496621192e+04 1.3996962183e+04 1.0535866721e+04 7.8890699797e+03 5.8750356708e+03 4.3525001039e+03 3.2071277073e+03 2.3503753706e+03 1.7135559907e+03 1.2423957405e+03 8.9603410190e+02 6.4276624444e+02 4.5852652690e+02 3.2542725251e+02 2.2967705175e+02 1.6122582142e+02 1.1257608270e+02 7.8165510718e+01 5.3991385442e+01 3.7087710101e+01 2.5335407361e+01 0.0000000000e+00
0.0000000000e+00 2.2707183197e+01 3.3239768654e+01 4.8388829628e+01 7.0053289474e+01 1.0089098746e+02 1.4448866013e+02 2.0583054081e+02 2.9163475927e+02 4.1090658732e+02 5.7600336264e+02 8.0295261088e+02 1.1133170305e+03 1.5355035185e+03 2.1061216665e+03 2.8737980992e+03 3.9000723639e+03 5.2642723234e+03 7.0688326100e+03 9.4403104053e+03 1.2541342368e+04 1.6572838103e+04 2.1782074672e+04 2.8482595526e+04 3.7044253624e+04 4.7926569024e+04 6.1683981387e+04 7.8968142619e+04 1.0057755658e+05 1.2742860989e+05 1.6060451814e+05 2.0138699465e+05 2.5120483813e+05 3.1174749193e+05 3.8489996975e+05 4.7276367314e+05 5.7778467842e+05 7.0251832657e+05 8.4987279258e+05 1.0229981414e+06 1.2251785116e+06 1.4600839955e+06 1.7313804206e+06 2.0429451003e+06 2.3988673535e+06 2.8030042544e+06 3.2594525313e+06 3.7720378489e+06 4.3443263659e+06 4.9799678400e+06 5.6817112049e+06 6.4522081652e+06 7.2935058575e+06 8.2067609703e+06 9.1928225976e+06 1.0251316295e+07 1.1381192989e+07 1.2580675006e+07 1.3846659996e+07 1.5175509907e+07 1.6562450620e+07 1.8001817073e+07 1.9487403494e+07 2.1011891242e+07 2.2567595448e+07 2.4146249628e+07 2.5739162284e+07 2.7337466994e+07 2.8932159444e+07 3.0514338366e+07 3.2075229271e+07 3.3606552613e+07 3.5100355523e+07 3.6549393063e+07 3.7947204307e+07 3.9287793039e+07 4.0566496564e+07 4.1779220035e+07 4.2922825280e+07 4.3995333416e+07 4.4995249508e+07 4.5922353487e+07 4.6777051111e+07 4.7560298588e+07 4.8274106650e+07 4.8920640777e+07 4.9502756039e+07 5.0023701799e+07 5.0486642841e+07 5.0895393170e+07 5.1253500180e+07 5.1564540610e+07 5.1832143008e+07 5.2059501722e+07 5.2249814314e+07 5.2405864780e+07 5.2530018966e+07 5.2624432267e+07 5.2690654404e+07 5.2729899936e+07 5.2742919425e+07 5.2729854545e+07 5.2690562246e+07 5.2624284172e+07 5.2529819519e+07 5.2405608021e+07 5.2249500244e+07 5.2059122544e+07 5.1831696432e+07 5.1564018841e+07 5.1252896339e+07 5.0894704507e+07 5.0485859727e+07 5.0022819650e+07 4.9501771187e+07 4.8919547261e+07 4.8272895530e+07 4.7558966882e+07 4.6775598592e+07 4.5920774651e+07 4.4993543210e+07 4.3993501720e+07 4.2920869789e+07 4.1777143501e+07 4.0564302196e+07 3.9285487715e+07 3.7944796279e+07 3.6546891960e+07 3.5097769598e+07 3.3603895163e+07 3.2072514509e+07 3.0511581422e+07 2.8929372927e+07 2.7334665576e+07 2.5736363617e+07 2.4143467696e+07 2.2564845382e+07 2.1009187140e+07 1.9484759914e+07 1.7999246623e+07 1.6559966138e+07 1.5173120678e+07 1.3844375304e+07 1.2578503448e+07 1.1379138348e+07 1.0249384187e+07 9.1910154882e+06 8.2050798904e+06 7.2919506350e+06 6.4507779979e+06 5.6804022814e+06 4.9787769796e+06 4.3432490122e+06 3.7710684712e+06 3.2585849974e+06 2.8022321883e+06 2.3981839778e+06 2.0423437241e+06 1.7308539799e+06 1.4596257348e+06 1.2247818543e+06 1.0226566470e+06 8.4958051501e+05 7.0226943071e+05 5.7757393812e+05 4.7258625627e+05 3.8475137372e+05 3.1162374966e+05 2.5110235688e+05 2.0130258464e+05 1.6053538539e+05 1.2737229983e+05 1.0053194240e+05 7.8931401518e+04 6.1654546239e+04 4.7903121651e+04 3.7025675990e+04 2.8467960564e+04 2.1770607772e+04 1.6563902786e+04 1.2534417564e+04 9.4349748940e+03 7.0647435253e+03 5.2611562573e+03 3.8977107861e+03 2.8720182057e+03 2.1047875650e+03 1.5345090780e+03 1.1125800327e+03 8.0240932130e+02 5.7560507785e+02 4.1061627693e+02 2.9142427095e+02 2.0567880054e+02 1.4437988469e+02 1.0081342690e+02 6.9998307526e+01 4.8350055471e+01 3.3212585074e+01 2.2688233813e+01 0.0000000000e+00
0.0000000000e+00 2.0156455314e+01 2.9505876150e+01 4.2953175777e+01 6.2183958389e+01 8.9557471777e+01 1.2825753262e+02 1.8270843484e+02 2.5887359719e+02 3.6474660057e+02 5.1129656428e+02 7.1275042556e+02 9.8824841646e+02 1.3630060789e+03 1.8695202931e+03 2.5509544955e+03 3.4619345404e+03 4.6728763155e+03 6.2747059310e+03 8.3797628066e+03 1.1132410768e+04 1.4710989961e+04 1.9334993195e+04 2.5282740651e+04 3.2882529753e+04 4.2542255849e+04 5.4754064126e+04 7.0096397087e+04 8.9278048383e+04 1.1311243658e+05 1.4256108763e+05 1.7876170335e+05 2.2298257451e+05 2.7672329905e+05 3.4165713442e+05 4.1964938273e+05 5.1287123751e+05 6.2359101593e+05 7.5439013507e+05 9.0806466681e+05 1.0875298377e+06 1.2960433322e+06 1.5368592213e+06 1.8134190221e+06 2.1293526604e+06 2.4880839076e+06 2.8932491184e+06 3.3482443492e+06 3.8562345676e+06 4.4204597045e+06 5.0433600925e+06 5.7272892198e+06 6.4740641393e+06 7.2847124093e+06 8.1599863219e+06 9.0995538151e+06 1.0102484767e+07 1.1167200190e+07 1.2290946463e+07 1.3470494663e+07 1.4701606916e+07 1.5979254012e+07 1.7297928548e+07 1.8651133493e+07 2.0032046976e+07 2.1433333201e+07 2.2847273319e+07 2.4266001304e+07 2.5681523292e+07 2.7085937310e+07 2.8471454674e+07 2.9830725916e+07 3.1156692872e+07 3.2442925953e+07 3.3683685981e+07 3.4873653585e+07 3.6008689745e+07 3.7085158167e+07 3.8100273030e+07 3.9052280454e+07 3.9939850208e+07 4.0762790791e+07 4.1521459873e+07 4.2216705314e+07 4.2850315635e+07 4.3424209451e+07 4.3940920529e+07 4.4403333110e+07 4.4814261387e+07 4.5177088855e+07 4.5494960274e+07 4.5771055115e+07 4.6008590846e+07 4.6210405069e+07 4.6379334564e+07 4.6517853433e+07 4.6628058596e+07 4.6711863204e+07 4.6770646628e+07 4.6805482704e+07 4.6817040909e+07 4.6805439147e+07 4.6770560924e+07 4.6711731562e+07 4.6627880241e+07 4.6517626477e+07 4.6379054317e+07 4.6210067157e+07 4.6008189749e+07 4.5770587218e+07 4.5494420446e+07 4.5176472141e+07 4.4813563096e+07 4.4402545871e+07 4.3940037674e+07 4.3423228267e+07 4.2849231060e+07 4.2215514438e+07 4.1520158746e+07 4.0761378284e+07 3.9938323288e+07 3.9050641326e+07 3.8098522946e+07 3.7083297867e+07 3.6006725578e+07 3.4871590576e+07 3.3681532878e+07 3.2440687587e+07 3.1154380441e+07 2.9828349066e+07 2.8469026472e+07 2.7083469996e+07 2.5679031483e+07 2.4263496022e+07 2.2844770268e+07 2.1430843791e+07 2.0029586936e+07 1.8648714902e+07 1.7295564298e+07 1.5976955794e+07 1.4699384466e+07 1.3468357167e+07 1.2288902928e+07 1.1165256792e+07 1.0100646744e+07 9.0978249941e+06 8.1583692596e+06 7.2832078155e+06 6.4726726974e+06 5.7260091530e+06 5.0421886940e+06 4.4193939278e+06 3.8552702621e+06 3.3473764428e+06 2.8924724816e+06 2.4873926692e+06 2.1287407530e+06 1.8128805084e+06 1.5363877782e+06 1.2956328985e+06 1.0871744997e+06 9.0775874676e+05 7.5412818995e+05 6.2336795600e+05 5.1268236510e+05 4.1949031291e+05 3.4152392161e+05 2.7661235917e+05 2.2289067093e+05 1.7868600864e+05 1.4249908769e+05 1.1306191994e+05 8.9237124186e+04 7.0063426154e+04 5.4727644134e+04 4.2521206526e+04 3.2865850067e+04 2.5269596906e+04 1.9324694029e+04 1.4702962700e+04 1.1126189670e+04 8.3749678555e+03 6.2710306026e+03 4.6700749107e+03 3.4598109250e+03 2.5493536195e+03 1.8683202402e+03 1.3621114034e+03 9.8758512480e+02 7.1226136117e+02 5.1093796813e+02 3.6448515261e+02 2.5868400665e+02 1.8257172886e+02 1.2815950314e+02 8.9487556005e+01 6.2134380563e+01 4.2918208661e+01 2.9481353965e+01 2.0139357174e+01 0.0000000000e+00
0.0000000000e+00 0.0000000000e+00 2.5961122024e+01 3.7792864855e+01 5.4713247621e+01 7.8798074199e+01 1.1284863162e+02 1.6075765246e+02 2.2777207330e+02 3.2092505030e+02 4.4986780935e+02 6.2711792116e+02 8.6951598273e+02 1.1992477583e+03 1.6449056028e+03 2.2444670702e+03 3.0459945760e+03 4.1114430817e+03 5.5208139672e+03 7.3729485001e+03 9.7948645499e+03 1.2943474701e+04 1.7011897552e+04 2.2245012446e+04 2.8931669607e+04 3.7430754105e+04 4.8175274316e+04 6.1674175111e+04 7.8551073821e+04 9.9521662094e+04 1.2543192095e+05 1.5728285419e+05 1.9619033668e+05 2.4347381992e+05 3.0060545970e+05 3.6922645271e+05 4.5124707342e+05 5.4866310198e+05 6.6374578255e+05 7.9895515963e+05 9.5685620837e+05 1.1403151498e+06 1.3521950088e+06 1.5955237530e+06 1.8734953047e+06 2.1891217168e+06 2.5456026451e+06 2.9459259579e+06 3.3928764609e+06 3.8893044025e+06 4.4373570203e+06 5.0391053007e+06 5.6961477921e+06 6.4093879883e+06 7.1794885698e+06 8.0061573579e+06 8.8885750430e+06 9.8253538067e+06 1.0814069722e+07 1.1851881634e+07 1.2935062259e+07 1.4059185963e+07 1.5219406621e+07 1.6410008304e+07 1.7624989957e+07 1.8857894547e+07 2.0101934264e+07 2.1350185940e+07 2.2595616446e+07 2.3831273500e+07 2.5050304174e+07 2.6246243830e+07 2.7412881370e+07 2.8544556633e+07 2.9636226970e+07 3.0683204236e+07 3.1681852524e+07 3.2628971044e+07 3.3522108359e+07 3.4359721743e+07 3.5140638322e+07 3.5864694331e+07 3.6532200958e+07 3.7143904361e+07 3.7701378752e+07 3.8206311592e+07 3.8660934357e+07 3.9067784136e+07 3.9429334739e+07 3.9748563415e+07 4.0028240139e+07 4.0271158626e+07 4.0480152387e+07 4.0657715807e+07 4.0806346885e+07 4.0928220327e+07 4.1025183365e+07 4.1098917926e+07 4.1150638798e+07 4.1181287489e+07 4.1191457082e+07 4.1181249892e+07 4.1150561841e+07 4.1098802261e+07 4.1025025642e+07 4.0928017900e+07 4.0806097674e+07 4.0657414839e+07 4.0479795959e+07 4.0270742857e+07 4.0027760780e+07 3.9748015511e+07 3.9428713210e+07 3.9067082864e+07 3.8660150097e+07 3.8205441364e+07 3.7700414303e+07 3.7142845003e+07 3.6531044345e+07 3.5863438507e+07 3.5139282775e+07 3.4358263493e+07 3.3520552677e+07 3.2627318161e+07 3.1680107713e+07 3.0681372574e+07 2.9634310910e+07 2.8542568818e+07 2.7410826844e+07 2.6244132097e+07 2.5048147103e+07 2.3829081971e+07 2.2593401790e+07 2.1347959927e+07 2.0099710067e+07 1.8855683717e+07 1.7622804018e+07 1.6407860245e+07 1.5217306245e+07 1.4057144390e+07 1.2933087644e+07 1.1849983169e+07 1.0812254245e+07 9.8236270137e+06 8.8869422198e+06 8.0046208721e+06 7.1780518644e+06 6.4080513544e+06 5.6949109497e+06 5.0379675686e+06 4.4363160510e+06 3.8883569952e+06 3.3920191572e+06 2.9451543480e+06 2.5449120867e+06 2.1885070794e+06 1.8729510972e+06 1.5950448274e+06 1.3517756911e+06 1.1399500572e+06 9.5654011044e+05 7.9868296281e+05 6.6351271393e+05 5.4846460857e+05 4.5107898768e+05 3.6908486309e+05 3.0048686891e+05 2.4337503227e+05 1.9610850571e+05 1.5721543777e+05 1.2537668756e+05 9.9476656784e+04 7.8514610395e+04 6.1644794348e+04 4.8151731072e+04 3.7411990104e+04 2.8916798542e+04 2.2233291619e+04 1.7002710934e+04 1.2936313537e+04 9.7893140406e+03 7.3686693150e+03 5.5175334604e+03 4.1089420940e+03 3.0440983190e+03 2.2430374180e+03 1.6438337251e+03 1.1984484053e+03 8.6892321021e+02 6.2668080959e+02 4.4954723623e+02 3.2069127369e+02 2.2760250427e+02 1.6063535987e+02 1.1276091480e+02 7.8735499595e+01 5.4668868406e+01 3.7761552396e+01 2.5939157806e+01 0.0000000000e+00 0.0000000000e+00
0.0000000000e+00 0.0000000000e+00 2.2641542752e+01 3.2960360421e+01 4.7717122214e+01 6.8722181338e+01 9.8418612522e+01 1.4020136488e+02 1.9864639088e+02 2.7988748319e+02 3.9234165349e+02 5.4692574711e+02 7.5832674536e+02 1.0458933633e+03 1.4345614828e+03 1.9574519032e+03 2.6564808360e+03 3.5856802723e+03 4.8148204471e+03 6.4301028310e+03 8.5423010370e+03 1.1288261254e+04 1.4836404795e+04 1.9400294398e+04 2.5231839292e+04 3.2644029093e+04 4.2014497391e+04 5.3787096359e+04 6.8505690864e+04 8.6794448501e+04 1.0939115226e+05 1.3716878866e+05 1.7110053322e+05 2.1233706565e+05 2.6216229773e+05 3.2200750213e+05 3.9353869399e+05 4.7849635834e+05 5.7886124463e+05 6.9677884366e+05 8.3448603584e+05 9.9448253378e+05 1.1792651650e+06 1.3914746455e+06 1.6338962483e+06 1.9091570640e+06 2.2200475466e+06 2.5691730388e+06 2.9589625135e+06 3.3919018562e+06 3.8698630309e+06 4.3946527701e+06 4.9676647494e+06 5.5896873760e+06 6.2612982580e+06 6.9822423155e+06 7.7518054503e+06 8.5687771570e+06 9.4310434862e+06 1.0336126867e+07 1.1280776435e+07 1.2261132573e+07 1.3272969096e+07 1.4311300636e+07 1.5370894362e+07 1.6446119375e+07 1.7531054135e+07 1.8619662682e+07 1.9705810976e+07 2.0783435239e+07 2.1846560380e+07 2.2889546670e+07 2.3906977692e+07 2.4893920294e+07 2.5845971185e+07 2.6759048933e+07 2.7629976661e+07 2.8455962891e+07 2.9234875353e+07 2.9965362517e+07 3.0646405721e+07 3.1277858252e+07 3.1859997071e+07 3.2393466955e+07 3.2879644362e+07 3.3320000253e+07 3.3716479951e+07 3.4071296670e+07 3.4386607096e+07 3.4665008421e+07 3.4908916094e+07 3.5120766257e+07 3.5303032447e+07 3.5457887571e+07 3.5587509299e+07 3.5693796389e+07 3.5778356951e+07 3.5842662039e+07 3.5887767765e+07 3.5914496939e+07 3.5923366357e+07 3.5914463469e+07 3.5887701160e+07 3.5842558577e+07 3.5778217815e+07 3.5693616887e+07 3.5587289220e+07 3.5457620955e+07 3.5302716543e+07 3.5120401523e+07 3.4908491526e+07 3.4664524142e+07 3.4386058328e+07 3.4070675865e+07 3.3715787621e+07 3.3319230542e+07 3.2878794149e+07 3.2392532573e+07 3.1858975504e+07 3.1276750064e+07 3.0645209871e+07 2.9964076203e+07 2.9233502842e+07 2.8454506545e+07 2.7628437133e+07 2.6757431408e+07 2.5844283686e+07 2.4892165766e+07 2.3905164962e+07 2.2887683831e+07 2.1844657378e+07 2.0781501509e+07 1.9703856817e+07 1.8617699212e+07 1.7529092093e+07 1.6444168699e+07 1.5368966954e+07 1.4309406064e+07 1.3271116194e+07 1.2259331081e+07 1.1279034247e+07 1.0334451747e+07 9.4294415146e+06 8.5672537472e+06 7.7503644024e+06 6.9808867333e+06 6.2600302840e+06 5.5885077487e+06 4.9665733542e+06 4.3936484893e+06 3.8689442180e+06 3.3910654715e+06 2.9582056637e+06 2.5684918299e+06 2.2194377884e+06 1.9086143753e+06 1.6334157841e+06 1.3910515899e+06 1.1788948068e+06 9.9416004004e+05 8.3420677419e+05 6.9653837296e+05 5.7865529596e+05 4.7832092783e+05 3.9339010513e+05 3.2188235751e+05 2.6205745731e+05 2.1224972996e+05 1.7102816419e+05 1.3710916690e+05 1.0934229636e+05 8.6754633486e+04 6.8473427824e+04 5.3761095841e+04 4.1993657530e+04 3.2627420289e+04 2.5218673521e+04 1.9389916152e+04 1.4828269721e+04 1.1281918074e+04 8.5373837465e+03 6.4263110744e+03 4.8119131664e+03 3.5834633029e+03 2.6547996404e+03 1.9561841559e+03 1.4336107696e+03 1.0451842256e+03 7.5780080933e+02 5.4653780310e+02 3.9205709148e+02 2.7967991749e+02 1.9849580658e+02 1.4009273710e+02 9.8340685605e+01 6.8666575224e+01 4.7677675319e+01 3.2932523698e+01 2.2622011303e+01 0.0000000000e+00 0.0000000000e+00
0.0000000000e+00 0.0000000000e+00 1.9573180490e+01 2.8493573089e+01 4.1250455204e+01 5.9408833205e+01 8.5080672662e+01 1.2120080437e+02 1.7172500708e+02 2.4195575887e+02 3.3916929467e+02 4.7280288025e+02 6.5555291562e+02 9.0414576105e+02 1.2401375620e+03 1.6921602295e+03 2.2964486275e+03 3.0997115896e+03 4.1622630444e+03 5.5586206571e+03 7.3845445302e+03 9.7583322826e+03 1.2825578504e+04 1.6770899031e+04 2.1812059959e+04 2.8219628243e+04 3.6320049258e+04 4.6497018753e+04 5.9220687570e+04 7.5030616951e+04 9.4564588997e+04 1.1857726494e+05 1.4790991539e+05 1.8355725960e+05 2.2662915539e+05 2.7836290384e+05 3.4019867649e+05 4.1364104512e+05 5.0040232722e+05 6.0233711554e+05 7.2137915773e+05 8.5968930971e+05 1.0194259625e+06 1.2028718561e+06 1.4124348176e+06 1.6503858263e+06 1.9191368321e+06 2.2209403871e+06 2.5578962103e+06 2.9321527408e+06 3.3453289192e+06 3.7989860990e+06 4.2943290355e+06 4.8320391126e+06 5.4126161800e+06 6.0358392057e+06 6.7010916741e+06 7.4073255110e+06 8.1527152554e+06 8.9351179545e+06 9.7517236267e+06 1.0599195855e+07 1.1473881331e+07 1.2371471268e+07 1.3287439279e+07 1.4216920602e+07 1.5154796814e+07 1.6095847262e+07 1.7034771842e+07 1.7966326823e+07 1.8885348040e+07 1.9786960933e+07 2.0666482565e+07 2.1519647799e+07 2.2342651055e+07 2.3131963005e+07 2.3884838471e+07 2.4598865965e+07 2.5272198490e+07 2.5903668682e+07 2.6492400085e+07 2.7038261768e+07 2.7541491544e+07 2.8002651607e+07 2.8422929037e+07 2.8803596163e+07 2.9146335269e+07 2.9453055991e+07 2.9725627979e+07 2.9966294041e+07 3.0177138892e+07 3.0360275926e+07 3.0517835319e+07 3.0651700278e+07 3.0763753094e+07 3.0855632312e+07 3.0928732224e+07 3.0984320167e+07 3.1023311585e+07 3.1046418083e+07 3.1054083963e+07 3.1046387911e+07 3.1023251980e+07 3.0984228697e+07 3.0928610034e+07 3.0855475277e+07 3.0763558691e+07 3.0651467361e+07 3.0517559868e+07 3.0359954467e+07 3.0176768197e+07 2.9965869014e+07 2.9725146168e+07 2.9452514735e+07 2.9145728377e+07 2.8802922031e+07 2.8422183274e+07 2.8001833418e+07 2.7540597721e+07 2.7037290477e+07 2.6491351237e+07 2.5902543530e+07 2.5270995799e+07 2.4597588591e+07 2.3883489457e+07 2.3130545790e+07 2.2341171255e+07 2.1518110422e+07 2.0664894446e+07 1.9785328920e+07 1.8883681288e+07 1.7964633020e+07 1.7033059716e+07 1.6094126963e+07 1.5153076991e+07 1.4215212444e+07 1.3285750290e+07 1.2369810247e+07 1.1472257775e+07 1.0597616963e+07 9.7501975187e+06 8.9336501110e+06 8.1513116191e+06 7.4059906670e+06 6.6998287171e+06 6.0346513255e+06 5.4115049305e+06 4.8310052455e+06 4.2933722599e+06 3.7981056390e+06 3.3445233727e+06 2.9314196138e+06 2.5572325644e+06 2.2203432089e+06 1.9186022101e+06 1.6499098765e+06 1.4120134461e+06 1.2025008575e+06 1.0191010875e+06 8.5940642527e+05 7.2113419298e+05 6.0212611568e+05 5.0022160829e+05 4.1348710611e+05 3.4006828010e+05 2.7825305439e+05 2.2653711570e+05 1.8348057294e+05 1.4784637401e+05 1.1852490515e+05 9.4521680160e+04 7.4995642606e+04 5.9192343213e+04 4.6474173484e+04 3.6301735866e+04 2.8205028687e+04 2.1800485615e+04 1.6761773687e+04 1.2818423893e+04 9.7527536941e+03 7.3802190458e+03 5.5552849347e+03 4.1597047339e+03 3.0977604626e+03 2.2949686926e+03 1.6910440050e+03 1.2393003719e+03 9.0352117347e+02 6.5508958909e+02 4.7246106426e+02 3.3891849909e+02 2.4177279847e+02 1.7159224596e+02 1.2110501202e+02 8.5011936575e+01 5.9359777901e+01 4.1215646038e+01 2.8469003546e+01 1.9555938458e+01 0.0000000000e+00 0.0000000000e+00
0.0000000000e+00 0.0000000000e+00 1.6771617780e+01 2.4415182670e+01 3.5346088776e+01 5.0905323715e+01 7.2902537322e+01 1.0385245834e+02 1.4714463269e+02 2.0732248166e+02 2.9062071890e+02 4.0512568780e+02 5.6171632224e+02 7.7472464197e+02 1.0626211116e+03 1.4499388924e+03 1.9677257728e+03 2.6560044822e+03 3.5664547931e+03 4.7629269402e+03 6.3274727563e+03 8.3614554958e+03 1.0989626941e+04 1.4370174302e+04 1.8689689788e+04 2.4180007453e+04 3.1120841091e+04 3.9840955979e+04 5.0743196667e+04 6.4289884923e+04 8.1027503395e+04 1.0160267133e+05 1.2673622153e+05 1.5728047203e+05 1.9418641050e+05 2.3851418509e+05 2.9149778724e+05 3.5442641823e+05 4.2876722798e+05 5.1610936513e+05 6.1810968090e+05 7.3661964960e+05 8.7348869784e+05 1.0306728309e+06 1.2102350293e+06 1.4141212493e+06 1.6443981132e+06 1.9029957323e+06 2.1917130328e+06 2.5123909970e+06 2.8664169757e+06 3.2551282839e+06 3.6795578635e+06 4.1402889336e+06 4.6377502030e+06 5.1717520928e+06 5.7417659822e+06 6.3468949510e+06 6.9855735820e+06 7.6559658591e+06 8.3556650417e+06 9.0818116327e+06 9.8312753409e+06 1.0600363857e+07 1.1385201065e+07 1.2181615689e+07 1.2985223102e+07 1.3791550334e+07 1.4596056298e+07 1.5394247744e+07 1.6181699446e+07 1.6954234781e+07 1.7707841615e+07 1.8438865896e+07 1.9144045481e+07 1.9820357237e+07 2.0465449318e+07 2.1077255290e+07 2.1654191211e+07 2.2195260029e+07 2.2699705856e+07 2.3167420890e+07 2.3598606271e+07 2.3993745720e+07 2.4353855344e+07 2.4680026037e+07 2.4973696964e+07 2.5236508705e+07 2.5470057776e+07 2.5676268190e+07 2.5856930711e+07 2.6013847995e+07 2.6148850503e+07 2.6263550698e+07 2.6359562581e+07 2.6438288288e+07 2.6500921676e+07 2.6548551217e+07 2.6581960766e+07 2.6601760476e+07 2.6608329066e+07 2.6601735029e+07 2.6581909467e+07 2.6548474155e+07 2.6500816116e+07 2.6438151197e+07 2.6359393854e+07 2.6263349189e+07 2.6148609580e+07 2.6013566707e+07 2.5856606289e+07 2.5675899611e+07 2.5469637017e+07 2.5236035421e+07 2.4973169349e+07 2.4679438561e+07 2.4353207046e+07 2.3993033789e+07 2.3597828563e+07 2.3166575271e+07 2.2698793182e+07 2.2194279762e+07 2.1653144470e+07 2.1076143796e+07 2.0464276253e+07 1.9819124955e+07 1.9142758020e+07 1.8437528045e+07 1.7706460824e+07 1.6952815503e+07 1.6180249051e+07 1.5392774028e+07 1.4594566869e+07 1.3790053455e+07 1.2983727254e+07 1.2180129158e+07 1.1383731581e+07 1.0598919362e+07 9.8298630681e+06 9.0804378605e+06 8.3543368546e+06 7.6546890281e+06 6.9843521455e+06 6.3457333352e+06 5.7406672532e+06 5.1707185343e+06 4.6367830517e+06 4.1393893622e+06 3.6787251886e+06 3.2543623688e+06 2.8657158652e+06 2.5117529122e+06 2.1911353551e+06 1.9024758396e+06 1.6439327276e+06 1.4137068682e+06 1.2098681319e+06 1.0303497183e+06 8.7320578364e+05 7.3637326610e+05 6.1789625795e+05 5.1592554169e+05 4.2860979871e+05 3.5429228138e+05 2.9138415451e+05 2.3841843622e+05 1.9410618172e+05 1.5721362439e+05 1.2668082605e+05 1.0155701106e+05 8.0990084330e+04 6.4259382612e+04 5.0718471859e+04 3.9821024380e+04 3.1104860292e+04 2.4167266873e+04 1.8679588243e+04 1.4362208280e+04 1.0983380257e+04 8.3565840653e+03 6.3236947766e+03 4.7600132425e+03 3.5642196941e+03 2.6542996537e+03 1.9664324897e+03 1.4489631907e+03 1.0618891462e+03 7.7417850765e+02 5.6131111560e+02 4.0482670197e+02 2.9040131552e+02 2.0716238279e+02 1.4702842732e+02 1.0376860222e+02 7.2842352358e+01 5.0862358520e+01 3.5315597904e+01 2.4393657164e+01 1.6756508037e+01 0.0000000000e+00 0.0000000000e+00
0.0000000000e+00 0.0000000000e+00 1.4245205733e+01 2.0737350114e+01 3.0021621189e+01 4.3236993910e+01 6.1920501778e+01 8.8208039238e+01 1.2497850886e+02 1.7609090239e+02 2.4684064139e+02 3.4409585380e+02 4.7709658960e+02 6.5801566284e+02 9.0254092315e+02 1.2315095618e+03 1.6712920005e+03 2.2558810565e+03 3.0291708801e+03 4.0453921740e+03 5.3742352867e+03 7.1017918037e+03 9.3340188629e+03 1.2205272253e+04 1.5874030966e+04 2.0537202353e+04 2.6432356795e+04 3.3838730222e+04 4.3098472179e+04 5.4604246263e+04 6.8820209934e+04 8.6295552851e+04 1.0764250643e+05 1.3358498095e+05 1.6493067482e+05 2.0258000851e+05 2.4758108239e+05 3.0102881223e+05 3.6416934813e+05 4.3835234064e+05 5.2498508322e+05 6.2564004858e+05 7.4188802911e+05 8.7539028498e+05 1.0278990679e+06 1.2010670111e+06 1.3966494627e+06 1.6162856345e+06 1.8615034702e+06 2.1338667200e+06 2.4345532668e+06 2.7646994185e+06 3.1251819774e+06 3.5164967748e+06 3.9390076366e+06 4.3925535197e+06 4.8766856104e+06 5.3906419143e+06 5.9330928679e+06 6.5024798078e+06 7.0967572445e+06 7.7134974647e+06 8.3500419764e+06 9.0032544772e+06 9.6698415694e+06 1.0346262743e+07 1.1028792217e+07 1.1713632539e+07 1.2396925243e+07 1.3074855015e+07 1.3743663757e+07 1.4399802918e+07 1.5039865934e+07 1.5660747528e+07 1.6259680056e+07 1.6834093391e+07 1.7381990659e+07 1.7901616519e+07 1.8391626934e+07 1.8851173716e+07 1.9279616422e+07 1.9676861497e+07 2.0043081639e+07 2.0378686783e+07 2.0684538921e+07 2.0961566164e+07 2.1210990427e+07 2.1434204304e+07 2.1632565833e+07 2.1807708056e+07 2.1961148746e+07 2.2094424049e+07 2.2209086259e+07 2.2306505948e+07 2.2388051218e+07 2.2454916076e+07 2.2508113281e+07 2.2548566388e+07 2.2576942130e+07 2.2593756758e+07 2.2599335691e+07 2.2593734980e+07 2.2576897532e+07 2.2548498231e+07 2.2508020762e+07 2.2454797669e+07 2.2387905504e+07 2.2306330484e+07 2.2208878445e+07 2.2094182095e+07 2.1960869521e+07 2.1807388827e+07 2.1632203162e+07 2.1433795669e+07 2.1210533878e+07 2.0961058722e+07 2.0683978294e+07 2.0378070810e+07 2.0042408988e+07 1.9676131137e+07 1.9278827754e+07 1.8850326642e+07 1.8390722548e+07 1.7900656470e+07 1.7380976455e+07 1.6833028073e+07 1.6258567398e+07 1.5659592167e+07 1.5038672121e+07 1.4398577011e+07 1.3742411371e+07 1.3073582306e+07 1.2395639432e+07 1.1712339793e+07 1.1027500745e+07 1.0344978559e+07 9.6685721053e+06 9.0020061656e+06 8.3488219727e+06 7.7123110459e+06 7.0956100845e+06 6.5013766063e+06 5.9320377050e+06 5.3896383212e+06 4.8757363581e+06 4.3916603385e+06 3.9381718536e+06 3.5157195075e+06 3.1244624642e+06 2.7640372483e+06 2.4339472780e+06 2.1333150763e+06 1.8610042385e+06 1.6158361993e+06 1.3962471023e+06 1.2007087458e+06 1.0275818094e+06 8.7511094562e+05 7.4164335836e+05 6.2542695132e+05 5.2480047863e+05 4.3819335320e+05 3.6403313552e+05 3.0091276440e+05 2.4748274828e+05 2.0249716920e+05 1.6486124558e+05 1.3352712146e+05 1.0759455141e+05 8.6256024293e+04 6.8787808263e+04 5.4577832883e+04 4.3077058094e+04 3.3821464584e+04 2.6418513008e+04 2.0526164045e+04 1.5865277453e+04 1.2198368421e+04 9.3286047711e+03 7.0975686950e+03 5.3709595349e+03 4.0428652189e+03 3.0272322761e+03 2.2544021721e+03 1.6701698885e+03 1.2306628855e+03 9.0190564229e+02 6.5754158384e+02 4.7674478155e+02 3.4383622201e+02 2.4665007824e+02 1.7595182594e+02 1.2487755406e+02 8.8135168485e+01 6.1868192579e+01 4.3199645629e+01 2.9995110378e+01 2.0718629407e+01 1.4232063132e+01 0.0000000000e+00 0.0000000000e+00
0.0000000000e+00 0.0000000000e+00 5.8495821589e+00 1.7458590901e+01 2.5274905956e+01 3.6400755820e+01 5.2130139864e+01 7.4261225769e+01 1.0521770158e+02 1.4824836640e+02 2.0781132006e+02 2.8968869185e+02 4.0165943199e+02 5.5397158644e+02 7.5983232566e+02 1.0367839195e+03 1.4070269056e+03 1.8991789641e+03 2.5501932482e+03 3.4057250135e+03 4.5244446767e+03 5.9788301026e+03 7.8580830008e+03 1.0275313806e+04 1.3363940621e+04 1.7289733227e+04 2.2252694422e+04 2.8487902542e+04 3.6283403650e+04 4.5969766402e+04 5.7937744698e+04 7.2649688984e+04 9.0621009899e+04 1.1246114273e+05 1.3885005103e+05 1.7054577432e+05 2.0843067468e+05 2.5342649926e+05 3.0658233240e+05 3.6903441537e+05 4.4196744679e+05 5.2670529550e+05 6.2457030948e+05 7.3696103766e+05 8.6535260309e+05 1.0111363071e+06 1.1757898861e+06 1.3606934155e+06 1.5671330583e+06 1.7964252351e+06 2.0495618015e+06 2.3274991813e+06 2.6309754160e+06 2.9604082457e+06 3.3161033777e+06 3.6979259764e+06 4.1054977412e+06 4.5381769643e+06 4.9948447763e+06 5.4741887259e+06 5.9744871451e+06 6.4936957225e+06 7.0295766758e+06 7.5794898662e+06 8.1406625112e+06 8.7101139482e+06 9.2847080534e+06 9.8612466408e+06 1.0436482637e+07 1.1007204176e+07 1.1570246269e+07 1.2122622940e+07 1.2661465337e+07 1.3184160048e+07 1.3688376254e+07 1.4171951490e+07 1.4633203036e+07 1.5070655284e+07 1.5483174685e+07 1.5870048317e+07 1.6230736234e+07 1.6565160426e+07 1.6873466383e+07 1.7155998156e+07 1.7413483186e+07 1.7646700405e+07 1.7856680569e+07 1.8044595297e+07 1.8211587420e+07 1.8359032429e+07 1.8488208624e+07 1.8600407151e+07 1.8696937530e+07 1.8778949841e+07 1.8847599901e+07 1.8903890551e+07 1.8948674517e+07 1.8982730784e+07 1.9006619046e+07 1.9020774513e+07 1.9025470839e+07 1.9020755715e+07 1.9006581105e+07 1.8982672096e+07 1.8948595655e+07 1.8903788501e+07 1.8847474617e+07 1.8778799021e+07 1.8696758372e+07 1.8600199584e+07 1.8487968142e+07 1.8358758028e+07 1.8211276497e+07 1.8044245463e+07 1.7856289242e+07 1.7646265061e+07 1.7413002037e+07 1.7155469853e+07 1.6872889135e+07 1.6564534234e+07 1.6230059607e+07 1.5869321748e+07 1.5482399040e+07 1.5069831709e+07 1.4632333602e+07 1.4171037935e+07 1.3687422694e+07 1.3183169747e+07 1.2660441919e+07 1.2121570918e+07 1.1569172010e+07 1.1006112322e+07 1.0435379722e+07 9.8601378931e+06 9.2835999053e+06 8.7090126952e+06 8.1395737522e+06 7.5784195574e+06 7.0285303278e+06 6.4926785465e+06 5.9735032255e+06 5.4732425596e+06 4.9939397425e+06 4.5373160742e+06 4.1046831747e+06 3.6971596623e+06 3.3153865747e+06 2.9597411798e+06 2.6303581642e+06 2.3269310086e+06 2.0490417798e+06 1.7959519801e+06 1.5667045641e+06 1.3603076547e+06 1.1754445380e+06 1.0108287889e+06 8.6508026518e+05 7.3672121751e+05 6.2436025334e+05 5.2652234359e+05 4.4180897626e+05 3.6889786687e+05 3.0646535255e+05 2.5332682272e+05 2.0834619563e+05 1.7047460340e+05 1.3879039455e+05 1.1241141757e+05 9.0579798383e+04 7.2615715122e+04 5.7909894003e+04 4.5947057353e+04 3.6264991081e+04 2.8473056448e+04 2.2240788450e+04 1.7280238195e+04 1.3356410450e+04 1.0269374438e+04 7.8534244887e+03 5.9751956443e+03 4.5216253338e+03 3.4035498464e+03 2.5485241677e+03 1.8979054219e+03 1.4060604926e+03 1.0360546180e+03 7.5928503160e+02 5.5356310266e+02 4.0135626463e+02 2.8946490527e+02 2.0764703981e+02 1.4812845403e+02 1.0513063432e+02 7.4198369872e+01 5.2085013444e+01 3.6368529561e+01 2.5252026459e+01 1.7442431777e+01 5.8440559472e+00 0.0000000000e+00 0.0000000000e+00
0.0000000000e+00 0.0000000000e+00 0.0000000000e+00 1.4568834973e+01 2.1091363016e+01 3.0375606346e+01 4.3501365730e+01 6.1969160049e+01 8.7801475452e+01 1.2370932564e+02 1.7341284130e+02 2.4173700146e+02 3.3517307418e+02 4.6227263349e+02 6.3405658997e+02 8.6516331679e+02 1.1741182156e+03 1.5848016312e+03 2.1280495131e+03 2.8419593300e+03 3.7754886900e+03 4.9891177136e+03 6.5572815381e+03 8.5743641981e+03 1.1151699374e+04 1.4427612545e+04 1.8568997702e+04 2.3772017315e+04 3.0277029447e+04 3.8359882774e+04 4.8346638568e+04 6.0623104897e+04 7.5619370522e+04 9.3843969167e+04 1.1586431486e+05 1.4231293545e+05 1.7392610651e+05 2.1147301857e+05 2.5582903086e+05 3.0794231102e+05 3.6880142799e+05 4.3951102977e+05 5.2117460269e+05 6.1495910214e+05 7.2209549641e+05 8.4374474237e+05 9.8113984048e+05 1.1354324357e+06 1.3076958295e+06 1.4990284368e+06 1.7102578430e+06 1.9421822261e+06 2.1954174158e+06 2.4703119186e+06 2.7671209188e+06 3.0857316596e+06 3.4258287524e+06 3.7868766514e+06 4.1679417633e+06 4.5679286753e+06 4.9854007514e+06 5.4186526078e+06 5.8658164195e+06 6.3246888169e+06 6.7929576588e+06 7.2681335480e+06 7.7476008736e+06 8.2286913004e+06 8.7086945103e+06 9.1849304714e+06 9.6547582892e+06 1.0115686158e+07 1.0565320827e+07 1.1001481240e+07 1.1422221735e+07 1.1825738841e+07 1.2210628427e+07 1.2575657834e+07 1.2919882522e+07 1.3242707539e+07 1.3543681255e+07 1.3822740366e+07 1.4080005444e+07 1.4315762144e+07 1.4530619659e+07 1.4725226962e+07 1.4900443316e+07 1.5057248394e+07 1.5196594065e+07 1.5319629376e+07 1.5427419230e+07 1.5521042824e+07 1.5601591866e+07 1.5670027419e+07 1.5727311112e+07 1.5774282320e+07 1.5811653134e+07 1.5840070643e+07 1.5860004639e+07 1.5871816409e+07 1.5875735776e+07 1.5871800591e+07 1.5859971486e+07 1.5840021372e+07 1.5811586017e+07 1.5774196934e+07 1.5727204591e+07 1.5669898661e+07 1.5601439768e+07 1.5520866531e+07 1.5427214396e+07 1.5319394740e+07 1.5196328825e+07 1.5056950027e+07 1.4900109371e+07 1.4724855182e+07 1.4530208827e+07 1.4315311733e+07 1.4079512789e+07 1.3822206525e+07 1.3543105383e+07 1.3242088682e+07 1.2919222056e+07 1.2574955892e+07 1.2209887165e+07 1.1824960771e+07 1.1421409278e+07 1.1000637112e+07 1.0564448937e+07 1.0114790484e+07 9.6538437018e+06 9.1840008639e+06 8.7077552391e+06 8.2277475236e+06 7.7466578021e+06 7.2671961240e+06 6.7920305775e+06 6.3237775537e+06 5.8649251759e+06 5.4177861054e+06 4.9845627905e+06 4.5671227166e+06 4.1671709105e+06 3.7861435144e+06 3.4251352490e+06 3.0850791895e+06 2.7665103009e+06 2.4697436676e+06 2.1948915339e+06 1.9416981799e+06 1.7098148741e+06 1.4986252487e+06 1.3073307440e+06 1.1351037721e+06 9.8084557846e+05 8.4348266112e+05 7.2186343240e+05 6.1475471301e+05 5.2099557033e+05 4.3935509640e+05 3.6866630734e+05 3.0782590567e+05 2.5572929012e+05 2.1138801669e+05 1.7385408052e+05 1.4225222668e+05 1.1581342672e+05 9.3801556265e+04 7.5584211118e+04 6.0594118154e+04 4.8322873566e+04 3.8340502701e+04 3.0261316954e+04 2.3759344603e+04 1.8558834720e+04 1.4419505826e+04 1.1145269340e+04 8.5692917489e+03 6.5533022642e+03 4.9860131233e+03 3.7730799002e+03 2.8401006097e+03 2.1266231447e+03 1.5837131802e+03 1.1732920998e+03 8.6453980014e+02 6.3358863337e+02 4.6192328510e+02 3.3491374738e+02 2.4154554967e+02 1.7327227845e+02 1.2360670589e+02 8.7726957284e+01 6.1915352101e+01 4.3462729879e+01 3.0348010163e+01 2.1071766231e+01 1.4554992366e+01 0.0000000000e+00 0.0000000000e+00 0.0000000000e+00
0.0000000000e+00 0.0000000000e+00 0.0000000000e+00 1.2051138997e+01 1.7446460723e+01 2.5126215641e+01 3.5983589390e+01 5.1259770347e+01 7.2627707373e+01 1.0232987590e+02 1.4344346597e+02 1.9995955096e+02 2.7724751568e+02 3.8238096197e+02 5.2447602658e+02 7.1564109581e+02 9.7119978341e+02 1.3109050803e+03 1.7602633392e+03 2.3507874722e+03 3.1229735522e+03 4.1268482341e+03 5.4239811852e+03 7.0924447038e+03 9.2243274267e+03 1.1934048211e+04 1.5359654994e+04 1.9663403814e+04 2.5044111577e+04 3.1729944240e+04 3.9990608611e+04 5.0145230396e+04 6.2549554010e+04 7.7624224410e+04 9.5838568102e+04 1.1771579767e+05 1.4386491913e+05 1.7492216070e+05 2.1161160113e+05 2.5471750437e+05 3.0505754989e+05 3.6354550107e+05 4.3109404285e+05 5.0866848391e+05 5.9728694720e+05 6.9790975383e+05 8.1155686087e+05 9.3918069436e+05 1.0816691339e+06 1.2399306924e+06 1.4146498880e+06 1.6064869795e+06 1.8159512493e+06 2.0433311370e+06 2.2888374644e+06 2.5523772598e+06 2.8336892755e+06 3.1323308776e+06 3.4475297099e+06 3.7783796259e+06 4.1236922656e+06 4.4820571838e+06 4.8519293206e+06 5.2314863478e+06 5.6188150259e+06 6.0118575226e+06 6.4084493001e+06 6.8063834965e+06 7.2034185605e+06 7.5973370314e+06 7.9859554538e+06 8.3672122558e+06 8.7391274730e+06 9.0998976087e+06 9.4479137580e+06 9.7816826596e+06 1.0100043895e+07 1.0401978290e+07 1.0686703949e+07 1.0953728605e+07 1.1202679542e+07 1.1433503254e+07 1.1646299179e+07 1.1841306317e+07 1.2019025006e+07 1.2179994851e+07 1.2324925502e+07 1.2454626818e+07 1.2569886499e+07 1.2671655172e+07 1.2760813345e+07 1.2838254834e+07 1.2904880469e+07 1.2961487304e+07 1.3008870040e+07 1.3047721869e+07 1.3078633047e+07 1.3102139292e+07 1.3118626376e+07 1.3128397190e+07 1.3131637761e+07 1.3128382862e+07 1.3118598523e+07 1.3102096432e+07 1.3078576106e+07 1.3047649480e+07 1.3008779160e+07 1.2961377935e+07 1.2904752548e+07 1.2838104702e+07 1.2760640730e+07 1.2671457260e+07 1.2569662506e+07 1.2454373728e+07 1.2324642896e+07 1.2179681066e+07 1.2018678558e+07 1.1840925249e+07 1.1645883437e+07 1.1433051577e+07 1.1202192455e+07 1.0953205116e+07 1.0686145385e+07 1.0401385105e+07 1.0099417738e+07 9.7810250424e+06 9.4472265280e+06 9.0991840724e+06 8.7383906107e+06 8.3664552768e+06 7.9851819690e+06 7.5965511099e+06 7.2026240907e+06 6.8055853499e+06 6.4076515150e+06 6.0110647170e+06 5.6180313726e+06 5.2307159182e+06 4.8511759920e+06 4.4813247345e+06 4.1229839448e+06 3.7776981271e+06 3.4468779562e+06 3.1317110037e+06 2.8331028433e+06 2.5518255158e+06 2.2883211492e+06 2.0428506253e+06 1.8155066614e+06 1.6060777422e+06 1.4142752616e+06 1.2395896372e+06 1.0813603791e+06 9.3890271396e+05 8.1130792835e+05 6.9768808481e+05 5.9709061373e+05 5.0849555529e+05 4.3094256687e+05 3.6341353038e+05 3.0494321948e+05 2.5461898702e+05 2.1152718738e+05 1.7485022041e+05 1.4380394764e+05 1.1766440571e+05 9.5795487328e+04 7.7588312887e+04 6.2519780017e+04 5.0120680108e+04 3.9970479605e+04 3.1713529088e+04 2.5030798529e+04 1.9652666145e+04 1.5351042161e+04 1.1927178408e+04 9.2188772609e+03 7.0881447799e+03 5.4206079700e+03 4.1242157971e+03 3.1209308784e+03 2.3492111008e+03 1.7590534648e+03 1.3099817363e+03 9.7049889089e+02 7.1511200802e+02 5.2407886708e+02 3.8208442477e+02 2.7702736493e+02 1.9979700884e+02 1.4332409829e+02 1.0224271930e+02 7.2564409612e+01 5.1214057935e+01 3.5950760071e+01 2.5102763573e+01 1.7429804505e+01 1.2039371462e+01 0.0000000000e+00 0.0000000000e+00 0.0000000000e+00
0.0000000000e+00 0.0000000000e+00 0.0000000000e+00 9.8805241162e+00 1.4304037112e+01 2.0600501415e+01 2.9502214670e+01 4.2026790249e+01 5.9545829203e+01 8.3897865240e+01 1.1760579126e+02 1.6394175463e+02 2.2730792600e+02 3.1350371723e+02 4.3000313360e+02 5.8673334441e+02 7.9625768313e+02 1.0747707817e+03 1.4431843506e+03 1.9273345659e+03 2.5604224524e+03 3.3834629150e+03 4.4469344228e+03 5.8148444945e+03 7.5626935295e+03 9.7842874368e+03 1.2592806406e+04 1.6121276115e+04 2.0532698037e+04 2.6014134893e+04 3.2786705682e+04 4.1112044888e+04 5.1281814987e+04 6.3640874052e+04 7.8574006419e+04 9.6510166177e+04 1.1794864216e+05 1.4341104859e+05 1.7349103256e+05 2.0883153734e+05 2.5010297782e+05 2.9805445672e+05 3.5343424957e+05 4.1703377370e+05 4.8968772712e+05 5.7218343241e+05 6.6535704766e+05 7.6998949218e+05 8.8680860303e+05 1.0165592581e+06 1.1598026537e+06 1.3170800174e+06 1.4888091342e+06 1.6752260059e+06 1.8765040536e+06 2.0925665248e+06 2.3231995415e+06 2.5680401556e+06 2.8264549150e+06 3.0977011833e+06 3.3808047549e+06 3.6746089353e+06 3.9778473800e+06 4.2890259298e+06 4.6065758283e+06 4.9288101285e+06 5.2539542199e+06 5.5801988811e+06 5.9057063714e+06 6.2286585835e+06 6.5472658007e+06 6.8598377437e+06 7.1647505574e+06 7.4605265600e+06 7.7458458061e+06 8.0194845775e+06 8.2804918924e+06 8.5280309301e+06 8.7614619836e+06 8.9803807669e+06 9.1844822723e+06 9.3737219133e+06 9.5481817761e+06 9.7080574029e+06 9.8537592006e+06 9.9857298782e+06 1.0104550428e+07 1.0210884982e+07 1.0305380689e+07 1.0388814907e+07 1.0461911176e+07 1.0525401320e+07 1.0580023876e+07 1.0626432516e+07 1.0665279042e+07 1.0697132016e+07 1.0722474353e+07 1.0741745084e+07 1.0755262627e+07 1.0763272512e+07 1.0765929979e+07 1.0763261164e+07 1.0755239301e+07 1.0741709647e+07 1.0722426096e+07 1.0697070922e+07 1.0665203425e+07 1.0626341354e+07 1.0579916195e+07 1.0525275352e+07 1.0461765987e+07 1.0388648989e+07 1.0305192405e+07 1.0210673214e+07 1.0104313487e+07 9.9854662423e+06 9.8534683017e+06 9.7077376055e+06 9.5478330316e+06 9.3733431373e+06 9.1840732708e+06 8.9799418131e+06 8.7609933421e+06 8.5275334033e+06 8.2799659124e+06 8.0189324896e+06 7.7452692459e+06 7.4599278773e+06 7.1641321329e+06 6.8592021343e+06 6.5466168023e+06 6.2279994651e+06 5.9050398421e+06 5.5795293782e+06 5.2532851578e+06 4.9281448491e+06 4.6059181428e+06 4.2883793054e+06 3.9772151917e+06 3.6739941766e+06 3.3802102560e+06 3.0971294583e+06 2.8259079378e+06 2.5675198197e+06 2.3227073856e+06 2.0921034515e+06 1.8760707165e+06 1.6748228623e+06 1.4884358811e+06 1.3167365005e+06 1.1594881748e+06 1.0162729442e+06 8.8654940171e+05 7.6975609208e+05 6.6514804655e+05 5.7199729443e+05 4.8952287234e+05 4.1688854062e+05 3.5330702848e+05 2.9794360927e+05 2.5000693343e+05 2.0874878386e+05 1.7342010763e+05 1.4335060840e+05 1.1789740980e+05 9.6466982385e+04 7.8537801516e+04 6.3610692089e+04 5.1256786294e+04 4.1091407633e+04 3.2769783986e+04 2.6000332936e+04 2.0521503274e+04 1.6112247381e+04 1.2585563122e+04 9.7785091039e+03 7.5581089738e+03 5.8112270356e+03 4.4440960181e+03 3.3812477107e+03 2.5587033991e+03 1.9260077296e+03 1.4421659236e+03 1.0739933900e+03 7.9566749216e+02 5.8628778664e+02 4.2966863445e+02 3.1325395182e+02 2.2712247404e+02 1.6380479821e+02 1.1750520248e+02 8.3824417070e+01 5.9492474892e+01 4.1988253167e+01 2.9474533240e+01 2.0580724708e+01 1.4289988927e+01 9.8705982600e+00 0.0000000000e+00 0.0000000000e+00 0.0000000000e+00
0.0000000000e+00 0.0000000000e+00 0.0000000000e+00 8.0299402503e+00 1.1624928957e+01 1.6742057703e+01 2.3976459776e+01 3.4155139476e+01 4.8392785017e+01 6.8183552641e+01 9.5577763164e+01 1.3323465348e+02 1.8473180695e+02 2.5478231080e+02 3.4946016142e+02 4.7683304775e+02 6.4711091198e+02 8.7345489394e+02 1.1728594929e+03 1.5663211842e+03 2.0808219770e+03 2.7496935633e+03 3.6139587179e+03 4.7256348859e+03 6.1460794737e+03 7.9515262599e+03 1.0233953520e+04 1.3101468113e+04 1.6686537343e+04 2.1141180770e+04 2.6645096672e+04 3.3410909172e+04 4.1675639155e+04 5.1719550173e+04 6.3855336229e+04 7.8431599333e+04 9.5854096924e+04 1.1654673014e+05 1.4099191754e+05 1.6971218884e+05 2.0325233937e+05 2.4222116168e+05 2.8722674795e+05 3.3891223606e+05 3.9795597356e+05 4.6499776203e+05 5.4071715998e+05 6.2574876770e+05 7.2068402718e+05 8.2612833155e+05 9.4253773258e+05 1.0703521150e+06 1.2099108017e+06 1.3614057919e+06 1.5249778753e+06 1.7005647589e+06 1.8879925499e+06 2.0869663398e+06 2.2969713610e+06 2.5174040742e+06 2.7474727365e+06 2.9862374174e+06 3.2326686604e+06 3.4855527355e+06 3.7436146531e+06 4.0054831877e+06 4.2697166399e+06 4.5348441723e+06 4.7993726005e+06 5.0618246220e+06 5.3207454653e+06 5.5747611768e+06 5.8225534220e+06 6.0629198129e+06 6.2947888001e+06 6.5171652104e+06 6.7292766227e+06 6.9304428815e+06 7.1201440573e+06 7.2980512302e+06 7.4639171675e+06 7.6177053854e+06 7.7594827387e+06 7.8894083056e+06 8.0078152098e+06 8.1150626568e+06 8.2116239184e+06 8.2980383581e+06 8.3748315822e+06 8.4426354699e+06 8.5020388812e+06 8.5536345083e+06 8.5980249132e+06 8.6357391706e+06 8.6673086483e+06 8.6931942109e+06 8.7137888214e+06 8.7294494507e+06 8.7404343959e+06 8.7469440468e+06 8.7491031675e+06 8.7469344757e+06 8.7404152933e+06 8.7294203361e+06 8.7137487381e+06 8.6931432604e+06 8.6672455521e+06 8.6356631173e+06 8.5979345760e+06 8.5535297064e+06 8.5019175822e+06 8.4424972903e+06 8.3746746439e+06 8.2978616647e+06 8.2114263061e+06 8.1148431116e+06 8.0075724664e+06 7.8891416674e+06 7.7591920647e+06 7.6173901112e+06 7.4635764468e+06 7.2976853935e+06 7.1197533031e+06 6.9300281179e+06 6.7288385110e+06 6.5167055008e+06 6.2943084096e+06 6.0624210781e+06 5.8220382232e+06 5.5742321989e+06 5.3202048045e+06 5.0612754636e+06 4.7988175037e+06 4.5342864369e+06 4.2691590566e+06 4.0049291799e+06 3.7430669055e+06 3.4850142218e+06 3.2321421954e+06 2.9857253334e+06 2.7469775045e+06 2.5169278059e+06 2.2965157725e+06 2.0865329311e+06 1.8875825564e+06 1.7001789490e+06 1.5246168154e+06 1.3610698353e+06 1.2095998404e+06 1.0700658877e+06 9.4227575383e+05 8.2588981386e+05 7.2046801773e+05 6.2555423901e+05 5.4054297297e+05 4.6484263792e+05 3.9781856909e+05 3.3879118925e+05 2.8712069198e+05 2.4212875468e+05 2.0317227969e+05 1.6964319475e+05 1.4093278837e+05 1.1649632860e+05 9.5811374074e+04 7.8395583587e+04 6.3825140662e+04 5.1694373308e+04 4.1654763576e+04 3.3393693045e+04 2.6630978517e+04 2.1129664977e+04 1.6677196010e+04 1.3093932862e+04 1.0227908203e+04 7.9467028591e+03 6.1422521897e+03 4.7226147116e+03 3.6115886327e+03 2.7478436979e+03 2.0793862424e+03 1.5652129331e+03 1.1720087212e+03 8.7280540827e+02 6.4661777934e+02 4.7646072064e+02 3.4918060472e+02 2.5457353881e+02 1.8457676599e+02 1.3312014487e+02 9.5493655353e+01 6.8122124655e+01 4.8348158718e+01 3.4122904236e+01 2.3953301461e+01 1.6725509522e+01 1.1613173073e+01 8.0216322474e+00 0.0000000000e+00 0.0000000000e+00 0.0000000000e+00
0.0000000000e+00 0.0000000000e+00 0.0000000000e+00 0.0000000000e+00 9.3646634628e+00 1.3486834946e+01 1.9314595499e+01 2.7514144524e+01 3.8983421752e+01 5.4926050264e+01 7.6993668318e+01 1.0732843128e+02 1.4881225941e+02 2.0524177434e+02 2.8150988174e+02 3.8411547595e+02 5.2128313451e+02 7.0361473628e+02 9.4480018958e+02 1.2617530404e+03 1.6762083699e+03 2.2150162454e+03 2.9112222841e+03 3.8067289038e+03 4.9509612093e+03 6.4053292568e+03 8.2439246303e+03 1.0553832022e+04 1.3441756977e+04 1.7030159366e+04 2.1463790876e+04 2.6913926745e+04 3.3571497054e+04 4.1662263438e+04 5.1438112018e+04 6.3179846983e+04 7.7214328444e+04 9.3883014659e+04 1.1357451303e+05 1.3670972808e+05 1.6372751830e+05 1.9511828069e+05 2.3137184659e+05 2.7300628395e+05 3.2056802205e+05 3.7457243556e+05 4.3556693399e+05 5.0406265626e+05 5.8053612484e+05 6.6547489104e+05 7.5924637653e+05 8.6220482304e+05 9.7462371031e+05 1.0966576260e+06 1.2284198948e+06 1.3698604611e+06 1.5208392051e+06 1.6811184511e+06 1.8502837478e+06 2.0278487950e+06 2.2131757721e+06 2.4055076420e+06 2.6040151985e+06 2.8077205432e+06 3.0155966483e+06 3.2265391067e+06 3.4393865355e+06 3.6529543531e+06 3.8660394122e+06 4.0774517687e+06 4.2860195882e+06 4.4906364040e+06 4.6902397341e+06 4.8838615862e+06 5.0706383175e+06 5.2497686768e+06 5.4206300043e+06 5.5826751421e+06 5.7354844543e+06 5.8787937816e+06 6.0124033507e+06 6.1362840287e+06 6.2504894470e+06 6.3551479621e+06 6.4505279660e+06 6.5369186860e+06 6.6147016283e+06 6.6843105566e+06 6.7461697801e+06 6.8007879790e+06 6.8486387675e+06 6.8902006319e+06 6.9259581331e+06 6.9563381848e+06 6.9817679127e+06 7.0026198104e+06 7.0192091388e+06 7.0318244295e+06 7.0406728966e+06 7.0459162971e+06 7.0476556724e+06 7.0459083880e+06 7.0406569726e+06 7.0317998558e+06 7.0191761447e+06 7.0025771261e+06 6.9817157587e+06 6.9562751106e+06 6.9258835480e+06 6.8901137643e+06 6.8485385726e+06 6.8006733723e+06 6.7460402503e+06 6.6841649264e+06 6.6145382314e+06 6.5367371300e+06 6.4503273294e+06 6.3549274999e+06 6.2502490049e+06 6.1360230710e+06 6.0121215910e+06 5.8784912947e+06 5.7351614804e+06 5.5823321862e+06 5.4202679017e+06 5.2493885782e+06 5.0702412302e+06 4.8834491966e+06 4.6898137946e+06 4.4901989404e+06 4.2855727452e+06 4.0769976846e+06 3.8655804278e+06 3.6524931182e+06 3.4389257678e+06 3.2260810768e+06 3.0151437997e+06 2.8072753138e+06 2.6035798114e+06 2.4050842055e+06 2.2127663341e+06 2.0274549867e+06 1.8499071034e+06 1.6807601212e+06 1.5205001867e+06 1.3695415014e+06 1.2281213884e+06 1.0963798369e+06 9.7436656506e+05 8.6196813437e+05 7.5902969366e+05 6.6527762294e+05 5.8035747933e+05 5.0390178439e+05 4.3542286561e+05 3.7444411824e+05 3.2045434881e+05 2.7290614602e+05 2.3128410805e+05 1.9504183023e+05 1.6366127512e+05 1.3665263652e+05 1.1352558101e+05 9.3841303210e+04 7.7178970479e+04 6.3150040201e+04 5.1413117560e+04 4.1641422094e+04 3.3554215951e+04 2.6899672818e+04 2.1452100461e+04 1.7020623012e+04 1.3434021339e+04 1.0547591244e+04 8.2389174278e+03 6.4013338895e+03 4.9477906746e+03 3.8042266266e+03 2.9092586308e+03 2.2134833941e+03 1.6750184634e+03 1.2608344785e+03 9.4409496646e+02 7.0307635685e+02 5.2087430011e+02 3.8380673646e+02 2.8127804883e+02 2.0506862342e+02 1.4868366084e+02 1.0723344308e+02 7.6923888160e+01 5.4875079269e+01 3.8946387303e+01 2.7487389437e+01 1.9295372846e+01 1.3473096878e+01 9.3549024521e+00 0.0000000000e+00 0.0000000000e+00 0.0000000000e+00 0.0000000000e+00
0.0000000000e+00 0.0000000000e+00 0.0000000000e+00 0.0000000000e+00 7.4770988784e+00 1.0768378583e+01 1.5421451180e+01 2.1968225806e+01 3.1125640552e+01 4.3854693169e+01 6.1474093082e+01 8.5694174492e+01 1.1881592084e+02 1.6387063168e+02 2.2476489037e+02 3.0668750171e+02 4.1620513643e+02 5.6178246129e+02 7.5434965380e+02 1.0074107612e+03 1.3383193952e+03 1.7685128562e+03 2.3243751385e+03 3.0393612955e+03 3.9529333032e+03 5.1141212627e+03 6.5820801932e+03 8.4263388921e+03 1.0732092265e+04 1.3597112729e+04 1.7136970585e+04 2.1488412014e+04 2.6803876603e+04 3.3263612583e+04 4.1068729161e+04 5.0443416486e+04 6.1648639607e+04 7.4957023130e+04 9.0678828319e+04 1.0915010548e+05 1.3072124149e+05 1.5578375126e+05 1.8472873569e+05 2.1796981479e+05 2.5594323594e+05 2.9906049327e+05 3.4775862366e+05 4.0244574098e+05 4.6350221245e+05 5.3131741425e+05 6.0618462124e+05 6.8838669189e+05 7.7814191835e+05 8.7557370597e+05 9.8077260588e+05 1.0936986725e+06 1.2142398562e+06 1.3422065804e+06 1.4772678187e+06 1.6190353826e+06 1.7670001092e+06 1.9205573142e+06 2.0790452700e+06 2.2416830422e+06 2.4076508239e+06 2.5760666090e+06 2.7460032448e+06 2.9165150524e+06 3.0866413223e+06 3.2554323776e+06 3.4219519387e+06 3.5853172121e+06 3.7446798913e+06 3.8992665497e+06 4.0483885519e+06 4.1914053211e+06 4.3278203043e+06 4.4571963807e+06 4.5791988488e+06 4.6936165410e+06 4.8002898424e+06 4.8991956574e+06 4.9903769115e+06 5.0739356500e+06 5.1500865351e+06 5.2190607347e+06 5.2811620903e+06 5.3367379412e+06 5.3861261719e+06 5.4297328386e+06 5.4679366886e+06 5.5011196790e+06 5.5296683516e+06 5.5539237134e+06 5.5742265142e+06 5.5908744903e+06 5.6041195002e+06 5.6141913083e+06 5.6212560338e+06 5.6254421706e+06 5.6268307293e+06 5.6254357516e+06 5.6212428233e+06 5.6141713064e+06 5.6040921337e+06 5.5908397591e+06 5.5741836447e+06 5.5538720752e+06 5.5296069703e+06 5.5010484974e+06 5.4678545030e+06 5.4296389327e+06 5.3860194280e+06 5.3366179868e+06 5.2810281804e+06 5.2189117518e+06 5.1499221065e+06 5.0737548588e+06 4.9901797004e+06 4.8989813959e+06 4.8000586739e+06 4.6933682074e+06 4.5789339233e+06 4.4569152073e+06 4.3275233700e+06 4.1910935430e+06 4.0480625890e+06 3.8989283507e+06 3.7443302872e+06 3.5849582661e+06 3.4215853989e+06 3.2550598200e+06 3.0862648101e+06 2.9161367492e+06 2.7456251279e+06 2.5756907416e+06 2.4072791546e+06 2.2413177489e+06 2.0786881867e+06 1.9202101172e+06 1.7666641454e+06 1.6187123284e+06 1.4769588417e+06 1.3419126407e+06 1.2139617061e+06 1.0934369208e+06 9.8052771827e+05 8.7534576842e+05 7.7793090222e+05 6.8819245031e+05 6.0600680675e+05 5.3115552537e+05 4.6335562233e+05 4.0231368307e+05 3.4764036544e+05 2.9895516969e+05 2.5584992820e+05 2.1788759517e+05 1.8465670419e+05 1.5572099537e+05 1.3066684780e+05 1.0910322953e+05 9.0638648936e+04 7.4922773314e+04 6.1619602508e+04 5.0418934359e+04 4.1048200004e+04 3.3246496183e+04 2.6789679988e+04 2.1476702432e+04 1.7127365656e+04 1.3589276976e+04 1.0725736049e+04 8.4212105212e+03 6.5779645790e+03 5.1108371780e+03 3.9503272812e+03 3.0373043981e+03 2.3227607869e+03 1.7672525496e+03 1.3373409408e+03 1.0066554196e+03 7.5376966261e+02 5.6133962876e+02 4.1586881264e+02 3.0643352383e+02 2.2457413456e+02 1.6372815687e+02 1.1871009163e+02 8.5615993458e+01 6.1416655063e+01 4.3812734250e+01 3.1095150218e+01 2.1946196058e+01 1.5405621512e+01 1.0757064954e+01 7.4690595903e+00 0.0000000000e+00 0.0000000000e+00 0.0000000000e+00 0.0000000000e+00
0.0000000000e+00 0.0000000000e+00 0.0000000000e+00 0.0000000000e+00 5.9182230953e+00 8.5233005687e+00 1.2206243390e+01 1.7388058285e+01 2.4636200004e+01 3.4711297547e+01 4.8657105644e+01 6.7827345837e+01 9.4043235059e+01 1.2970402651e+02 1.7790174738e+02 2.4274331179e+02 3.2942613107e+02 4.4464996030e+02 5.9706591990e+02 7.9736224558e+02 1.0592740544e+03 1.3997687642e+03 1.8397288962e+03 2.4056336140e+03 3.1287162122e+03 4.0477834967e+03 5.2096552295e+03 6.6693621756e+03 8.4943353422e+03 1.0761957996e+04 1.3563702615e+04 1.7007801084e+04 2.1214905626e+04 2.6327678032e+04 3.2505288960e+04 3.9925186753e+04 4.8793910940e+04 5.9327240424e+04 7.1770736916e+04 8.6390377581e+04 1.0346347581e+05 1.2329992211e+05 1.4620924312e+05 1.7251881450e+05 2.0257391820e+05 2.3670022529e+05 2.7524363109e+05 3.1852715906e+05 3.6685189442e+05 4.2052593989e+05 4.7978144592e+05 5.4484227663e+05 6.1588121445e+05 6.9299593292e+05 7.7625809711e+05 8.6563600503e+05 9.6104110114e+05 1.0623232825e+06 1.1692205433e+06 1.2814255983e+06 1.3985354985e+06 1.5200717315e+06 1.6455104012e+06 1.7742334703e+06 1.9055921191e+06 2.0388883987e+06 2.1733883480e+06 2.3083433292e+06 2.4429932916e+06 2.5765862898e+06 2.7083817827e+06 2.8376805630e+06 2.9638111799e+06 3.0861619920e+06 3.2041875126e+06 3.3173810423e+06 3.4253493709e+06 3.5277466255e+06 3.6243079125e+06 3.7148659813e+06 3.7992947753e+06 3.8775756868e+06 3.9497429875e+06 4.0158770694e+06 4.0761482417e+06 4.1307391889e+06 4.1798908804e+06 4.2238771466e+06 4.2629664005e+06 4.2974799934e+06 4.3277172201e+06 4.3539805415e+06 4.3765757530e+06 4.3957732863e+06 4.4118424404e+06 4.4250187239e+06 4.4355015812e+06 4.4434733308e+06 4.4490646424e+06 4.4523779326e+06 4.4534768115e+06 4.4523726313e+06 4.4490538963e+06 4.4434569109e+06 4.4354794873e+06 4.4249904404e+06 4.4118074645e+06 4.3957310473e+06 4.3765259951e+06 4.3539224469e+06 4.3276503214e+06 4.2974034861e+06 4.2628796608e+06 4.2237798019e+06 4.1797816721e+06 4.1306179406e+06 4.0760143319e+06 4.0157299888e+06 3.9495821696e+06 3.8774011846e+06 3.7991064763e+06 3.7146639559e+06 3.6240921609e+06 3.5275176635e+06 3.4251076040e+06 3.3171270944e+06 3.2039222146e+06 3.0858865939e+06 2.9635267011e+06 2.8373882281e+06 2.7080832294e+06 2.5762829454e+06 2.4426868083e+06 2.3080352764e+06 2.1730804815e+06 2.0385824621e+06 1.9052896940e+06 1.7739361205e+06 1.6452195862e+06 1.5197889104e+06 1.3982619835e+06 1.2811625416e+06 1.1689688841e+06 1.0620838990e+06 9.6081461513e+05 8.6542287936e+05 7.7605863323e+05 6.9281032617e+05 6.1570938191e+05 5.4468409871e+05 4.7963662173e+05 4.2039406797e+05 3.6673247384e+05 3.1841962923e+05 2.7514732191e+05 2.3661442407e+05 2.0249790496e+05 1.7245185044e+05 1.4615056170e+05 1.2324878901e+05 1.0341916389e+05 8.6352183388e+04 7.1737995917e+04 5.9299327869e+04 4.8770249471e+04 3.9905235194e+04 3.2488558557e+04 2.6313724391e+04 2.1203333383e+04 1.6998255697e+04 1.3555872519e+04 1.0755569981e+04 8.4891526643e+03 6.6651805526e+03 5.2062993022e+03 4.0451052770e+03 3.1265907260e+03 2.4039557753e+03 1.8384119490e+03 1.3987405776e+03 1.0584757970e+03 7.9674590907e+02 5.9659264436e+02 4.4428856918e+02 3.2915166281e+02 2.4253599485e+02 1.7774604132e+02 1.2958770852e+02 9.3956833027e+01 6.7763508972e+01 4.8610202447e+01 3.4677030628e+01 2.4611295925e+01 1.7370062253e+01 1.2193311354e+01 8.5140564793e+00 5.9116536176e+00 0.0000000000e+00 0.0000000000e+00 0.0000000000e+00 0.0000000000e+00
0.0000000000e+00 0.0000000000e+00 0.0000000000e+00 0.0000000000e+00 3.3255817180e+00 6.6865490492e+00 9.5758101409e+00 1.3640926740e+01 1.9327060853e+01 2.7230917083e+01 3.8171306595e+01 5.3210207006e+01 7.3776328998e+01 1.0175184719e+02 1.3956240629e+02 1.9042980982e+02 2.5843131793e+02 3.4882273759e+02 4.6839068006e+02 6.2551984611e+02 8.3098512682e+02 1.0980969529e+03 1.4432372590e+03 1.8871781918e+03 2.4544214381e+03 3.1754095908e+03 4.0868719186e+03 5.2319781782e+03 6.6636256226e+03 8.4425191189e+03 1.0640416321e+04 1.3342220825e+04 1.6642581507e+04 2.0653410237e+04 2.5499572578e+04 3.1320267720e+04 3.8277520990e+04 4.6540600617e+04 5.6302142105e+04 6.7770795945e+04 8.1164101457e+04 9.6725148328e+04 1.1469676477e+05 1.3533574092e+05 1.5891296162e+05 1.8568388563e+05 2.1591985205e+05 2.4987426892e+05 2.8778330910e+05 3.2988867231e+05 3.7637246188e+05 4.2741030896e+05 4.8313771529e+05 5.4363135212e+05 6.0894738025e+05 6.7906095765e+05 7.5390261795e+05 8.3335458376e+05 9.1721134096e+05 1.0052318290e+06 1.0970999317e+06 1.1924402765e+06 1.2908419245e+06 1.3918200690e+06 1.4948656549e+06 1.5994312312e+06 1.7049409349e+06 1.8108077349e+06 1.9164350623e+06 2.0212333260e+06 2.1246214956e+06 2.2260510552e+06 2.3249953090e+06 2.4209745790e+06 2.5135605335e+06 2.6023563317e+06 2.6870530164e+06 2.7673794348e+06 2.8431276646e+06 2.9141666908e+06 2.9803975580e+06 3.0418057450e+06 3.0984179651e+06 3.1502975335e+06 3.1975779176e+06 3.2404021330e+06 3.2789594415e+06 3.3134651665e+06 3.3441288439e+06 3.3712034714e+06 3.3949230785e+06 3.4155256300e+06 3.4332506818e+06 3.4483102357e+06 3.4609160936e+06 3.4712522315e+06 3.4794755836e+06 3.4857287490e+06 3.4901150593e+06 3.4927141564e+06 3.4935762457e+06 3.4927098624e+06 3.4901064051e+06 3.4857157678e+06 3.4794576162e+06 3.4712292714e+06 3.4608876954e+06 3.4482762188e+06 3.4332103913e+06 3.4154787200e+06 3.3948689185e+06 3.3711414023e+06 3.3440587556e+06 3.3133861617e+06 3.2788712667e+06 3.2403040432e+06 3.1974694676e+06 3.1501784730e+06 3.0982881388e+06 3.0416648288e+06 2.9802453931e+06 2.9140034944e+06 2.8429534158e+06 2.7671943166e+06 2.6868576107e+06 2.6021511542e+06 2.5133463294e+06 2.4207520315e+06 2.3247655258e+06 2.2258149225e+06 2.1243802633e+06 2.0209883023e+06 1.9161875169e+06 1.8105588272e+06 1.7046922575e+06 1.5991839579e+06 1.4946212974e+06 1.3915798093e+06 1.2906070224e+06 1.1922117945e+06 1.0968789812e+06 1.0050193250e+06 9.1700801898e+05 8.3316117402e+05 7.5371961671e+05 6.7888874541e+05 6.0878620060e+05 5.4348134917e+05 4.8299887580e+05 4.2728248498e+05 3.7625543835e+05 3.2978211445e+05 2.8768681158e+05 2.4978736072e+05 2.1584201859e+05 1.8561454511e+05 1.5885153038e+05 1.3528161994e+05 1.1464933444e+05 9.6683821392e+04 8.1128278449e+04 6.7739917935e+04 5.6275674443e+04 4.6518035328e+04 3.8258388747e+04 3.1304134357e+04 2.5486043628e+04 2.0642127499e+04 1.6633222660e+04 1.3334501358e+04 1.0634083436e+04 8.4373523362e+03 6.6594331200e+03 5.2285953901e+03 4.0841569295e+03 3.1732429136e+03 2.4527015776e+03 1.8858205166e+03 1.4421715560e+03 1.0972648424e+03 8.3033904716e+02 6.2502098257e+02 4.6800758056e+02 3.4853017470e+02 2.5820909269e+02 1.9026194332e+02 1.3943632585e+02 1.0165765594e+02 7.3706349954e+01 5.3158498427e+01 3.8133312821e+01 2.7203157852e+01 1.9306884493e+01 1.3626345194e+01 9.5653306884e+00 6.6790575511e+00 3.3217714630e+00 0.0000000000e+00 0.0000000000e+00 0.0000000000e+00 0.0000000000e+00
0.0000000000e+00 0.0000000000e+00 0.0000000000e+00 0.0000000000e+00 0.0000000000e+00 5.1995458039e+00 7.4462594298e+00 1.0607321883e+01 1.5028891985e+01 2.1174966436e+01 2.9682247561e+01 4.1376525377e+01 5.7368756865e+01 7.9122515098e+01 1.0852395103e+02 1.4807830565e+02 2.0095603373e+02 2.7124399677e+02 3.6421934746e+02 4.8640194465e+02 6.4617015192e+02 8.5387403265e+02 1.1222518622e+03 1.4674556845e+03 1.9085376917e+03 2.4691692893e+03 3.1779106937e+03 4.0683295710e+03 5.1815575788e+03 6.5647983673e+03 8.2738474932e+03 1.0374725513e+04 1.2941028302e+04 1.6059775802e+04 1.9828060082e+04 2.4354118561e+04 2.9763938499e+04 3.6189137953e+04 4.3779505837e+04 5.2697279035e+04 6.3111609919e+04 7.5211526396e+04 8.9185826119e+04 1.0523420598e+05 1.2356726718e+05 1.4438366147e+05 1.6789438770e+05 1.9429645222e+05 2.2377352586e+05 2.5651352800e+05 2.9265805200e+05 3.3234366793e+05 3.7567575267e+05 4.2271390003e+05 4.7350175490e+05 5.2802003835e+05 5.8621474854e+05 6.4799424575e+05 7.1319872021e+05 7.8164082178e+05 8.5307466170e+05 9.2720841021e+05 1.0037224795e+06 1.0822399802e+06 1.1623649999e+06 1.2436718912e+06 1.3257129341e+06 1.4080314968e+06 1.4901640353e+06 1.5716518077e+06 1.6520430990e+06 1.7309114257e+06 1.8078472918e+06 1.8824776958e+06 1.9544694838e+06 2.0235142521e+06 2.0893715768e+06 2.1518308036e+06 2.2107301794e+06 2.2659677941e+06 2.3174666527e+06 2.3652156903e+06 2.4092355221e+06 2.4495753214e+06 2.4863389186e+06 2.5196376656e+06 2.5496186841e+06 2.5764490520e+06 2.6002922492e+06 2.6213444759e+06 2.6397882502e+06 2.6558079775e+06 2.6695905064e+06 2.6813003844e+06 2.6911021161e+06 2.6991391330e+06 2.7055334515e+06 2.7103957766e+06 2.7138063982e+06 2.7158272719e+06 2.7164974316e+06 2.7158237505e+06 2.7137994281e+06 2.7103851881e+06 2.7055190661e+06 2.6991207788e+06 2.6910794293e+06 2.6812730983e+06 2.6695582110e+06 2.6557704667e+06 2.6397448076e+06 2.6212949008e+06 2.6002360083e+06 2.5763858367e+06 2.5495478353e+06 2.5195590906e+06 2.4862521094e+06 2.4494799253e+06 2.4091313573e+06 2.3651026994e+06 2.3173446782e+06 2.2658368336e+06 2.2105904105e+06 2.1516824126e+06 2.0892149427e+06 2.0233496659e+06 1.9542977050e+06 1.8822992720e+06 1.8076630630e+06 1.7307221623e+06 1.6518498281e+06 1.5714553394e+06 1.4899655292e+06 1.4078320864e+06 1.3255135595e+06 1.2434737350e+06 1.1621691356e+06 1.0820474219e+06 1.0035342162e+06 9.2702529076e+05 8.5289753853e+05 7.8147046171e+05 7.1303576746e+05 6.4783919492e+05 5.8606802588e+05 5.2788201998e+05 4.7337256838e+05 4.2259366633e+05 3.7556445264e+05 3.3224119976e+05 2.9256423024e+05 2.5642809269e+05 2.2369615269e+05 1.9422677121e+05 1.6783196804e+05 1.4432806753e+05 1.2351800720e+05 1.0519079845e+05 8.9147793598e+04 7.5178376978e+04 6.3082880735e+04 5.2672513136e+04 4.3758276758e+04 3.6171038980e+04 2.9748592679e+04 2.4341177328e+04 1.9817206676e+04 1.6050723217e+04 1.2933520424e+04 1.0368531925e+04 8.2687665063e+03 6.5606518109e+03 5.1781933380e+03 4.0656146163e+03 3.1757316625e+03 2.4674303067e+03 1.9071572501e+03 1.4663658897e+03 1.1213963153e+03 8.5320600889e+02 6.4565143693e+02 4.8600137507e+02 3.6391171012e+02 2.7100903391e+02 2.0077756644e+02 1.4794349380e+02 1.0842268073e+02 7.9046847246e+01 5.7312540169e+01 4.1334984123e+01 2.9651719169e+01 2.1152659467e+01 1.5012677757e+01 1.0595603354e+01 7.4378360078e+00 5.1935239606e+00 0.0000000000e+00 0.0000000000e+00 0.0000000000e+00 0.0000000000e+00 0.0000000000e+00
0.0000000000e+00 0.0000000000e+00 0.0000000000e+00 0.0000000000e+00 0.0000000000e+00 4.0079288721e+00 5.7397365226e+00 8.1763371702e+00 1.1584551891e+01 1.6322033369e+01 2.2879555922e+01 3.1893642493e+01 4.4220624370e+01 6.0988624504e+01 8.3651491568e+01 1.1414026921e+02 1.5489873578e+02 2.0907704026e+02 2.8074279631e+02 3.7492147940e+02 4.9807110310e+02 6.5816944692e+02 8.6503499406e+02 1.1311177746e+03 1.4711029407e+03 1.9032362439e+03 2.4495313223e+03 3.1358622298e+03 3.9939325229e+03 5.0601257142e+03 6.3774491753e+03 7.9967898688e+03 9.9748743079e+03 1.2378775940e+04 1.5283332407e+04 1.8771971733e+04 2.2941800466e+04 2.7894268391e+04 3.3744829007e+04 4.0618531311e+04 4.8645758033e+04 5.7972200251e+04 6.8743386201e+04 8.1113228154e+04 9.5244066575e+04 1.1128900640e+05 1.2941068323e+05 1.4976093646e+05 1.7248134127e+05 1.9771674869e+05 2.2557628935e+05 2.5616520641e+05 2.8956474381e+05 3.2582081604e+05 3.6496709386e+05 4.0698866399e+05 4.5184394902e+05 4.9946229308e+05 5.4972052905e+05 6.0247421723e+05 6.5753386396e+05 7.1467452666e+05 7.7364986698e+05 8.3416941105e+05 8.9592793328e+05 9.5859741309e+05 1.0218327318e+06 1.0852820049e+06 1.1485878113e+06 1.2113967162e+06 1.2733603622e+06 1.3341501980e+06 1.3934505425e+06 1.4509738263e+06 1.5064634349e+06 1.5596814307e+06 1.6104426854e+06 1.6585847374e+06 1.7039828991e+06 1.7465587926e+06 1.7862528868e+06 1.8230566702e+06 1.8569860464e+06 1.8880790083e+06 1.9164154400e+06 1.9420814230e+06 1.9651899001e+06 1.9858701728e+06 2.0042479222e+06 2.0204744702e+06 2.0346905399e+06 2.0470381752e+06 2.0576613420e+06 2.0666870120e+06 2.0742419950e+06 2.0804367227e+06 2.0853652852e+06 2.0891130862e+06 2.0917417739e+06 2.0932994574e+06 2.0938159820e+06 2.0932967064e+06 2.0917363061e+06 2.0891046613e+06 2.0853537831e+06 2.0804221434e+06 2.0742239108e+06 2.0666653315e+06 2.0576357301e+06 2.0470082296e+06 2.0346559795e+06 2.0204350482e+06 2.0042032618e+06 1.9858198384e+06 1.9651336582e+06 1.9420188382e+06 1.9163463656e+06 1.8880031094e+06 1.8569032160e+06 1.8229667617e+06 1.7861558309e+06 1.7464546355e+06 1.7038717566e+06 1.6584667163e+06 1.6103181318e+06 1.5595505772e+06 1.5063268242e+06 1.4508319550e+06 1.3933040813e+06 1.3339997045e+06 1.2732066080e+06 1.2112404723e+06 1.1484299736e+06 1.0851233649e+06 1.0216742064e+06 9.5843984933e+05 8.9577216494e+05 8.3401618704e+05 7.7350013901e+05 7.1452889651e+05 6.5739301331e+05 6.0233874070e+05 5.4959092811e+05 4.9933898243e+05 4.5172727060e+05 4.0687887900e+05 3.6486433912e+05 3.2572517545e+05 2.8947620868e+05 2.5608370346e+05 2.2550166068e+05 1.9764878849e+05 1.7241979968e+05 1.4970551108e+05 1.2936102695e+05 1.1124477742e+05 9.5204879062e+04 8.1078700077e+04 6.8713128911e+04 5.7945827787e+04 4.8622900208e+04 4.0598828098e+04 3.3727937378e+04 2.7879865397e+04 2.2929587585e+04 1.8761673238e+04 1.5274695541e+04 1.2371571688e+04 9.9688980990e+03 7.9918600151e+03 6.3734045941e+03 5.0568253209e+03 3.9912543785e+03 3.1337009450e+03 2.4477965374e+03 1.9018515368e+03 1.4700037366e+03 1.1302499647e+03 8.6435374120e+02 6.5763743905e+02 4.9765798546e+02 3.7460243841e+02 2.8049775179e+02 2.0888987990e+02 1.5475655999e+02 1.1403285794e+02 8.3570800949e+01 6.0928330291e+01 4.4175825235e+01 3.1860536373e+01 2.2855226137e+01 1.6304253426e+01 1.1571627918e+01 8.1669954126e+00 5.7330214911e+00 4.0031278447e+00 0.0000000000e+00 0.0000000000e+00 0.0000000000e+00 0.0000000000e+00 0.0000000000e+00
0.0000000000e+00 0.0000000000e+00 0.0000000000e+00 0.0000000000e+00 0.0000000000e+00 2.9582005941e+00 4.3850161789e+00 6.2465071793e+00 8.8502776306e+00 1.2469560371e+01 1.7479287797e+01 2.4365735485e+01 3.3783104115e+01 4.6593230143e+01 6.3906788085e+01 8.7199001404e+01 1.1833680777e+02 1.5972675718e+02 2.1447630839e+02 2.8642468011e+02 3.8050544284e+02 5.0281318084e+02 6.6084875122e+02 8.6412315207e+02 1.1238551383e+03 1.4539833498e+03 1.8713251240e+03 2.3956464862e+03 3.0511669781e+03 3.8656818342e+03 4.8720456400e+03 6.1091327836e+03 7.6202789440e+03 9.4567243838e+03 1.1675639445e+04 1.4340757994e+04 1.7526262959e+04 2.1309654650e+04 2.5779131967e+04 3.1030226042e+04 3.7162536820e+04 4.4287363436e+04 5.2515878361e+04 6.1965663075e+04 7.2760727167e+04 8.5018039527e+04 9.8861832544e+04 1.1440811305e+05 1.3176501329e+05 1.5104320784e+05 1.7232604860e+05 1.9569395581e+05 2.2120896209e+05 2.4890615759e+05 2.7881126432e+05 3.1091289626e+05 3.4517923770e+05 3.8155638273e+05 4.1995021804e+05 4.6025036188e+05 5.0231210659e+05 5.4596360336e+05 5.9101662546e+05 6.3724925748e+05 6.8442845377e+05 7.3230349578e+05 7.8061081805e+05 8.2908154614e+05 8.7744263312e+05 9.2542410786e+05 9.7275996166e+05 1.0191990317e+06 1.0645002650e+06 1.1084438308e+06 1.1508339658e+06 1.1914885995e+06 1.2302665439e+06 1.2670435912e+06 1.3017245742e+06 1.3342493962e+06 1.3645728437e+06 1.3926883035e+06 1.4186078543e+06 1.4423606424e+06 1.4640077019e+06 1.4836146103e+06 1.5012678529e+06 1.5170661217e+06 1.5311053883e+06 1.5435012704e+06 1.5543613004e+06 1.5637940618e+06 1.5719093459e+06 1.5788043050e+06 1.5845757191e+06 1.5893081846e+06 1.5930731743e+06 1.5959361474e+06 1.5979443308e+06 1.5991341398e+06 1.5995287714e+06 1.5991320424e+06 1.5979399657e+06 1.5959294860e+06 1.5930640865e+06 1.5892966296e+06 1.5845614578e+06 1.5787872640e+06 1.5718890938e+06 1.5637704387e+06 1.5543340854e+06 1.5434701427e+06 1.5310700724e+06 1.5170263400e+06 1.5012234476e+06 1.4835652358e+06 1.4639532063e+06 1.4423008014e+06 1.4185425609e+06 1.3926173676e+06 1.3644963270e+06 1.3341672679e+06 1.3016368971e+06 1.2669505317e+06 1.2301683054e+06 1.1913853947e+06 1.1507261402e+06 1.1083319603e+06 1.0643846648e+06 1.0190802941e+06 9.7263862468e+05 9.2530091596e+05 8.7731812965e+05 8.2895640507e+05 7.8048570206e+05 7.3217917142e+05 6.8430555146e+05 6.3712845423e+05 5.9089848226e+05 5.4584871043e+05 5.0220100343e+05 4.6014347832e+05 4.1984798035e+05 3.8145909716e+05 3.4508720695e+05 3.1082626952e+05 2.7873019989e+05 2.4883070438e+05 2.2113911651e+05 1.9562964877e+05 1.7226717174e+05 1.5098958538e+05 1.3171645558e+05 1.1436437618e+05 9.8822652332e+04 8.4983138369e+04 7.2729801281e+04 6.1938414257e+04 5.2492001419e+04 4.4266550420e+04 3.7144496779e+04 3.1014674187e+04 2.5765799734e+04 2.1298287338e+04 1.7516623536e+04 1.4332628852e+04 1.1668821537e+04 9.4510375166e+03 7.6155614276e+03 6.1052405195e+03 4.8688521321e+03 3.8630760424e+03 3.0490523369e+03 2.3939398053e+03 1.8699551646e+03 1.4528899138e+03 1.1229870431e+03 8.6343777903e+02 6.6031062821e+02 5.0239294546e+02 3.8017909535e+02 2.8617264702e+02 2.1428272480e+02 1.5957889388e+02 1.1822447582e+02 8.7114136597e+01 6.3843027604e+01 4.6545584484e+01 3.3747701555e+01 2.4339571636e+01 1.7460058215e+01 1.2455506947e+01 8.8400615157e+00 6.2391218041e+00 4.3797075346e+00 2.9545337033e+00 0.0000000000e+00 0.0000000000e+00 0.0000000000e+00 0.0000000000e+00 0.0000000000e+00
0.0000000000e+00 0.0000000000e+00 0.0000000000e+00 0.0000000000e+00 0.0000000000e+00 0.0000000000e+00 3.3209976643e+00 4.7307909522e+00 6.7027434701e+00 9.4437843374e+00 1.3237861970e+01 1.8453250509e+01 2.5585396608e+01 3.5286996726e+01 4.8399196417e+01 6.6039227982e+01 8.9620969165e+01 1.2096696610e+02 1.6243058290e+02 2.1691934388e+02 2.8816955703e+02 3.8079678232e+02 5.0048157861e+02 6.5442684478e+02 8.5112869583e+02 1.1011432055e+03 1.4172062670e+03 1.8142871009e+03 2.3107277330e+03 2.9275774759e+03 3.6897179459e+03 4.6265890699e+03 5.7710095105e+03 7.1617835082e+03 8.8422076720e+03 1.0860547641e+04 1.3272982792e+04 1.6138205705e+04 1.9523009097e+04 2.3499737616e+04 2.8143820969e+04 3.3539546316e+04 3.9771105873e+04 4.6927540368e+04 5.5102766966e+04 6.4385363842e+04 7.4869411686e+04 8.6642764476e+04 9.9787313522e+04 1.1438685824e+05 1.3050454172e+05 1.4820124419e+05 1.6752395972e+05 1.8849925276e+05 2.1114658330e+05 2.3545736362e+05 2.6140748925e+05 2.8895611941e+05 3.1803196251e+05 3.4855149998e+05 3.8040506174e+05 4.1346251656e+05 4.4758139593e+05 4.8259358064e+05 5.1832255050e+05 5.5457850294e+05 5.9116179535e+05 6.2786885084e+05 6.6449286735e+05 7.0082939587e+05 7.3667694877e+05 7.7184538907e+05 8.0615215076e+05 8.3943073781e+05 8.7153282782e+05 9.0232074566e+05 9.3168740014e+05 9.5953875454e+05 9.8580269116e+05 1.0104338192e+06 1.0333978498e+06 1.0546896769e+06 1.0743186924e+06 1.0923067235e+06 1.1087000602e+06 1.1235483815e+06 1.1369172643e+06 1.1488813105e+06 1.1595133030e+06 1.1689007491e+06 1.1771250600e+06 1.1842684743e+06 1.1904142914e+06 1.1956358383e+06 1.2000065015e+06 1.2035903544e+06 1.2064415647e+06 1.2086097773e+06 1.2101304994e+06 1.2110316083e+06 1.2113303925e+06 1.2110299104e+06 1.2101270750e+06 1.2086045377e+06 1.2064345296e+06 1.2035813134e+06 1.1999953703e+06 1.1956224129e+06 1.1903984303e+06 1.1842500198e+06 1.1771037283e+06 1.1688763986e+06 1.1594856428e+06 1.1488502259e+06 1.1368824868e+06 1.1235097746e+06 1.1086574029e+06 1.0922598494e+06 1.0742675650e+06 1.0546342076e+06 1.0333379228e+06 1.0103695386e+06 9.8573405050e+05 9.5946585349e+05 9.3161049386e+05 9.0223997136e+05 8.7144850733e+05 8.3934317919e+05 8.0606168354e+05 7.7175247672e+05 7.3658203986e+05 7.0073296461e+05 6.6439542679e+05 6.2777091596e+05 5.9106391695e+05 5.5448123349e+05 5.1822638431e+05 4.8249900156e+05 4.4748893877e+05 4.1337262605e+05 3.8031810407e+05 3.4846784575e+05 3.1795195366e+05 2.8887998740e+05 2.6133545616e+05 2.3538957411e+05 2.1108314414e+05 1.8844018875e+05 1.6746928484e+05 1.4815091195e+05 1.3045845209e+05 1.1434489102e+05 9.9749302146e+04 8.6608531431e+04 7.4838745563e+04 6.4358044040e+04 5.5078558792e+04 4.6906209494e+04 3.9752411563e+04 3.3523253657e+04 2.8129698318e+04 2.3487561770e+04 1.9512570214e+04 1.6129305226e+04 1.3265434900e+04 1.0854182022e+04 8.8368687117e+03 7.1573304446e+03 5.7673151716e+03 4.6235409928e+03 3.6872168999e+03 2.9255366748e+03 2.3090714875e+03 1.8129503935e+03 1.4161332525e+03 1.1002866307e+03 8.5044870549e+02 6.5388992430e+02 5.0006002123e+02 3.8046755714e+02 2.8791386940e+02 2.1672186669e+02 1.6227889987e+02 1.2085110138e+02 8.9532942523e+01 6.5972717896e+01 4.8349228724e+01 3.5249653606e+01 2.5557648729e+01 1.8432741859e+01 1.3222787805e+01 9.4327671136e+00 6.6947339491e+00 4.7250008547e+00 3.3168349515e+00 0.0000000000e+00 0.0000000000e+00 0.0000000000e+00 0.0000000000e+00 0.0000000000e+00 0.0000000000e+00
0.0000000000e+00 0.0000000000e+00 0.0000000000e+00 0.0000000000e+00 0.0000000000e+00 0.0000000000e+00 2.4929430565e+00 3.5512124755e+00 5.0314675386e+00 7.0890376871e+00 9.9370682361e+00 1.3852000891e+01 1.9205738342e+01 2.6488219603e+01 3.6330845314e+01 4.9572246626e+01 6.7273737963e+01 9.0803378471e+01 1.2192769384e+02 1.6282915336e+02 2.1631235858e+02 2.8584189265e+02 3.7568174854e+02 4.9123863201e+02 6.3888995054e+02 8.2655933906e+02 1.0638067912e+03 1.3618685378e+03 1.7345124393e+03 2.1975386258e+03 2.7696238609e+03 3.4728661960e+03 4.3319001623e+03 5.3758532474e+03 6.6372239697e+03 8.1522413775e+03 9.9630757221e+03 1.2113781298e+04 1.4654494565e+04 1.7639517946e+04 2.1125470621e+04 2.5175618314e+04 2.9853158565e+04 3.5224924615e+04 4.1361411547e+04 4.8329108213e+04 5.6198631921e+04 6.5035922252e+04 7.4902455025e+04 8.5861128355e+04 9.7959330034e+04 1.1124276716e+05 1.2574669536e+05 1.4149107948e+05 1.5849051384e+05 1.7673854510e+05 1.9621708147e+05 2.1689546125e+05 2.3872019999e+05 2.6162856848e+05 2.8553826866e+05 3.1035163351e+05 3.3596166516e+05 3.6224224273e+05 3.8906083306e+05 4.1627498367e+05 4.4373483220e+05 4.7128754808e+05 4.9877796697e+05 5.2605256087e+05 5.5296013601e+05 5.7935794295e+05 6.0510895019e+05 6.3008822373e+05 6.5418439790e+05 6.7729410822e+05 6.9933701756e+05 7.2024250317e+05 7.3995651495e+05 7.5844489281e+05 7.7568190844e+05 7.9166381470e+05 8.0639750758e+05 8.1989949260e+05 8.3220449972e+05 8.4334986828e+05 8.5338466423e+05 8.6236498831e+05 8.7034546626e+05 8.7739177444e+05 8.8356503678e+05 8.8892698788e+05 8.9354005057e+05 8.9745938224e+05 9.0074008306e+05 9.0343011500e+05 9.0557032180e+05 9.0719771828e+05 9.0833922516e+05 9.0901555364e+05 9.0923983093e+05 9.0901424593e+05 9.0833658109e+05 9.0719367778e+05 9.0556482810e+05 9.0342311355e+05 9.0073141846e+05 8.9744896025e+05 8.9352775931e+05 8.8891261466e+05 8.8354847632e+05 8.7737287521e+05 8.7032401719e+05 8.6234085273e+05 8.5335768453e+05 8.4331985821e+05 8.3217140030e+05 8.1986314237e+05 8.0635784041e+05 7.9162072147e+05 7.7563541837e+05 7.5839498220e+05 7.3990322485e+05 7.2018595620e+05 6.9927732007e+05 6.7723141948e+05 6.5411895818e+05 6.3002023362e+05 6.0503872187e+05 5.7928583491e+05 5.5288644692e+05 5.2597771590e+05 4.9870233202e+05 4.7121155301e+05 4.4365887680e+05 4.1619948925e+05 3.8898619943e+05 3.6216884200e+05 3.3588991394e+05 3.1028182912e+05 2.8547076571e+05 2.6156362680e+05 2.3865807721e+05 2.1683636197e+05 1.9616115502e+05 1.7668591734e+05 1.5844126102e+05 1.4144523452e+05 1.2570425827e+05 1.1120368958e+05 9.7923550663e+04 8.5828545961e+04 7.4872946890e+04 6.5009346680e+04 5.6174819248e+04 4.8307896423e+04 4.1342615477e+04 3.5208362617e+04 2.9838642977e+04 2.5162967455e+04 2.1114503883e+04 1.7630063840e+04 1.4646388723e+04 1.2106869462e+04 9.9572144602e+03 8.1472985991e+03 6.6330776628e+03 5.3723945504e+03 4.3290309767e+03 3.4704988423e+03 2.7676813099e+03 2.1959534328e+03 1.7332258455e+03 1.3608301277e+03 1.0629732616e+03 8.2589398779e+02 6.3836165840e+02 4.9082149536e+02 3.7535421359e+02 2.8558609726e+02 2.1611369286e+02 1.6267571088e+02 1.2180981841e+02 9.0713341926e+01 6.7205326248e+01 4.9520557990e+01 3.6292008273e+01 2.6459195120e+01 1.9184169941e+01 1.3836058334e+01 9.9253500607e+00 7.0804729258e+00 5.0252405714e+00 3.5467108089e+00 2.4897065286e+00 0.0000000000e+00 0.0000000000e+00 0.0000000000e+00 0.0000000000e+00 0.0000000000e+00 0.0000000000e+00
0.0000000000e+00 0.0000000000e+00 0.0000000000e+00 0.0000000000e+00 0.0000000000e+00 0.0000000000e+00 1.8548054790e+00 2.6421762397e+00 3.7435091930e+00 5.2743708441e+00 7.3933417996e+00 1.0306096188e+01 1.4289331514e+01 1.9707561411e+01 2.7030545286e+01 3.6882230696e+01 5.0052225115e+01 6.7558363307e+01 9.0714930257e+01 1.2114567113e+02 1.6093718123e+02 2.1266709354e+02 2.7950776974e+02 3.6548172346e+02 4.7533368089e+02 6.1495876722e+02 7.9146943951e+02 1.0132252399e+03 1.2904693046e+03 1.6349567145e+03 2.0605825038e+03 2.5837873551e+03 3.2228986326e+03 3.9995867913e+03 4.9380301434e+03 6.0651823525e+03 7.4124163926e+03 9.0125082203e+03 1.0902757929e+04 1.3123565512e+04 1.5717053512e+04 1.8730290236e+04 2.2210292094e+04 2.6206783286e+04 3.0772207747e+04 3.5956030786e+04 4.1810790360e+04 4.8385545397e+04 5.5726024337e+04 6.3879032346e+04 7.2879815562e+04 8.2762378797e+04 9.3552960219e+04 1.0526639050e+05 1.1791355195e+05 1.3148962913e+05 1.4598115807e+05 1.6136533729e+05 1.7760236608e+05 1.9464558292e+05 2.1243376197e+05 2.3089422738e+05 2.4994739266e+05 2.6949941234e+05 2.8945168821e+05 3.0969825225e+05 3.3012758816e+05 3.5062603413e+05 3.7107810107e+05 3.9136961657e+05 4.1138804800e+05 4.3102724594e+05 4.5018522833e+05 4.6876907051e+05 4.8669590919e+05 5.0388885475e+05 5.2028811565e+05 5.3584118756e+05 5.5050781682e+05 5.6426261627e+05 5.7708642815e+05 5.8897647074e+05 5.9993790531e+05 6.0998300917e+05 6.1913755729e+05 6.2742934518e+05 6.3489495709e+05 6.4157606216e+05 6.4751329011e+05 6.5275552759e+05 6.5734825039e+05 6.6133736751e+05 6.6476934393e+05 6.6768522394e+05 6.7012597776e+05 6.7212728880e+05 6.7371950991e+05 6.7493024598e+05 6.7577947524e+05 6.7628263395e+05 6.7644945444e+05 6.7628161528e+05 6.7577743707e+05 6.7492713321e+05 6.7371526881e+05 6.7212187253e+05 6.7011931412e+05 6.6767723248e+05 6.6475988054e+05 6.6132632583e+05 6.5733549017e+05 6.5274096397e+05 6.4749677347e+05 6.4155744288e+05 6.3487416986e+05 6.2740627153e+05 6.1911206772e+05 6.0995501935e+05 5.9990736152e+05 5.8894333000e+05 5.7705064030e+05 5.6422418490e+05 5.5046678684e+05 5.3579765182e+05 5.2024215572e+05 5.0384060288e+05 4.8664550675e+05 4.6871673516e+05 4.5013118023e+05 4.3097173197e+05 4.1133133020e+05 3.9131197985e+05 3.7101987428e+05 3.5056750769e+05 3.3006911352e+05 3.0964011983e+05 2.8939420951e+05 2.6944289720e+05 2.4989214624e+05 2.3084049188e+05 2.1238178881e+05 1.9459559420e+05 1.7755454358e+05 1.6131983455e+05 1.4593810502e+05 1.3144911035e+05 1.1787562861e+05 1.0523109063e+05 9.3520280904e+04 8.2732291340e+04 7.2852268472e+04 6.3853946648e+04 5.5703303660e+04 4.8365080903e+04 4.1792456627e+04 3.5939695865e+04 3.0757734076e+04 2.6194030046e+04 2.2199115154e+04 1.8720548398e+04 1.5708608576e+04 1.3116284979e+04 1.0896515859e+04 9.0071856544e+03 7.4079025467e+03 6.0613750706e+03 4.9348368981e+03 3.9969232030e+03 3.2206886936e+03 2.5819639488e+03 2.0590862797e+03 1.6337356807e+03 1.2894783071e+03 1.0124253298e+03 7.9082730671e+02 6.1444615928e+02 4.7492670206e+02 3.6516035356e+02 2.7925541320e+02 2.1247000503e+02 1.6078411196e+02 1.2102743749e+02 9.0624102245e+01 6.7488981049e+01 4.9999505161e+01 3.6842397214e+01 2.7000614270e+01 1.9685191258e+01 1.4272706845e+01 1.0293808533e+01 7.3843092622e+00 5.2677686267e+00 3.7387088656e+00 2.6387058026e+00 1.8523103162e+00 0.0000000000e+00 0.0000000000e+00 0.0000000000e+00 0.0000000000e+00 0.0000000000e+00 0.0000000000e+00
0.0000000000e+00 0.0000000000e+00 0.0000000000e+00 0.0000000000e+00 0.0000000000e+00 0.0000000000e+00 0.0000000000e+00 1.9488435548e+00 2.7611701591e+00 3.8903084243e+00 5.4532234355e+00 7.6016142568e+00 1.0539565342e+01 1.4535931620e+01 1.9937192799e+01 2.7203549677e+01 3.6917393080e+01 4.9829442956e+01 6.6909061043e+01 8.9353863907e+01 1.1870285206e+02 1.5685716884e+02 2.0615662290e+02 2.6956806023e+02 3.5059098650e+02 4.5357335055e+02 5.8376099205e+02 7.4731954673e+02 9.5180386276e+02 1.2058838495e+03 1.5198078665e+03 1.9057017035e+03 2.3770827712e+03 2.9499339595e+03 3.6420877206e+03 4.4734237613e+03 5.4670814877e+03 6.6472340981e+03 8.0413918298e+03 9.6793518129e+03 1.1592181335e+04 1.3814595331e+04 1.6381268516e+04 1.9328875559e+04 2.2696096900e+04 2.6519414848e+04 3.0837575866e+04 3.5686763972e+04 4.1100705129e+04 4.7113919186e+04 5.3752401801e+04 6.1041232750e+04 6.8999761722e+04 7.7638931270e+04 8.6966757927e+04 9.6979692208e+04 1.0766781537e+05 1.1901429657e+05 1.3098977850e+05 1.4355985675e+05 1.5667936862e+05 1.7029470891e+05 1.8434719641e+05 1.9876758972e+05 2.1348318835e+05 2.2841583765e+05 2.4348327694e+05 2.5860168902e+05 2.7368588475e+05 2.8865166473e+05 3.0341604197e+05 3.1790070300e+05 3.3203045271e+05 3.4573674737e+05 3.5895848058e+05 3.7163892718e+05 3.8373400374e+05 3.9520497311e+05 4.0602215805e+05 4.1616685034e+05 4.2562491504e+05 4.3439427854e+05 4.4247874484e+05 4.4988738063e+05 4.5663920000e+05 4.6275472643e+05 4.6826086448e+05 4.7318844028e+05 4.7756737167e+05 4.8143374459e+05 4.8482103731e+05 4.8776316129e+05 4.9029438643e+05 4.9244495781e+05 4.9424507841e+05 4.9572112282e+05 4.9689544720e+05 4.9778842242e+05 4.9841475208e+05 4.9878584598e+05 4.9890885023e+05 4.9878504361e+05 4.9841317241e+05 4.9778604038e+05 4.9689221816e+05 4.9571699993e+05 4.9424000684e+05 4.9243882844e+05 4.9028716152e+05 4.8775471326e+05 4.8481129424e+05 4.8142261749e+05 4.7755477264e+05 4.7317425553e+05 4.6824501877e+05 4.6273707787e+05 4.5661973894e+05 4.4986599245e+05 4.4245542430e+05 4.3436895374e+05 4.2559758431e+05 4.1613751369e+05 4.0599084413e+05 3.9517173207e+05 3.8369890653e+05 3.7160206597e+05 3.5891998831e+05 3.4569678400e+05 3.3198917612e+05 3.1785830978e+05 3.0337272832e+05 2.8860765617e+05 2.7364142307e+05 2.5855699602e+05 2.4343862100e+05 2.2837144044e+05 2.1343930875e+05 1.9872443974e+05 1.8430500331e+05 1.7025367701e+05 1.5663967997e+05 1.4352168776e+05 1.3095326537e+05 1.1897954841e+05 1.0763493880e+05 9.6948751337e+04 8.6937797769e+04 7.7611974867e+04 6.8974807317e+04 6.1018256820e+04 5.3731365390e+04 4.7094759903e+04 4.1083355002e+04 3.5671133519e+04 3.0823573435e+04 2.6506939852e+04 2.2685042970e+04 1.9319135512e+04 1.6372731507e+04 1.3807153994e+04 1.1585731095e+04 9.6737911640e+03 8.0366239411e+03 6.6431680850e+03 5.4636335323e+03 4.4705158431e+03 3.6396483673e+03 2.9478990566e+03 2.3753946181e+03 1.9043087484e+03 1.5186648016e+03 1.2049510021e+03 9.5104671772e+02 7.4670844140e+02 5.8327039574e+02 4.5318170691e+02 3.5028001927e+02 2.6932250943e+02 2.0596379448e+02 1.5670656946e+02 1.1858588457e+02 8.9263515700e+01 6.6839651676e+01 4.9776415642e+01 3.6877103606e+01 2.7173106263e+01 1.9914316850e+01 1.4518833966e+01 1.0526858710e+01 7.5922218447e+00 5.4463190423e+00 3.8852616376e+00 2.7575006505e+00 1.9461904846e+00 0.0000000000e+00 0.0000000000e+00 0.0000000000e+00 0.0000000000e+00 0.0000000000e+00 0.0000000000e+00 0.0000000000e+00
0.0000000000e+00 0.0000000000e+00 0.0000000000e+00 0.0000000000e+00 0.0000000000e+00 0.0000000000e+00 0.0000000000e+00 1.4246285213e+00 2.0184447902e+00 2.8438506956e+00 3.9863474596e+00 5.5568261892e+00 7.7044702655e+00 1.0625811377e+01 1.4574122940e+01 1.9885804862e+01 2.6986579480e+01 3.6425210323e+01 4.8910286434e+01 6.5317249441e+01 8.6771072642e+01 1.1466146165e+02 1.5069876983e+02 1.9705169821e+02 2.5627830521e+02 3.3155684046e+02 4.2672185958e+02 5.4628034836e+02 6.9575459520e+02 8.8148219800e+02 1.1109542615e+03 1.3930344751e+03 1.7376036833e+03 2.1563447208e+03 2.6622926541e+03 3.2699789329e+03 3.9963174789e+03 4.8589778440e+03 5.8780698551e+03 7.0753731315e+03 8.4735973954e+03 1.0098116996e+04 1.1974279160e+04 1.4128890740e+04 1.6590223818e+04 1.9384948186e+04 2.2541384596e+04 2.6085982353e+04 3.0043394995e+04 3.4438848475e+04 3.9291352533e+04 4.4619231862e+04 5.0436635531e+04 5.6751560321e+04 6.3569860468e+04 7.0888950009e+04 7.8701569701e+04 8.6995421562e+04 9.5749049867e+04 1.0493729377e+05 1.1452714895e+05 1.2447943727e+05 1.3475125648e+05 1.4529199493e+05 1.5604851886e+05 1.6696367974e+05 1.7797738273e+05 1.8902831933e+05 2.0005425621e+05 2.1099363631e+05 2.2178578782e+05 2.3237347723e+05 2.4270174258e+05 2.5272047646e+05 2.6238500161e+05 2.7165387979e+05 2.8049489134e+05 2.8887969576e+05 2.9678660090e+05 3.0420194700e+05 3.1111539041e+05 3.1752542195e+05 3.2343482323e+05 3.2885023014e+05 3.3378553669e+05 3.3825571855e+05 3.4228048687e+05 3.4588233264e+05 3.4908315160e+05 3.5190930470e+05 3.5438527510e+05 3.5653584536e+05 3.5838606818e+05 3.5995804096e+05 3.6127386045e+05 3.6235277029e+05 3.6321115142e+05 3.6386386311e+05 3.6432168322e+05 3.6459291940e+05 3.6468285110e+05 3.6459234311e+05 3.6432049138e+05 3.6386206494e+05 3.6320869788e+05 3.6234965449e+05 3.6127000800e+05 3.5995340653e+05 3.5838058233e+05 3.5652944431e+05 3.5437790925e+05 3.5190087182e+05 3.4907360375e+05 3.4587157945e+05 3.4226846607e+05 3.3824235945e+05 3.3377079190e+05 3.2883404290e+05 3.2341716627e+05 3.1750623919e+05 3.1109468819e+05 3.0417972629e+05 2.9676288277e+05 2.8885450349e+05 2.8046829768e+05 2.7162598628e+05 2.6235586376e+05 2.5269021069e+05 2.4267048336e+05 2.3234136452e+05 2.2175298929e+05 2.1096030393e+05 2.0002058477e+05 1.8899448457e+05 1.7794356471e+05 1.6693006528e+05 1.5601528678e+05 1.4525931985e+05 1.3471930428e+05 1.2444836424e+05 1.1449709859e+05 1.0490838565e+05 9.5721397934e+04 8.6969110884e+04 7.8676674675e+04 7.0865519921e+04 6.3547934101e+04 5.6731144734e+04 5.0417738819e+04 4.4601833687e+04 3.9275420313e+04 3.4424341446e+04 3.0030255071e+04 2.6074147071e+04 2.2530781362e+04 1.9375500822e+04 1.6581853355e+04 1.4121512984e+04 1.1967813942e+04 1.0092481633e+04 8.4687123467e+03 7.0711616897e+03 5.8744586363e+03 4.8558985878e+03 3.9937058857e+03 3.2677762224e+03 2.6604450671e+03 2.1548033901e+03 1.7363249477e+03 1.3919793470e+03 1.1100884169e+03 8.8077554547e+02 6.9518109178e+02 5.4581740470e+02 4.2635023530e+02 3.3126013897e+02 2.5604271874e+02 1.9686567592e+02 1.5055268677e+02 1.1454736580e+02 8.6682453177e+01 6.5248793024e+01 4.8857694762e+01 3.6385032635e+01 2.6956050784e+01 1.9862736738e+01 1.4556788419e+01 1.0612855009e+01 7.6948410577e+00 5.5497082761e+00 3.9811147969e+00 2.8400258494e+00 2.0156636081e+00 1.4226176631e+00 0.0000000000e+00 0.0000000000e+00 0.0000000000e+00 0.0000000000e+00 0.0000000000e+00 0.0000000000e+00 0.0000000000e+00
0.0000000000e+00 0.0000000000e+00 0.0000000000e+00 0.0000000000e+00 0.0000000000e+00 0.0000000000e+00 0.0000000000e+00 0.0000000000e+00 1.4626659444e+00 2.0607917994e+00 2.8886937525e+00 4.0267275951e+00 5.5829961846e+00 7.6999121611e+00 1.0561004227e+01 1.4410038303e+01 1.9555501422e+01 2.6395043343e+01 3.5442123565e+01 4.7331105569e+01 6.2877171616e+01 8.3087323560e+01 1.0920091928e+02 1.4278943228e+02 1.8570647270e+02 2.4025505088e+02 3.0921375178e+02 3.9584835406e+02 5.0416040556e+02 6.3874216676e+02 8.0502182768e+02 1.0094220294e+03 1.2591024651e+03 1.5625286638e+03 1.9291459215e+03 2.3694837123e+03 2.8957979524e+03 3.5208922985e+03 4.2593377349e+03 5.1269165025e+03 6.1400831745e+03 7.3172253234e+03 8.6767077886e+03 1.0237955672e+04 1.2021456236e+04 1.4046530729e+04 1.6333703482e+04 1.8902137303e+04 2.1769696955e+04 2.4954661383e+04 2.8470802039e+04 3.2331401169e+04 3.6546707651e+04 4.1122515216e+04 4.6063067686e+04 5.1366487673e+04 5.7027520779e+04 6.3037247018e+04 6.9380125535e+04 7.6037925442e+04 8.2986729335e+04 9.0198149233e+04 9.7641092165e+04 1.0527889366e+05 1.1307305177e+05 1.2098215823e+05 1.2896265534e+05 1.3697013965e+05 1.4495950070e+05 1.5288613489e+05 1.6070610018e+05 1.6837790371e+05 1.7586172580e+05 1.8312126847e+05 1.9012415369e+05 1.9684033988e+05 2.0324649017e+05 2.0932209765e+05 2.1505140444e+05 2.2042453600e+05 2.2543398428e+05 2.3007866867e+05 2.3436060219e+05 2.3828457336e+05 2.4186067845e+05 2.4509974956e+05 2.4801609329e+05 2.5062597894e+05 2.5294527332e+05 2.5499308176e+05 2.5678716618e+05 2.5834545538e+05 2.5968612061e+05 2.6082516889e+05 2.6177860907e+05 2.6256039002e+05 2.6318235676e+05 2.6365529652e+05 2.6398703515e+05 2.6418356288e+05 2.6424871768e+05 2.6418312408e+05 2.6398613965e+05 2.6365394789e+05 2.6318050845e+05 2.6255804201e+05 2.6177570406e+05 2.6082167630e+05 2.5968200130e+05 2.5834065907e+05 2.5678162302e+05 2.5498676434e+05 2.5293809319e+05 2.5061789255e+05 2.4800706635e+05 2.4508973013e+05 2.4184960742e+05 2.3827241960e+05 2.3434732507e+05 2.3006426004e+05 2.2541844553e+05 2.2040784922e+05 2.1503359290e+05 2.0930318010e+05 2.0322653480e+05 1.9681938499e+05 1.9010226851e+05 1.8309854166e+05 1.7583825737e+05 1.6835379452e+05 1.6068146973e+05 1.5286111456e+05 1.4493421702e+05 1.3694472888e+05 1.2893726138e+05 1.2095691636e+05 1.1304809544e+05 1.0525435629e+05 9.7617101732e+04 9.0174812897e+04 8.2964162751e+04 7.6016221020e+04 6.9359363113e+04 6.3017488660e+04 5.7008824040e+04 5.1348894675e+04 4.6046600058e+04 4.1107186012e+04 3.6532517440e+04 3.2318334882e+04 2.8458838270e+04 2.4943766069e+04 2.1759828523e+04 1.8893248965e+04 1.6325740575e+04 1.4039436063e+04 1.2015169374e+04 1.0232415814e+04 8.6718522225e+03 7.3129928889e+03 6.1364142303e+03 5.1237533231e+03 4.2566256194e+03 3.5185794951e+03 2.8938364968e+03 2.3678293988e+03 1.9277582350e+03 1.5613709350e+03 1.2581419540e+03 1.0086294566e+03 8.0437145668e+02 6.3821137807e+02 5.0372958720e+02 3.9550060506e+02 3.0893457660e+02 2.4003216315e+02 1.8552949544e+02 1.4264967841e+02 1.0909117312e+02 8.3001608221e+01 6.2810589649e+01 4.7279675487e+01 3.5402612239e+01 2.6364856967e+01 1.9532564585e+01 1.4392705581e+01 1.0547979193e+01 7.6901766118e+00 5.5757607314e+00 4.0213789732e+00 2.8847617175e+00 2.0579174259e+00 1.4605758723e+00 0.0000000000e+00 0.0000000000e+00 0.0000000000e+00 0.0000000000e+00 0.0000000000e+00 0.0000000000e+00 0.0000000000e+00 0.0000000000e+00
0.0000000000e+00 0.0000000000e+00 0.0000000000e+00 0.0000000000e+00 0.0000000000e+00 0.0000000000e+00 0.0000000000e+00 0.0000000000e+00 1.0506209384e+00 1.4802463538e+00 2.0749156114e+00 2.8923457880e+00 4.0101846159e+00 5.5307227000e+00 7.5857832697e+00 1.0350455941e+01 1.4046316963e+01 1.8958983216e+01 2.5457256695e+01 3.3996773903e+01 4.5163050259e+01 5.9679380292e+01 7.8435935166e+01 1.0256144563e+02 1.3338727578e+02 1.7256757480e+02 2.2209807253e+02 2.8432443366e+02 3.6212077082e+02 4.5878547820e+02 5.7821734927e+02 7.2502947695e+02 9.0436427085e+02 1.1223020453e+03 1.3856268780e+03 1.7019014755e+03 2.0799285651e+03 2.5289044022e+03 3.0592942999e+03 3.6824339503e+03 4.4101414033e+03 5.2556233527e+03 6.2320704485e+03 7.3534346881e+03 8.6344293070e+03 1.0088933411e+04 1.1731687021e+04 1.3576454085e+04 1.5636065055e+04 1.7923648878e+04 2.0449096703e+04 2.3221947103e+04 2.6249560738e+04 2.9536101247e+04 3.3084614316e+04 3.6893752044e+04 4.0959738535e+04 4.5276171058e+04 4.9831882682e+04 5.4613780792e+04 5.9604686663e+04 6.4784212207e+04 7.0130023756e+04 7.5615792649e+04 8.1213854601e+04 8.6894474161e+04 9.2626372594e+04 9.8377645498e+04 1.0411591058e+05 1.0980911038e+05 1.1542569499e+05 1.2093587711e+05 1.2631102757e+05 1.3152509329e+05 1.3655482122e+05 1.4137863542e+05 1.4597976726e+05 1.5034348220e+05 1.5445848350e+05 1.5831765755e+05 1.6191562161e+05 1.6525159978e+05 1.6832704062e+05 1.7114538219e+05 1.7371386820e+05 1.7604028804e+05 1.7813490655e+05 1.8000941709e+05 1.8167521812e+05 1.8314603107e+05 1.8443460849e+05 1.8555382869e+05 1.8651673528e+05 1.8733484040e+05 1.8801963501e+05 1.8858113558e+05 1.8902785213e+05 1.8936754185e+05 1.8960579371e+05 1.8974694992e+05 1.8979373611e+05 1.8974662299e+05 1.8960513104e+05 1.8936653620e+05 1.8902648739e+05 1.8857938487e+05 1.8801747596e+05 1.8733224833e+05 1.8651367087e+05 1.8555025116e+05 1.8443048181e+05 1.8314131969e+05 1.8166987555e+05 1.8000340021e+05 1.7812818319e+05 1.7603282059e+05 1.7370562173e+05 1.7113632894e+05 1.6831716179e+05 1.6524087842e+05 1.6190404504e+05 1.5830523211e+05 1.5444522022e+05 1.5032939774e+05 1.4596490269e+05 1.4136302951e+05 1.3653852935e+05 1.3150817195e+05 1.2629354826e+05 1.2091791581e+05 1.1540735717e+05 1.0979047981e+05 1.0409708086e+05 9.8358727809e+04 9.2607459589e+04 8.6875677710e+04 8.1195271038e+04 7.5597519998e+04 7.0112157594e+04 6.4766839467e+04 5.9587882980e+04 5.4597617359e+04 4.9816420048e+04 4.5261457150e+04 4.0945815769e+04 3.6880649971e+04 3.3072351415e+04 2.9524685473e+04 2.6238992988e+04 2.3212217388e+04 2.0440187148e+04 1.7915535320e+04 1.5628716343e+04 1.3569834629e+04 1.1725756598e+04 1.0083649898e+04 8.6297476275e+03 7.3493088785e+03 6.2284544723e+03 5.2524713218e+03 4.4074089970e+03 3.6800780701e+03 3.0572744805e+03 2.5271818873e+03 2.0784677844e+03 1.7006694330e+03 1.3845933254e+03 1.1214398117e+03 9.0364891246e+02 7.2443919281e+02 5.7773296441e+02 4.5839015002e+02 3.6179989548e+02 2.8406542046e+02 2.2189013171e+02 1.7240155681e+02 1.3325545024e+02 1.0245734485e+02 7.8354186112e+01 5.9615529161e+01 4.5113454837e+01 3.3958462241e+01 2.5427822821e+01 1.8936496685e+01 1.4029229298e+01 1.0337543693e+01 7.5760801111e+00 5.5234698763e+00 4.0047940551e+00 2.8883609659e+00 2.0719860931e+00 1.4781048631e+00 1.0490636949e+00 0.0000000000e+00 0.0000000000e+00 0.0000000000e+00 0.0000000000e+00 0.0000000000e+00 0.0000000000e+00 0.0000000000e+00 0.0000000000e+00
0.0000000000e+00 0.0000000000e+00 0.0000000000e+00 0.0000000000e+00 0.0000000000e+00 0.0000000000e+00 0.0000000000e+00 0.0000000000e+00 7.4789167805e-01 1.0537294597e+00 1.4770477508e+00 2.0589381624e+00 2.8546738810e+00 3.9370693247e+00 5.3999618706e+00 7.3679865096e+00 9.9988701819e+00 1.3495924414e+01 1.8121675517e+01 2.4200460348e+01 3.2149066924e+01 4.2482358692e+01 5.5833986229e+01 7.3007407911e+01 9.4950331373e+01 1.2284021304e+02 1.5809766675e+02 2.0239239291e+02 2.5777024930e+02 3.2657908081e+02 4.1159415879e+02 5.1609911439e+02 6.4375446068e+02 7.9888826769e+02 9.8632947538e+02 1.2114614182e+03 1.4805499516e+03 1.8001410083e+03 2.1776841166e+03 2.6212477479e+03 3.1392445836e+03 3.7410749115e+03 4.4361281144e+03 5.2343350464e+03 6.1461693127e+03 7.1815094722e+03 8.3508472582e+03 9.6639804706e+03 1.1130041502e+04 1.2758375919e+04 1.4556023688e+04 1.6529774433e+04 1.8684868567e+04 2.1024265649e+04 2.3550139100e+04 2.6261524962e+04 2.9155736347e+04 3.2228217556e+04 3.5471016564e+04 3.8874815923e+04 4.2427387729e+04 4.6114217508e+04 4.9919409836e+04 5.3824223669e+04 5.7808968267e+04 6.1852473495e+04 6.5932479420e+04 7.0026277451e+04 7.4110808854e+04 7.8163267871e+04 8.2161186363e+04 8.6083364654e+04 8.9909428267e+04 9.3620831372e+04 9.7201021480e+04 1.0063463941e+05 1.0390974766e+05 1.0701586302e+05 1.0994494210e+05 1.1269192352e+05 1.1525297183e+05 1.1762754168e+05 1.1981665483e+05 1.2182276139e+05 1.2365102390e+05 1.2530698285e+05 1.2679793837e+05 1.2813222847e+05 1.2931795120e+05 1.3036488631e+05 1.3128210346e+05 1.3207877081e+05 1.3276416574e+05 1.3334650002e+05 1.3383393526e+05 1.3423361844e+05 1.3455158796e+05 1.3479337443e+05 1.3496296999e+05 1.3506343727e+05 1.3509673741e+05 1.3506319727e+05 1.3496247567e+05 1.3479263295e+05 1.3455058231e+05 1.3423232355e+05 1.3383234305e+05 1.3334458365e+05 1.3276190997e+05 1.3207612639e+05 1.3127905786e+05 1.3036140460e+05 1.2931400562e+05 1.2812778141e+05 1.2679297371e+05 1.2530146297e+05 1.2364493270e+05 1.2181607557e+05 1.1980935112e+05 1.1761962007e+05 1.1524442068e+05 1.1268274373e+05 1.0993514889e+05 1.0700546803e+05 1.0389877149e+05 1.0062311520e+05 9.7188989961e+04 9.3608338221e+04 8.9896525872e+04 8.6070105402e+04 8.2147645475e+04 7.8149512063e+04 7.4096906631e+04 7.0012305827e+04 6.5918515408e+04 6.1838597243e+04 5.7795246489e+04 5.3810734721e+04 4.9906221778e+04 4.6101391456e+04 4.2414982116e+04 3.8862883134e+04 3.5459599360e+04 3.2217353773e+04 2.9145458671e+04 2.6251851526e+04 2.3541085687e+04 2.1015837968e+04 1.8677066170e+04 1.6522591052e+04 1.4549446003e+04 1.2752386018e+04 1.1124615824e+04 9.6590933249e+03 8.3464687017e+03 7.1776087220e+03 6.1427126195e+03 5.2312888289e+03 4.4334583156e+03 3.7387476702e+03 3.1372271580e+03 2.6195083896e+03 2.1761926584e+03 1.7988691300e+03 1.4794713128e+03 1.2105516514e+03 9.8556635401e+02 7.9825161496e+02 6.4322625462e+02 5.1566326394e+02 4.1123647935e+02 3.2628717352e+02 2.5753330692e+02 2.0220113336e+02 1.5794412146e+02 1.2271762552e+02 9.4852990185e+01 7.2930539952e+01 5.5773624270e+01 4.2435209535e+01 3.2112444064e+01 2.4172169413e+01 1.8099939604e+01 1.3479319160e+01 9.9862513418e+00 7.3584507652e+00 5.3927960021e+00 3.9317129876e+00 2.8506927703e+00 2.0559952216e+00 1.4748841103e+00 1.0521477939e+00 7.4674153221e-01 0.0000000000e+00 0.0000000000e+00 0.0000000000e+00 0.0000000000e+00 0.0000000000e+00 0.0000000000e+00 0.0000000000e+00 0.0000000000e+00
0.0000000000e+00 0.0000000000e+00 0.0000000000e+00 0.0000000000e+00 0.0000000000e+00 0.0000000000e+00 0.0000000000e+00 0.0000000000e+00 0.0000000000e+00 7.4373029331e-01 1.0425090248e+00 1.4532073387e+00 2.0148363432e+00 2.7787876117e+00 3.8112901885e+00 5.2003099459e+00 7.0571671532e+00 9.5253562977e+00 1.2790162355e+01 1.7080496723e+01 2.2690518063e+01 2.9983604925e+01 3.9406971111e+01 5.1527677701e+01 6.7014588529e+01 8.6698724174e+01 1.1158270576e+02 1.4284494614e+02 1.8192936832e+02 2.3049299739e+02 2.9049450052e+02 3.6425137701e+02 4.5434706465e+02 5.6383611432e+02 6.9612669639e+02 8.5501808074e+02 1.0449324437e+03 1.2704897077e+03 1.5369473362e+03 1.8499997293e+03 2.2155842268e+03 2.6403350967e+03 3.1308788116e+03 3.6942240996e+03 4.3377627976e+03 5.0684667587e+03 5.8937403191e+03 6.8204985640e+03 7.8551859124e+03 9.0043986260e+03 1.0273104931e+04 1.1666096216e+04 1.3187070988e+04 1.4838117700e+04 1.6620770020e+04 1.8534348158e+04 2.0576955317e+04 2.2745375069e+04 2.5033998540e+04 2.7436245574e+04 2.9943488175e+04 3.2545483450e+04 3.5231012644e+04 3.7986845797e+04 4.0799090322e+04 4.3652807749e+04 4.6532280113e+04 4.9421486227e+04 5.2304153543e+04 5.5164181100e+04 5.7985719587e+04 6.0753801267e+04 6.3454050979e+04 6.6073379081e+04 6.8600097459e+04 7.1023375827e+04 7.3334785706e+04 7.5526925381e+04 7.7594126756e+04 7.9532808913e+04 8.1340272798e+04 8.3016123892e+04 8.4561089425e+04 8.5976903038e+04 8.7267197601e+04 8.8435891962e+04 8.9488135788e+04 9.0429808313e+04 9.1266637076e+04 9.2005511341e+04 9.2652834187e+04 9.3215081993e+04 9.3698805081e+04 9.4109785463e+04 9.4453793932e+04 9.4735864309e+04 9.4960273376e+04 9.5130919047e+04 9.5250602451e+04 9.5321508478e+04 9.5345003904e+04 9.5321329756e+04 9.5250244181e+04 9.5130373686e+04 9.4959536516e+04 9.4734919829e+04 9.4452627093e+04 9.4108380868e+04 9.3697149022e+04 9.3213148742e+04 9.2650605626e+04 9.2002961847e+04 9.1263750873e+04 9.0426557193e+04 8.9484500876e+04 8.8431855487e+04 8.7262741927e+04 8.5972007776e+04 8.4555748375e+04 8.3010325068e+04 8.1334014375e+04 7.9526091752e+04 7.7586956161e+04 7.5519314060e+04 7.3326752604e+04 7.1014940645e+04 6.8591289301e+04 6.6064230632e+04 6.3444604328e+04 6.0744095264e+04 5.7975806241e+04 5.5154110456e+04 5.2293974577e+04 4.9411257355e+04 4.6522056838e+04 4.3642645299e+04 4.0789046371e+04 3.7976968858e+04 3.5221354654e+04 3.2536091201e+04 2.9934405322e+04 2.7427507524e+04 2.5025638185e+04 2.2737421892e+04 2.0569429423e+04 1.8527265909e+04 1.6614141360e+04 1.4831947158e+04 1.3181358133e+04 1.1660836391e+04 1.0268288737e+04 9.0000128366e+03 7.8512135220e+03 6.8169200869e+03 5.8905344913e+03 5.0656105190e+03 4.3352318468e+03 3.6919937339e+03 3.1289239849e+03 2.6386310289e+03 2.2141071031e+03 1.8487261784e+03 1.5358553008e+03 1.2695584645e+03 1.0441426860e+03 8.5435196041e+02 6.9556793348e+02 5.6336996050e+02 4.5396029325e+02 3.6393222822e+02 2.9023260666e+02 2.3027925020e+02 1.8175587754e+02 1.4270490348e+02 1.1147027444e+02 8.6608957581e+01 6.6943313285e+01 5.1471391983e+01 3.9362767096e+01 2.9949076693e+01 2.2663698967e+01 1.7059779424e+01 1.2774245023e+01 9.5131954584e+00 7.0479262292e+00 5.1933266655e+00 3.8060424613e+00 2.7748650829e+00 2.0119207593e+00 1.4510520892e+00 1.0409245074e+00 7.4257196009e-01 0.0000000000e+00 0.0000000000e+00 0.0000000000e+00 0.0000000000e+00 0.0000000000e+00 0.0000000000e+00 0.0000000000e+00 0.0000000000e+00 0.0000000000e+00
0.0000000000e+00 0.0000000000e+00 0.0000000000e+00 0.0000000000e+00 0.0000000000e+00 0.0000000000e+00 0.0000000000e+00 0.0000000000e+00 0.0000000000e+00 5.2022686962e-01 7.2921577170e-01 1.0164892108e+00 1.4093339636e+00 1.9436965882e+00 2.6659018599e+00 3.6374779955e+00 4.9362893584e+00 6.6627039625e+00 8.9463200301e+00 1.1947251027e+01 1.5871246549e+01 2.0972472094e+01 2.7563731407e+01 3.6041655532e+01 4.6874077257e+01 6.0642252183e+01 7.8047455614e+01 9.9913927563e+01 1.2725159538e+02 1.6121946243e+02 2.0318749061e+02 2.5477663570e+02 3.1779383944e+02 3.9437558816e+02 4.8690564656e+02 5.9804138531e+02 7.3087578520e+02 8.8864016820e+02 1.0750118213e+03 1.2939735785e+03 1.5496780982e+03 1.8467655074e+03 2.1898708223e+03 2.5838959888e+03 3.0340107880e+03 3.5450919321e+03 4.1223177501e+03 4.7705249680e+03 5.4942212380e+03 6.2980196335e+03 7.1853946911e+03 8.1596986268e+03 9.2235168159e+03 1.0378311842e+04 1.1625154005e+04 1.2963569555e+04 1.4392229895e+04 1.5908887493e+04 1.7509616967e+04 1.9189818601e+04 2.0943455302e+04 2.2763363732e+04 2.4641697784e+04 2.6569202173e+04 2.8536162720e+04 3.0532128588e+04 3.2546107582e+04 3.4566893646e+04 3.6583105500e+04 3.8583484888e+04 4.0556939386e+04 4.2493004137e+04 4.4381628482e+04 4.6213650155e+04 4.7980901990e+04 4.9675803007e+04 5.1292458091e+04 5.2825694778e+04 5.4271545284e+04 5.5627505605e+04 5.6891692734e+04 5.8063820811e+04 5.9144410213e+04 6.0134663852e+04 6.1037126738e+04 6.1854540515e+04 6.2590505455e+04 6.3249131731e+04 6.3834432095e+04 6.4351218422e+04 6.4803969871e+04 6.5197221341e+04 6.5535548326e+04 6.5822997428e+04 6.6063605676e+04 6.6260890326e+04 6.6417849691e+04 6.6537197315e+04 6.6620909330e+04 6.6670498859e+04 6.6686932389e+04 6.6670370802e+04 6.6620647085e+04 6.6536805292e+04 6.6417310771e+04 6.6260207402e+04 6.6062757670e+04 6.5821980103e+04 6.5534347113e+04 6.5195819156e+04 6.4802354385e+04 6.4349366661e+04 6.3832335725e+04 6.3246774321e+04 6.2587865584e+04 6.1851606540e+04 6.1033891289e+04 6.0131110500e+04 5.9140532689e+04 5.8059612847e+04 5.6887148026e+04 5.5622631835e+04 5.4266340454e+04 5.2820171734e+04 5.1286625686e+04 4.9669678737e+04 4.7974507434e+04 4.6207010713e+04 4.4374770503e+04 4.2485959894e+04 4.0549743803e+04 3.8576172167e+04 3.6575716713e+04 3.4559470158e+04 3.2538687676e+04 3.0524752786e+04 2.8528871198e+04 2.6562033231e+04 2.4634687536e+04 2.2756546499e+04 2.0936862280e+04 1.9183476397e+04 1.7503550104e+04 1.5903114553e+04 1.4386767979e+04 1.2958428694e+04 1.1620342313e+04 1.0373832667e+04 9.2193704396e+03 8.1558807707e+03 7.1818988971e+03 6.2948358510e+03 5.4913378339e+03 4.7679276057e+03 4.1199908337e+03 3.5430187033e+03 3.0321737005e+03 2.5822769366e+03 2.1884518965e+03 1.8455287527e+03 1.5486059092e+03 1.2930491517e+03 1.0742192054e+03 8.8796424954e+02 7.3030254788e+02 5.9755787038e+02 4.8650006799e+02 3.9403722348e+02 3.1751309484e+02 2.5454498224e+02 2.0299738784e+02 1.6106430737e+02 1.2712565989e+02 9.9812272937e+01 7.7965844227e+01 6.0577091064e+01 4.6822338672e+01 3.6000797657e+01 2.7531646177e+01 2.0947409550e+01 1.5851779266e+01 1.1932212805e+01 8.9347663594e+00 6.6538768175e+00 4.9295815328e+00 3.6324090998e+00 2.6620923702e+00 1.9408491574e+00 1.4072175326e+00 1.0149246332e+00 7.2806556818e-01 5.1938603580e-01 0.0000000000e+00 0.0000000000e+00 0.0000000000e+00 0.0000000000e+00 0.0000000000e+00 0.0000000000e+00 0.0000000000e+00 0.0000000000e+00 0.0000000000e+00
0.0000000000e+00 0.0000000000e+00 0.0000000000e+00 0.0000000000e+00 0.0000000000e+00 0.0000000000e+00 0.0000000000e+00 0.0000000000e+00 0.0000000000e+00 0.0000000000e+00 5.0559718989e-01 7.0477461644e-01 9.7714797176e-01 1.3476398220e+00 1.8483682312e+00 2.5219920735e+00 3.4224961969e+00 4.6194671660e+00 6.2027586045e+00 8.2833788737e+00 1.1003976851e+01 1.4540769411e+01 1.9110626383e+01 2.4988535516e+01 3.2498850751e+01 4.2044557661e+01 5.4111859416e+01 6.9272196676e+01 8.8225769048e+01 1.1177609830e+02 1.4087299376e+02 1.7664027004e+02 2.2033064958e+02 2.7342538257e+02 3.3757711737e+02 4.1462818096e+02 5.0672292478e+02 6.1610159397e+02 7.4531366373e+02 8.9712033251e+02 1.0744006346e+03 1.2803715096e+03 1.5182463870e+03 1.7914235542e+03 2.1034874462e+03 2.4578186366e+03 2.8580076035e+03 3.3074071100e+03 3.8091423081e+03 4.3664116711e+03 4.9816239281e+03 5.6571025191e+03 6.3946401588e+03 7.1952511820e+03 8.0596765945e+03 8.9875884318e+03 9.9780663218e+03 1.1029550241e+04 1.2139320412e+04 1.3304186321e+04 1.4519964067e+04 1.5781685955e+04 1.7083912797e+04 1.8420229353e+04 1.9783898988e+04 2.1167676086e+04 2.2563942382e+04 2.3964927390e+04 2.5362739214e+04 2.6749575471e+04 2.8117744844e+04 2.9459992129e+04 3.0769347627e+04 3.2039461962e+04 3.3264670986e+04 3.4439720971e+04 3.5560525839e+04 3.6623495240e+04 3.7625880681e+04 3.8565949515e+04 3.9442388225e+04 4.0255010090e+04 4.1004164277e+04 4.1690691534e+04 4.2316356718e+04 4.2883056636e+04 4.3393289695e+04 4.3849907372e+04 4.4255685266e+04 4.4613966075e+04 4.4927852850e+04 4.5200488066e+04 4.5435044039e+04 4.5634329164e+04 4.5801136514e+04 4.5937913031e+04 4.6046727945e+04 4.6129470834e+04 4.6187503946e+04 4.6221883526e+04 4.6233274174e+04 4.6221791341e+04 4.6187317010e+04 4.6129185686e+04 4.6046340865e+04 4.5937419902e+04 4.5800527487e+04 4.5633595971e+04 4.5434178794e+04 4.5199476804e+04 4.4926688473e+04 4.4612635806e+04 4.4254177292e+04 4.3848209948e+04 4.3391392298e+04 4.2880948073e+04 4.2314028189e+04 4.1688134876e+04 4.1001373669e+04 4.0251979987e+04 3.9439120090e+04 3.8562440267e+04 3.7622137017e+04 3.6619520399e+04 3.5556329069e+04 3.4435313982e+04 3.3260068329e+04 3.2034682719e+04 3.0764412843e+04 2.9454922916e+04 2.8112565915e+04 2.6744313915e+04 2.5357422980e+04 2.3959585230e+04 2.2558603304e+04 2.1162368893e+04 1.9778651940e+04 1.8415070641e+04 1.7078868520e+04 1.5776780283e+04 1.4515218604e+04 1.3299622008e+04 1.2134953648e+04 1.1025395724e+04 9.9741353094e+03 8.9838889110e+03 8.0562140244e+03 7.1920276378e+03 6.3916563509e+03 5.6543550720e+03 4.9791081577e+03 4.3641205447e+03 3.8070672904e+03 3.3055380362e+03 2.8563330474e+03 2.4563265917e+03 2.1021654316e+03 1.7902585128e+03 1.5172252879e+03 1.2794814653e+03 1.0736290565e+03 8.9645513081e+02 7.4474325418e+02 6.1561519045e+02 5.0631039881e+02 4.1428024359e+02 3.3728524438e+02 2.7318189048e+02 2.2012863325e+02 1.7647356083e+02 1.4073619736e+02 1.1166445101e+02 8.8135143245e+01 6.9199046407e+01 5.4053129130e+01 4.1997668890e+01 3.2461618557e+01 2.4959133982e+01 1.9087537270e+01 1.4522734522e+01 1.0989968427e+01 8.2725567963e+00 6.1944442354e+00 4.6131151579e+00 3.4176688308e+00 2.5183442058e+00 1.8456268025e+00 1.3455907627e+00 9.7562488833e-01 7.0364873270e-01 5.0476944619e-01 0.0000000000e+00 0.0000000000e+00 0.0000000000e+00 0.0000000000e+00 0.0000000000e+00 0.0000000000e+00 0.0000000000e+00 0.0000000000e+00 0.0000000000e+00 0.0000000000e+00
0.0000000000e+00 0.0000000000e+00 0.0000000000e+00 0.0000000000e+00 0.0000000000e+00 0.0000000000e+00 0.0000000000e+00 0.0000000000e+00 0.0000000000e+00 0.0000000000e+00 3.4751456625e-01 4.8441488410e-01 6.7162436335e-01 9.2627270967e-01 1.2704350317e+00 1.7334313342e+00 2.3523658455e+00 3.1750665153e+00 4.2632896656e+00 5.6933321223e+00 7.5632380724e+00 9.9941200962e+00 1.3135034129e+01 1.7174980798e+01 2.2336884435e+01 2.8897719926e+01 3.7191648576e+01 4.7611422950e+01 6.0638280786e+01 7.6824483915e+01 9.6822819725e+01 1.2140567626e+02 1.5143404176e+02 1.8792595360e+02 2.3201724950e+02 2.8497411828e+02 3.4827041111e+02 4.2344573986e+02 5.1225227663e+02 6.1658785689e+02 7.3843108916e+02 8.7999296188e+02 1.0434819201e+03 1.2312335799e+03 1.4457114357e+03 1.6892388203e+03 1.9642833569e+03 2.2731493848e+03 2.6179846951e+03 3.0009873844e+03 3.4238129811e+03 3.8880582138e+03 4.3949553427e+03 4.9452006853e+03 5.5393049791e+03 6.1770412837e+03 6.8577777392e+03 7.5804416842e+03 8.3431643350e+03 9.1437525144e+03 9.9793310948e+03 1.0846485478e+04 1.1741477649e+04 1.2659898268e+04 1.3597117576e+04 1.4548156337e+04 1.5507777509e+04 1.6470641939e+04 1.7431324725e+04 1.8384463438e+04 1.9324773127e+04 2.0247266500e+04 2.1147154270e+04 2.2020072799e+04 2.2862129049e+04 2.3669710294e+04 2.4440010950e+04 2.5170563525e+04 2.5859477930e+04 2.6505562783e+04 2.7107917240e+04 2.7666411440e+04 2.8181286717e+04 2.8653118176e+04 2.9083121614e+04 2.9472600517e+04 2.9823271602e+04 3.0137092088e+04 3.0415973324e+04 3.0662209998e+04 3.0877936657e+04 3.1065310725e+04 3.1226515744e+04 3.1363478248e+04 3.1478122103e+04 3.1572124206e+04 3.1646908612e+04 3.1703776038e+04 3.1743659855e+04 3.1767287141e+04 3.1775114828e+04 3.1767221477e+04 3.1743525616e+04 3.1703573431e+04 3.1646634193e+04 3.1571771034e+04 3.1477687630e+04 3.1362955429e+04 3.1225898519e+04 3.1064591138e+04 3.0877105425e+04 3.0661261162e+04 3.0414897309e+04 3.0135879802e+04 2.9821916862e+04 2.9471095626e+04 2.9081461370e+04 2.8651295106e+04 2.8179294999e+04 2.7664248992e+04 2.7105584681e+04 2.6503059184e+04 2.5856806200e+04 2.5167726574e+04 2.4437016322e+04 2.3666566075e+04 2.2858845243e+04 2.2016662951e+04 2.1143633268e+04 2.0243649679e+04 1.9321078062e+04 1.8380709270e+04 1.7427531284e+04 1.6466829227e+04 1.5503967596e+04 1.4544368897e+04 1.3593372811e+04 1.2656217195e+04 1.1737877804e+04 1.0842984625e+04 9.9759453699e+03 9.1404959786e+03 8.3400487158e+03 7.5774774867e+03 6.8549725493e+03 6.1744015636e+03 5.5368341258e+03 4.9429009783e+03 4.3928263580e+03 3.8860977428e+03 3.4220180144e+03 2.9993525769e+03 2.6165041088e+03 2.2718157297e+03 1.9630885874e+03 1.6881742614e+03 1.4447681516e+03 1.2304023385e+03 1.0427533341e+03 8.7935789455e+02 7.3788056818e+02 6.1611322835e+02 5.1184532493e+02 4.2309867888e+02 3.4797606890e+02 2.8472587369e+02 2.3180899384e+02 1.8775222501e+02 1.5128989944e+02 1.2128673513e+02 9.6725221829e+01 7.6744824206e+01 6.0573624630e+01 4.7559233283e+01 3.7149747641e+01 2.8864266250e+01 2.2310321378e+01 1.7154003306e+01 1.3118561145e+01 9.9812530538e+00 7.5532434271e+00 5.6856113562e+00 4.2573577747e+00 3.1705344886e+00 2.3489220694e+00 1.7308288564e+00 1.2684792320e+00 9.2481079958e-01 6.7053778142e-01 4.8361163832e-01 3.4692402890e-01 0.0000000000e+00 0.0000000000e+00 0.0000000000e+00 0.0000000000e+00 0.0000000000e+00 0.0000000000e+00 0.0000000000e+00 0.0000000000e+00 0.0000000000e+00 0.0000000000e+00
0.0000000000e+00 0.0000000000e+00 0.0000000000e+00 0.0000000000e+00 0.0000000000e+00 0.0000000000e+00 0.0000000000e+00 0.0000000000e+00 0.0000000000e+00 0.0000000000e+00 0.0000000000e+00 3.2995883852e-01 4.5747520969e-01 6.3092664445e-01 8.6534917182e-01 1.1807133811e+00 1.6022919601e+00 2.1626615909e+00 2.9038862151e+00 3.8779328335e+00 5.1515813758e+00 6.8073243732e+00 8.9466858219e+00 1.1698396066e+01 1.5214294251e+01 1.9683027968e+01 2.5332202824e+01 3.2429323086e+01 4.1302164829e+01 5.2326878316e+01 6.5948078416e+01 8.2691841910e+01 1.0314459558e+02 1.2799972270e+02 1.5803084815e+02 1.9410036679e+02 2.3721212562e+02 2.8841474007e+02 3.4890163027e+02 4.1996536810e+02 5.0295358590e+02 5.9937217936e+02 7.1072530682e+02 8.3860373524e+02 9.8468526987e+02 1.1505523291e+03 1.3378856503e+03 1.5482545911e+03 1.7831220784e+03 2.0439849708e+03 2.3319709876e+03 2.6481676909e+03 2.9934142018e+03 3.3681848154e+03 3.7728272051e+03 4.2071867504e+03 4.6708332378e+03 5.1630362321e+03 5.6825224986e+03 6.2277984994e+03 6.7969051745e+03 7.3875185442e+03 7.9970910655e+03 8.6226203820e+03 9.2609530239e+03 9.9086976833e+03 1.0562287522e+04 1.1218085966e+04 1.1872398496e+04 1.2521571848e+04 1.3162008119e+04 1.3790309726e+04 1.4403213609e+04 1.4997750216e+04 1.5571265854e+04 1.6121300607e+04 1.6645944496e+04 1.7143515801e+04 1.7612727896e+04 1.8052769444e+04 1.8463026190e+04 1.8843410265e+04 1.9194086104e+04 1.9515445533e+04 1.9808316391e+04 2.0073586025e+04 2.0312423911e+04 2.0526163397e+04 2.0716106313e+04 2.0883815989e+04 2.1030744989e+04 2.1158363625e+04 2.1268157879e+04 2.1361441297e+04 2.1439524112e+04 2.1503547157e+04 2.1554482691e+04 2.1593212558e+04 2.1620377102e+04 2.1636468395e+04 2.1641798819e+04 2.1636422165e+04 2.1620282877e+04 2.1593069725e+04 2.1554287798e+04 2.1503298543e+04 2.1439216843e+04 2.1361071937e+04 2.1267721443e+04 2.1157853921e+04 2.1030157333e+04 2.0883143665e+04 2.0715344843e+04 2.0525307185e+04 2.0311465724e+04 2.0072521411e+04 1.9807141269e+04 1.9514155898e+04 1.9192677591e+04 1.8841881833e+04 1.8461376563e+04 1.8050998580e+04 1.7610838610e+04 1.7141509894e+04 1.6643826970e+04 1.6119077299e+04 1.5568942698e+04 1.4995337984e+04 1.4400723131e+04 1.3787750941e+04 1.3159394760e+04 1.2518917248e+04 1.1869715236e+04 1.1215389497e+04 1.0559593292e+04 9.9060192369e+03 9.2583051925e+03 8.6200170717e+03 7.9945453213e+03 7.3850428171e+03 6.7945109941e+03 6.2254949477e+03 5.6803187524e+03 5.1609397244e+03 4.6688493330e+03 4.2053198980e+03 3.7710798011e+03 3.3665581943e+03 2.9919083584e+03 2.6467813238e+03 2.3307015255e+03 2.0428289565e+03 1.7820748730e+03 1.5473114453e+03 1.3370406906e+03 1.1497994672e+03 9.8401817112e+02 8.3801580822e+02 7.1021005241e+02 5.9892306723e+02 5.0256425739e+02 4.1962969436e+02 3.4861381380e+02 2.8816930549e+02 2.3700397585e+02 1.9392481874e+02 1.5788357984e+02 1.2787686859e+02 1.0304266851e+02 8.2607730119e+01 6.5879058908e+01 5.2270545877e+01 4.1256441278e+01 3.2392415302e+01 2.5302572268e+01 1.9659371917e+01 1.5195510341e+01 1.1683562744e+01 8.9350374174e+00 6.7982258431e+00 5.1445141188e+00 3.8724733037e+00 2.8996915517e+00 2.1594570023e+00 1.5998567781e+00 1.1788731138e+00 8.6396616601e-01 6.2989293297e-01 4.5670689237e-01 3.2939086113e-01 0.0000000000e+00 0.0000000000e+00 0.0000000000e+00 0.0000000000e+00 0.0000000000e+00 0.0000000000e+00 0.0000000000e+00 0.0000000000e+00 0.0000000000e+00 0.0000000000e+00 0.0000000000e+00
0.0000000000e+00 0.0000000000e+00 0.0000000000e+00 0.0000000000e+00 0.0000000000e+00 0.0000000000e+00 0.0000000000e+00 0.0000000000e+00 0.0000000000e+00 0.0000000000e+00 0.0000000000e+00 2.2283251353e-01 3.0894785700e-01 4.2608409381e-01 5.8439524422e-01 7.9736779905e-01 1.0820685638e+00 1.4604968961e+00 1.9610588084e+00 2.6188480974e+00 3.4789612772e+00 4.5971057970e+00 6.0418411606e+00 7.9000985079e+00 1.0274414568e+01 1.3292184149e+01 1.7107104417e+01 2.1899823156e+01 2.7891682267e+01 3.5336693302e+01 4.4535104288e+01 5.5842164244e+01 6.9653880091e+01 8.6438487248e+01 1.0671839972e+02 1.3107598387e+02 1.6018910661e+02 1.9476588892e+02 2.3561222364e+02 2.8360096466e+02 3.3964211922e+02 4.0475259626e+02 4.7994810881e+02 5.6630286530e+02 6.6494985055e+02 7.7695761619e+02 9.0346110768e+02 1.0455201124e+03 1.2041223202e+03 1.3802787375e+03 1.5747507402e+03 1.7882726829e+03 2.0214112877e+03 2.2744866824e+03 2.5477336375e+03 2.8410479433e+03 3.1541387699e+03 3.4865129502e+03 3.8373106661e+03 4.2055233056e+03 4.5898285646e+03 4.9886556365e+03 5.4002859373e+03 5.8226908862e+03 6.2537415059e+03 6.6911475116e+03 7.1325003465e+03 7.5753442513e+03 8.0171846890e+03 8.4555550160e+03 8.8880247806e+03 9.3123002271e+03 9.7261783503e+03 1.0127652436e+04 1.0514932054e+04 1.0886356149e+04 1.1240633756e+04 1.1576630490e+04 1.1893476328e+04 1.2190624615e+04 1.2467659995e+04 1.2724522491e+04 1.2961324277e+04 1.3178329393e+04 1.3376097094e+04 1.3555225816e+04 1.3716506203e+04 1.3860839249e+04 1.3989102909e+04 1.4102351738e+04 1.4201568628e+04 1.4287746588e+04 1.4361887727e+04 1.4424878807e+04 1.4477606324e+04 1.4520839342e+04 1.4555233953e+04 1.4581387664e+04 1.4599729378e+04 1.4610595726e+04 1.4614194826e+04 1.4610563316e+04 1.4599663783e+04 1.4581287032e+04 1.4555097725e+04 1.4520664125e+04 1.4477390061e+04 1.4424619981e+04 1.4361580906e+04 1.4287388723e+04 1.4201156654e+04 1.4101880825e+04 1.3988568690e+04 1.3860238367e+04 1.3715834637e+04 1.3554479303e+04 1.3375272673e+04 1.3177424488e+04 1.2960336057e+04 1.2723450351e+04 1.2466503007e+04 1.2189382777e+04 1.1892151368e+04 1.1575223398e+04 1.1239148622e+04 1.0884796490e+04 1.0513303807e+04 1.0125961397e+04 9.7244317297e+03 9.3105062009e+03 8.8861920325e+03 8.4536930435e+03 8.0153033772e+03 7.5734534679e+03 7.1306106135e+03 6.6892690284e+03 6.2518842780e+03 5.8208651817e+03 5.3985005583e+03 4.9869195661e+03 4.5881493155e+03 4.2039080419e+03 3.8357654324e+03 3.4850426717e+03 3.1527476810e+03 2.8397387895e+03 2.5465082929e+03 2.2733461123e+03 2.0203553275e+03 1.7873004650e+03 1.5738605156e+03 1.3794680609e+03 1.2033880647e+03 1.0448586541e+03 9.0286855676e+02 7.7642973299e+02 6.6448206769e+02 5.6589064148e+02 4.7958680644e+02 4.0443767243e+02 3.3936911633e+02 2.8336558927e+02 2.3541042148e+02 1.9459379049e+02 1.6004315539e+02 1.3095288913e+02 1.0661513390e+02 8.6352343861e+01 6.9582411408e+01 5.5783188723e+01 4.4486709604e+01 3.5297196235e+01 2.7859623557e+01 2.1873946212e+01 1.7086329576e+01 1.3275597167e+01 1.0261244633e+01 7.8896985005e+00 6.0336737830e+00 4.5907264665e+00 3.4740062320e+00 2.6150203470e+00 1.9581179360e+00 1.4582501242e+00 1.0803612272e+00 7.9607758148e-01 5.8342568490e-01 4.2535938495e-01 3.0840919681e-01 2.2243432250e-01 0.0000000000e+00 0.0000000000e+00 0.0000000000e+00 0.0000000000e+00 0.0000000000e+00 0.0000000000e+00 0.0000000000e+00 0.0000000000e+00 0.0000000000e+00 0.0000000000e+00 0.0000000000e+00
0.0000000000e+00 0.0000000000e+00 0.0000000000e+00 0.0000000000e+00 0.0000000000e+00 0.0000000000e+00 0.0000000000e+00 0.0000000000e+00 0.0000000000e+00 0.0000000000e+00 0.0000000000e+00 0.0000000000e+00 2.0678740997e-01 2.8518916944e-01 3.9114988797e-01 5.3369614684e-01 7.2425089659e-01 9.7753835220e-01 1.3125706855e+00 1.7528362969e+00 2.3285180408e+00 3.0769009539e+00 4.0438714617e+00 5.2876122176e+00 6.8767504470e+00 8.8965495215e+00 1.1449878492e+01 1.4657641652e+01 1.8667981941e+01 2.3650904707e+01 2.9807360609e+01 3.7375111726e+01 4.6619199630e+01 5.7853004065e+01 7.1426166034e+01 8.7728452888e+01 1.0721353721e+02 1.3035535943e+02 1.5769327697e+02 1.8981145608e+02 2.2731895723e+02 2.7089635834e+02 3.2122343758e+02 3.7901914352e+02 4.4504173577e+02 5.2000637116e+02 6.0467260789e+02 6.9974968960e+02 8.0589874528e+02 9.2379624873e+02 1.0539519209e+03 1.1968570683e+03 1.3528910411e+03 1.5222680279e+03 1.7051452775e+03 1.9014528443e+03 2.1109960905e+03 2.3334450853e+03 2.5682242300e+03 2.8146586798e+03 3.0718629630e+03 3.3387863944e+03 3.6142782836e+03 3.8969813787e+03 4.1854704221e+03 4.4782128622e+03 4.7735967403e+03 5.0699781388e+03 5.3656881238e+03 5.6590752580e+03 5.9485132826e+03 6.2324670205e+03 6.5094623496e+03 6.7781559431e+03 7.0373490319e+03 7.2859311050e+03 7.5230375670e+03 7.7479083508e+03 7.9599630913e+03 8.1588340847e+03 8.3442445766e+03 8.5161539098e+03 8.6746372657e+03 8.8198718003e+03 8.9522311351e+03 9.0721159073e+03 9.1800554376e+03 9.2766527850e+03 9.3624947410e+03 9.4382888464e+03 9.5046911766e+03 9.5623668449e+03 9.6119872018e+03 9.6541452804e+03 9.6894334514e+03 9.7183677389e+03 9.7413868617e+03 9.7588903124e+03 9.7711661671e+03 9.7784381164e+03 9.7808460695e+03 9.7784153629e+03 9.7711201564e+03 9.7588203513e+03 9.7412920504e+03 9.7182461186e+03 9.6892834979e+03 9.6539650047e+03 9.6117743306e+03 9.5621185669e+03 9.5044048183e+03 9.4379612649e+03 9.3621237793e+03 9.2762349773e+03 9.1795886013e+03 9.0715970802e+03 8.9516582033e+03 8.8192428695e+03 8.6739507515e+03 8.5154090330e+03 8.3434402609e+03 8.1579707648e+03 7.9590417877e+03 7.7469303723e+03 7.5220047175e+03 7.2848471860e+03 7.0362170055e+03 6.7769803427e+03 6.5082482125e+03 6.2312196767e+03 5.9472393471e+03 5.6577809305e+03 5.3643801872e+03 5.0686637594e+03 4.7722828625e+03 4.4769069965e+03 4.1841794721e+03 3.8957121145e+03 3.6130372709e+03 3.3375795937e+03 3.0706957194e+03 2.8135358604e+03 2.5671500841e+03 2.3324231799e+03 2.1100290465e+03 1.9005428218e+03 1.7042935089e+03 1.5214751913e+03 1.3521570062e+03 1.1961812733e+03 1.0533330646e+03 9.2323274671e+02 8.0538832327e+02 6.9928994256e+02 6.0426073091e+02 5.1963942696e+02 4.4471659088e+02 3.7873262119e+02 3.2097231865e+02 2.7067746698e+02 2.2712920802e+02 1.8964786317e+02 1.5755300598e+02 1.3023574654e+02 1.0711210134e+02 8.7642897945e+01 7.1354397963e+01 5.7793135126e+01 4.6569528072e+01 3.7334124101e+01 2.9773726312e+01 2.3623455212e+01 1.8645702408e+01 1.4639657661e+01 1.1435440723e+01 8.8850225313e+00 6.8675975204e+00 5.2803847292e+00 4.0381956810e+00 3.0724678416e+00 2.3250746251e+00 1.7501762809e+00 1.3105270892e+00 9.7597704714e-01 7.2306445910e-01 5.3279960275e-01 3.9047615181e-01 2.8468558501e-01 2.0641311286e-01 0.0000000000e+00 0.0000000000e+00 0.0000000000e+00 0.0000000000e+00 0.0000000000e+00 0.0000000000e+00 0.0000000000e+00 0.0000000000e+00 0.0000000000e+00 0.0000000000e+00 0.0000000000e+00 0.0000000000e+00
0.0000000000e+00 0.0000000000e+00 0.0000000000e+00 0.0000000000e+00 0.0000000000e+00 0.0000000000e+00 0.0000000000e+00 0.0000000000e+00 0.0000000000e+00 0.0000000000e+00 0.0000000000e+00 0.0000000000e+00 1.3717659006e-01 1.8918543477e-01 2.5947568324e-01 3.5403511517e-01 4.8044111188e-01 6.4846087016e-01 8.7070610425e-01 1.1627574890e+00 1.5446366718e+00 2.0410762001e+00 2.6825143146e+00 3.5075455472e+00 4.5616923857e+00 5.9015133865e+00 7.5952445146e+00 9.7230854853e+00 1.2383303149e+01 1.5688666109e+01 1.9772472261e+01 2.4792432155e+01 3.0924356470e+01 3.8376114512e+01 4.7379630125e+01 5.8193445831e+01 7.1118492043e+01 8.6469134540e+01 1.0460314518e+02 1.2590799970e+02 1.5078769889e+02 1.7969369037e+02 2.1307685954e+02 2.5141411201e+02 2.9520837913e+02 3.4493404458e+02 4.0109491617e+02 4.6416146292e+02 5.3457216365e+02 6.1277581581e+02 6.9911034999e+02 7.9390178797e+02 8.9740170806e+02 1.0097522111e+03 1.1310574596e+03 1.2612711626e+03 1.4002642028e+03 1.5478176088e+03 1.7035496805e+03 1.8670127147e+03 2.0376195299e+03 2.2146729717e+03 2.3974097627e+03 2.5849296945e+03 2.7762874802e+03 2.9704664583e+03 3.1663973679e+03 3.3629900333e+03 3.5591371469e+03 3.7537433957e+03 3.9457302447e+03 4.1340790820e+03 4.3178123371e+03 4.4960385973e+03 4.6679637833e+03 4.8328499039e+03 4.9901242030e+03 5.1392829017e+03 5.2799403287e+03 5.4118528375e+03 5.5348367829e+03 5.6488656003e+03 5.7539885689e+03 5.8503237261e+03 5.9381184665e+03 6.0176388076e+03 6.0892359763e+03 6.1533094519e+03 6.2102492562e+03 6.2605238699e+03 6.3045691998e+03 6.3428254673e+03 6.3757393427e+03 6.4037030211e+03 6.4271095851e+03 6.4463021539e+03 6.4615708013e+03 6.4731803462e+03 6.4813229726e+03 6.4861461674e+03 6.4877434801e+03 6.4861306640e+03 6.4812912383e+03 6.4731323809e+03 6.4615052058e+03 6.4462181403e+03 6.4270063957e+03 6.4035790156e+03 6.3755921962e+03 6.3426545685e+03 6.3043718363e+03 6.2602983153e+03 6.2099934225e+03 6.1530218838e+03 6.0889144007e+03 6.0172814463e+03 5.9377238817e+03 5.8498905271e+03 5.7535156858e+03 5.6483521893e+03 5.5342826071e+03 5.4112580262e+03 5.2793054027e+03 5.1386090322e+03 4.9894128106e+03 4.8321029713e+03 4.6671839411e+03 4.4952288677e+03 4.3169757360e+03 4.1332197553e+03 3.9448523321e+03 3.7528517578e+03 3.5582360288e+03 3.3620845495e+03 3.1654923233e+03 2.9695668771e+03 2.7753980111e+03 2.5840552542e+03 2.3965546984e+03 2.2138413303e+03 2.0368152379e+03 1.8662391270e+03 1.7028096161e+03 1.5471134505e+03 1.3995979015e+03 1.2606441020e+03 1.1304705954e+03 1.0092059749e+03 8.9689600519e+02 7.9343623523e+02 6.9868401528e+02 6.1238755069e+02 5.3422052182e+02 4.6384471713e+02 4.0081114250e+02 3.4468122815e+02 2.9498436957e+02 2.5121669466e+02 2.1290385363e+02 1.7954289058e+02 1.5065697523e+02 1.2579529740e+02 1.0450651301e+02 8.6386734708e+01 7.1048610600e+01 5.8134506265e+01 4.7330191877e+01 3.8334871714e+01 3.0890138217e+01 2.4764197657e+01 1.9749302910e+01 1.5669757934e+01 1.2367956185e+01 9.7106973395e+00 7.5852997458e+00 5.8935734936e+00 4.5553880783e+00 3.5025671740e+00 2.6786048454e+00 2.0380227216e+00 1.5422649035e+00 1.1609253740e+00 8.6929853375e-01 6.4738554073e-01 4.7962398398e-01 3.5341763766e-01 2.5901166199e-01 1.8883861058e-01 1.3691881331e-01 0.0000000000e+00 0.0000000000e+00 0.0000000000e+00 0.0000000000e+00 0.0000000000e+00 0.0000000000e+00 0.0000000000e+00 0.0000000000e+00 0.0000000000e+00 0.0000000000e+00 0.0000000000e+00 0.0000000000e+00
0.0000000000e+00 0.0000000000e+00 0.0000000000e+00 0.0000000000e+00 0.0000000000e+00 0.0000000000e+00 0.0000000000e+00 0.0000000000e+00 0.0000000000e+00 0.0000000000e+00 0.0000000000e+00 0.0000000000e+00 0.0000000000e+00 1.2443275542e-01 1.7066420594e-01 2.3285785156e-01 3.1599739822e-01 4.2650682743e-01 5.7268079586e-01 7.6476686655e-01 1.0159332995e+00 1.3424465075e+00 1.7643257229e+00 2.3069544911e+00 3.0002725755e+00 3.8814781074e+00 4.9954495717e+00 6.3949327613e+00 8.1445571881e+00 1.0318489905e+01 1.3004396713e+01 1.6306004484e+01 2.0338938380e+01 2.5239911211e+01 3.1161454390e+01 3.8273606429e+01 4.6774279539e+01 5.6870228199e+01 6.8796743100e+01 8.2808671305e+01 9.9171701940e+01 1.1818274076e+02 1.4013831623e+02 1.6535207052e+02 1.9415478652e+02 2.2685843418e+02 2.6379433992e+02 3.0527193861e+02 3.5157959230e+02 4.0301240687e+02 4.5979268554e+02 5.2213484068e+02 5.9020426743e+02 6.6409442149e+02 7.4387381935e+02 8.2951203914e+02 9.2092409023e+02 1.0179660162e+03 1.1203867095e+03 1.2278917931e+03 1.3400950044e+03 1.4565379411e+03 1.5767185946e+03 1.7000448457e+03 1.8258951358e+03 1.9536007266e+03 2.0824585096e+03 2.2117513525e+03 2.3407510389e+03 2.4687374194e+03 2.5950009456e+03 2.7188718821e+03 2.8397072775e+03 2.9569209779e+03 3.0699904325e+03 3.1784305360e+03 3.2818647102e+03 3.3799612754e+03 3.4724669173e+03 3.5592213407e+03 3.6401037878e+03 3.7150966122e+03 3.7842325567e+03 3.8475889110e+03 3.9053283695e+03 3.9576262847e+03 4.0047133543e+03 4.0468524011e+03 4.0842997264e+03 4.1173635935e+03 4.1463307481e+03 4.1714907649e+03 4.1931367029e+03 4.2115276078e+03 4.2269212658e+03 4.2395433496e+03 4.2495850126e+03 4.2572205072e+03 4.2625752467e+03 4.2657471746e+03 4.2667973745e+03 4.2657365126e+03 4.2625537095e+03 4.2571874597e+03 4.2495402870e+03 4.2394862205e+03 4.2268508246e+03 4.2114427030e+03 4.1930365876e+03 4.1713738114e+03 4.1461958912e+03 4.1172095392e+03 4.0841251508e+03 4.0466558944e+03 4.0044936765e+03 3.9573822776e+03 3.9050588493e+03 3.8472928852e+03 3.7839094355e+03 3.7147459629e+03 3.6397252983e+03 3.5588150778e+03 3.4720332081e+03 3.3795009637e+03 3.2813786033e+03 3.1779203712e+03 3.0694574829e+03 2.9563675761e+03 2.8391357546e+03 2.7182849366e+03 2.5944012424e+03 2.4681281283e+03 2.3401353976e+03 2.2111326426e+03 2.0818400881e+03 1.9529860625e+03 1.8252875518e+03 1.6994474987e+03 1.5761344336e+03 1.4559698431e+03 1.3395455936e+03 1.2273632748e+03 1.1198811083e+03 1.0174849692e+03 9.2046893369e+02 8.2908367554e+02 7.4347291333e+02 6.6372124455e+02 5.8985878027e+02 5.2181676536e+02 4.5950145105e+02 4.0274716776e+02 3.5133936872e+02 3.0505556382e+02 2.6360051547e+02 2.2668574094e+02 1.9400176889e+02 1.6521722689e+02 1.4002013632e+02 1.1807972680e+02 9.9082412118e+01 8.2731688913e+01 6.8730741568e+01 5.6813942914e+01 4.6726548037e+01 3.8233349745e+01 3.1127686493e+01 2.5211740973e+01 2.0315567353e+01 1.6286720536e+01 1.2988572853e+01 1.0305575550e+01 8.1340758759e+00 6.3864723648e+00 4.9886574456e+00 3.8760557400e+00 2.9959671947e+00 2.3035546874e+00 1.7616559852e+00 1.3403612746e+00 1.0143136218e+00 7.6351575372e-01 5.7171960534e-01 4.2577249392e-01 3.1543941741e-01 2.3243620593e-01 1.7034735845e-01 1.2419592985e-01 0.0000000000e+00 0.0000000000e+00 0.0000000000e+00 0.0000000000e+00 0.0000000000e+00 0.0000000000e+00 0.0000000000e+00 0.0000000000e+00 0.0000000000e+00 0.0000000000e+00 0.0000000000e+00 0.0000000000e+00 0.0000000000e+00
0.0000000000e+00 0.0000000000e+00 0.0000000000e+00 0.0000000000e+00 0.0000000000e+00 0.0000000000e+00 0.0000000000e+00 0.0000000000e+00 0.0000000000e+00 0.0000000000e+00 0.0000000000e+00 0.0000000000e+00 0.0000000000e+00 8.1102478272e-02 1.1123476348e-01 1.5177062118e-01 2.0595820591e-01 2.7798435816e-01 3.7325516632e-01 4.9844945914e-01 6.6214958617e-01 8.7495720637e-01 1.1499196772e+00 1.5035806000e+00 1.9554530769e+00 2.5297802635e+00 3.2558115000e+00 4.1679232460e+00 5.3082368303e+00 6.7250891162e+00 8.4756148996e+00 1.0627416657e+01 1.3255850373e+01 1.6450015207e+01 2.0309321398e+01 2.4944586765e+01 3.0484794386e+01 3.7064691740e+01 4.4837624583e+01 5.3969676529e+01 6.4634010335e+01 7.7024116858e+01 9.1333257535e+01 1.0776583217e+02 1.2653741254e+02 1.4785131059e+02 1.7192347944e+02 1.9895554334e+02 2.2913544918e+02 2.6265552592e+02 2.9966063835e+02 3.4029050718e+02 3.8465293398e+02 4.3280882145e+02 4.8480280605e+02 5.4061505900e+02 6.0019017706e+02 6.6343437596e+02 7.3018394830e+02 8.0024705947e+02 8.7337199176e+02 9.4925994638e+02 1.0275838040e+03 1.1079577016e+03 1.1899764297e+03 1.2732042386e+03 1.3571829044e+03 1.4414450639e+03 1.5255161161e+03 1.6089267647e+03 1.6912146063e+03 1.7719430536e+03 1.8506932320e+03 1.9270830715e+03 2.0007719226e+03 2.0714439489e+03 2.1388532931e+03 2.2027842033e+03 2.2630713007e+03 2.3196104323e+03 2.3723224977e+03 2.4211963692e+03 2.4662531066e+03 2.5075432451e+03 2.5451729584e+03 2.5792561169e+03 2.6099433883e+03 2.6374059175e+03 2.6618107987e+03 2.6833589610e+03 2.7022372188e+03 2.7186342143e+03 2.7327413362e+03 2.7447267051e+03 2.7547590459e+03 2.7629849279e+03 2.7695291705e+03 2.7745052203e+03 2.7779949286e+03 2.7800620073e+03 2.7807463688e+03 2.7800547981e+03 2.7779802927e+03 2.7744829404e+03 2.7694989182e+03 2.7629463255e+03 2.7547112958e+03 2.7446692617e+03 2.7326734718e+03 2.7185551583e+03 2.7021459056e+03 2.6832546426e+03 2.6616925504e+03 2.6372728795e+03 2.6097945391e+03 2.5790908828e+03 2.5449903276e+03 2.5073428486e+03 2.4660343943e+03 2.4209589072e+03 2.3720662528e+03 2.3193352894e+03 2.2627778000e+03 2.2024726289e+03 2.1385243005e+03 2.0710984219e+03 2.0004112452e+03 1.9267084612e+03 1.8503062697e+03 1.7715456606e+03 1.6908085371e+03 1.6085143721e+03 1.5250993536e+03 1.4410261832e+03 1.3567642304e+03 1.2727881101e+03 1.1895650075e+03 1.1075532146e+03 1.0271883226e+03 9.4887534934e+02 8.7299998233e+02 7.9988922631e+02 7.2984165997e+02 6.6310869020e+02 5.9988200848e+02 5.4032505850e+02 4.8453138642e+02 4.3255617856e+02 3.8441904335e+02 3.4007517937e+02 2.9946347823e+02 2.6247596115e+02 2.2897281943e+02 1.9880905765e+02 1.7179225454e+02 1.4773440175e+02 1.2643382328e+02 1.0767454542e+02 9.1253257733e+01 7.6954387677e+01 6.4573566200e+01 5.3917568423e+01 4.4792946123e+01 3.7026592295e+01 3.0452483983e+01 2.4917335623e+01 2.0286463945e+01 1.6430947315e+01 1.3240031247e+01 1.0614364019e+01 8.4649047547e+00 6.7163480933e+00 5.3011424505e+00 4.1621970441e+00 3.2512146771e+00 2.5261104675e+00 1.9525391703e+00 1.5012796745e+00 1.1481128515e+00 8.7354598536e-01 6.6105348676e-01 4.9760276832e-01 3.7260470221e-01 2.7748744070e-01 2.0558061228e-01 1.5148530245e-01 1.1102035657e-01 8.0942221815e-02 0.0000000000e+00 0.0000000000e+00 0.0000000000e+00 0.0000000000e+00 0.0000000000e+00 0.0000000000e+00 0.0000000000e+00 0.0000000000e+00 0.0000000000e+00 0.0000000000e+00 0.0000000000e+00 0.0000000000e+00 0.0000000000e+00
0.0000000000e+00 0.0000000000e+00 0.0000000000e+00 0.0000000000e+00 0.0000000000e+00 0.0000000000e+00 0.0000000000e+00 0.0000000000e+00 0.0000000000e+00 0.0000000000e+00 0.0000000000e+00 0.0000000000e+00 0.0000000000e+00 0.0000000000e+00 7.1875146120e-02 9.8067385635e-02 1.3308058541e-01 1.7962001342e-01 2.4117871227e-01 3.2207207585e-01 4.2784544610e-01 5.6534878626e-01 7.4301235815e-01 9.7152544467e-01 1.2634957252e+00 1.6345874572e+00 2.1036990617e+00 2.6930417513e+00 3.4298307555e+00 4.3452973750e+00 5.4763573993e+00 6.8666887754e+00 8.5649806180e+00 1.0628800419e+01 1.3122378126e+01 1.6117312537e+01 1.9696942143e+01 2.3948326935e+01 2.8970543536e+01 3.4870901507e+01 4.1761275345e+01 4.9766683829e+01 5.9011990851e+01 6.9629256615e+01 8.1757763445e+01 9.5528872354e+01 1.1108209253e+02 1.2854771679e+02 1.4804715384e+02 1.6970467118e+02 1.9361385922e+02 2.1986500686e+02 2.4852771676e+02 2.7964138061e+02 3.1323482018e+02 3.4929519770e+02 3.8778674595e+02 4.2864885458e+02 4.7177575771e+02 5.1704347580e+02 5.6428939714e+02 6.1332049492e+02 6.6392535755e+02 7.1585472856e+02 7.6884678223e+02 8.2261999897e+02 8.7687830041e+02 9.3131973290e+02 9.8563767101e+02 1.0395289152e+03 1.0926946413e+03 1.1448529008e+03 1.1957328940e+03 1.2450879244e+03 1.2926978646e+03 1.3383586093e+03 1.3819113541e+03 1.4232167618e+03 1.4621678320e+03 1.4986973318e+03 1.5327542552e+03 1.5643312943e+03 1.5934422202e+03 1.6201194554e+03 1.6444317607e+03 1.6664526230e+03 1.6862794522e+03 1.7040227208e+03 1.7197906104e+03 1.7337127179e+03 1.7459097508e+03 1.7565038538e+03 1.7656183338e+03 1.7733620361e+03 1.7798438117e+03 1.7851584352e+03 1.7893865707e+03 1.7926014825e+03 1.7948562237e+03 1.7961916397e+03 1.7966337000e+03 1.7961868102e+03 1.7948463731e+03 1.7925865184e+03 1.7893662820e+03 1.7851324442e+03 1.7798117276e+03 1.7733234467e+03 1.7655728171e+03 1.7564508180e+03 1.7458486264e+03 1.7336427708e+03 1.7197112724e+03 1.7039334785e+03 1.6861796597e+03 1.6663417121e+03 1.6443092663e+03 1.6199849622e+03 1.5932954074e+03 1.5641720209e+03 1.5325822779e+03 1.4985127077e+03 1.4619707656e+03 1.4230075577e+03 1.3816905500e+03 1.3381267222e+03 1.2924557503e+03 1.2448364622e+03 1.1954732286e+03 1.1445861257e+03 1.0924221009e+03 1.0392520582e+03 9.8535792410e+02 9.3103858085e+02 8.7659724577e+02 8.2234069066e+02 7.6857065447e+02 7.1558323519e+02 6.6365990478e+02 6.1306235254e+02 5.6403973055e+02 5.1680331692e+02 4.7154601443e+02 4.2843026390e+02 3.8757991868e+02 3.4910056102e+02 3.1305264814e+02 2.7947181382e+02 2.4837074309e+02 2.1972047940e+02 1.9348153244e+02 1.6958415941e+02 1.4793800671e+02 1.2844940945e+02 1.1099402884e+02 9.5450412032e+01 8.1688241255e+01 6.9567994843e+01 5.8958302028e+01 4.9719885835e+01 4.1720711638e+01 3.4835930280e+01 2.8940560566e+01 2.3922760542e+01 1.9675260523e+01 1.6099027452e+01 1.3107040141e+01 1.0616005838e+01 8.5543657237e+00 6.8579304851e+00 5.4691707037e+00 4.3394323778e+00 3.4250707014e+00 2.6891996385e+00 2.1006146881e+00 1.6321252523e+00 1.2615407247e+00 9.6998167715e-01 7.4180017399e-01 5.6440199971e-01 4.2711007015e-01 3.2150406205e-01 2.4074233867e-01 1.7928664905e-01 1.3282728771e-01 9.7875983825e-02 7.1731318741e-02 0.0000000000e+00 0.0000000000e+00 0.0000000000e+00 0.0000000000e+00 0.0000000000e+00 0.0000000000e+00 0.0000000000e+00 0.0000000000e+00 0.0000000000e+00 0.0000000000e+00 0.0000000000e+00 0.0000000000e+00 0.0000000000e+00 0.0000000000e+00
0.0000000000e+00 0.0000000000e+00 0.0000000000e+00 0.0000000000e+00 0.0000000000e+00 0.0000000000e+00 0.0000000000e+00 0.0000000000e+00 0.0000000000e+00 0.0000000000e+00 0.0000000000e+00 0.0000000000e+00 0.0000000000e+00 0.0000000000e+00 3.0198738483e-02 6.2811197284e-02 8.5236549668e-02 1.1504416099e-01 1.5447121805e-01 2.0628158109e-01 2.7402681828e-01 3.6209411662e-01 4.7588268318e-01 6.2223853902e-01 8.0923640304e-01 1.0469085380e+00 1.3473584391e+00 1.7248112791e+00 2.1966972604e+00 2.7830182368e+00 3.5074169969e+00 4.3978666466e+00 5.4855499290e+00 6.8073358818e+00 8.4043594184e+00 1.0322475524e+01 1.2615058220e+01 1.5337862345e+01 1.8554341881e+01 2.2333218662e+01 2.6746143988e+01 3.1873182035e+01 3.7794300324e+01 4.4594074009e+01 5.2361702289e+01 6.1181312698e+01 7.1142252957e+01 8.2327954264e+01 9.4816180902e+01 1.0868651509e+02 1.2399889130e+02 1.4081112140e+02 1.5916779332e+02 1.7909412264e+02 2.0060856325e+02 2.2370290588e+02 2.4835422844e+02 2.7452370163e+02 3.0214361030e+02 3.3113455907e+02 3.6139237699e+02 3.9279346704e+02 4.2520239140e+02 4.5845956879e+02 4.9239729288e+02 5.2683526306e+02 5.6158390321e+02 5.9644979084e+02 6.3123658072e+02 6.6575007968e+02 6.9979891572e+02 7.3320252382e+02 7.6578748273e+02 7.9739579494e+02 8.2788654542e+02 8.5712890367e+02 8.8502127800e+02 9.1147433171e+02 9.3641965657e+02 9.5981411982e+02 9.8162510976e+02 1.0018479032e+03 1.0204912547e+03 1.0375760612e+03 1.0531462788e+03 1.0672490637e+03 1.0799466643e+03 1.0913099870e+03 1.1014081072e+03 1.1103241968e+03 1.1181355552e+03 1.1249202401e+03 1.1307573410e+03 1.1357166262e+03 1.1398676580e+03 1.1432713538e+03 1.1459791064e+03 1.1480380130e+03 1.1494819128e+03 1.1503371374e+03 1.1506201978e+03 1.1503338912e+03 1.1494753585e+03 1.1480280575e+03 1.1459656130e+03 1.1432540847e+03 1.1398464109e+03 1.1356909854e+03 1.1307270381e+03 1.1248849146e+03 1.1180947835e+03 1.1102776506e+03 1.1013553275e+03 1.0912505760e+03 1.0798802368e+03 1.0671752558e+03 1.0530647827e+03 1.0374865971e+03 1.0203935750e+03 1.0017418734e+03 9.8151067819e+02 9.5969131014e+02 9.3628856350e+02 9.1133514414e+02 8.8487435973e+02 8.5697461850e+02 8.2772546003e+02 7.9722853253e+02 7.6561471788e+02 7.3302504037e+02 6.9961760216e+02 6.6556586731e+02 6.3105045115e+02 5.9626273402e+02 5.6139693788e+02 5.2664944752e+02 4.9221357859e+02 4.5827894382e+02 4.2502578839e+02 3.9262170561e+02 3.6122626114e+02 3.3097477121e+02 3.0199075544e+02 2.7437827301e+02 2.4821662241e+02 2.2357341413e+02 2.0048736081e+02 1.7898130881e+02 1.5906335975e+02 1.4071496926e+02 1.2391085357e+02 1.0860634348e+02 9.4743576184e+01 8.2262554091e+01 7.1083667161e+01 6.1129116870e+01 5.2315454161e+01 4.4553322197e+01 3.7758585271e+01 3.1842054007e+01 2.6719161253e+01 2.2309956981e+01 1.8534398205e+01 1.5320856151e+01 1.2600636355e+01 1.0310313014e+01 8.3941574622e+00 6.7988256923e+00 5.4784899116e+00 4.3920414795e+00 3.5026371652e+00 2.7791176051e+00 2.1935314740e+00 1.7222560941e+00 1.3453071944e+00 1.0452710272e+00 8.0793628668e-01 6.2121191818e-01 4.7507657704e-01 3.6146451297e-01 2.7353782293e-01 2.0590386094e-01 1.5418105074e-01 1.1482249861e-01 8.5068121850e-02 6.2683930033e-02 3.0136090759e-02 0.0000000000e+00 0.0000000000e+00 0.0000000000e+00 0.0000000000e+00 0.0000000000e+00 0.0000000000e+00 0.0000000000e+00 0.0000000000e+00 0.0000000000e+00 0.0000000000e+00 0.0000000000e+00 0.0000000000e+00 0.0000000000e+00 0.0000000000e+00
0.0000000000e+00 0.0000000000e+00 0.0000000000e+00 0.0000000000e+00 0.0000000000e+00 0.0000000000e+00 0.0000000000e+00 0.0000000000e+00 0.0000000000e+00 0.0000000000e+00 0.0000000000e+00 0.0000000000e+00 0.0000000000e+00 0.0000000000e+00 0.0000000000e+00 3.9864246103e-02 5.4096724039e-02 7.3014371843e-02 9.8037008526e-02 1.3091868705e-01 1.7391339303e-01 2.2980538835e-01 3.0202122950e-01 3.9490563198e-01 5.1358307906e-01 6.6442033543e-01 8.5509871355e-01 1.0946458649e+00 1.3941234704e+00 1.7662251740e+00 2.2259552261e+00 2.7910662876e+00 3.4813471524e+00 4.3201958751e+00 5.3337174529e+00 6.5510119568e+00 8.0059514440e+00 9.7339187449e+00 1.1775182548e+01 1.4173354565e+01 1.6973905520e+01 2.0227644098e+01 2.3985316673e+01 2.8300599804e+01 3.3230094806e+01 3.8827190197e+01 4.5148587843e+01 5.2247232451e+01 6.0172471620e+01 6.8974808171e+01 7.8692272690e+01 8.9361554276e+01 1.0101094659e+02 1.1365645430e+02 1.2730978385e+02 1.4196572192e+02 1.5760971697e+02 1.7421713277e+02 1.9174499243e+02 2.1014291887e+02 2.2934477675e+02 2.4927215572e+02 2.6983912237e+02 2.9094434521e+02 3.1248146248e+02 3.3433601424e+02 3.5638769549e+02 3.7851377352e+02 4.0058964413e+02 4.2249209884e+02 4.4409962580e+02 4.6529768821e+02 4.8597624771e+02 5.0603498371e+02 5.2538451730e+02 5.4394180482e+02 5.6164238754e+02 5.7842959688e+02 5.9425994520e+02 6.0910616507e+02 6.2294745347e+02 6.3578087570e+02 6.4761199000e+02 6.5845407860e+02 6.6833495447e+02 6.7728462735e+02 6.8534255890e+02 6.9255374447e+02 6.9896203577e+02 7.0462019738e+02 7.0957729299e+02 7.1388288659e+02 7.1758711224e+02 7.2073425181e+02 7.2336853821e+02 7.2552850949e+02 7.2724684098e+02 7.2855338507e+02 7.2946968278e+02 7.3001237784e+02 7.3019197142e+02 7.3001023703e+02 7.2946539067e+02 7.2854686470e+02 7.2723793494e+02 7.2551712332e+02 7.2335451102e+02 7.2071737370e+02 7.1756713136e+02 7.1385958955e+02 7.0955044543e+02 7.0458950546e+02 6.9892722663e+02 6.9251459076e+02 6.8529877725e+02 6.7723597992e+02 6.6828124185e+02 6.5839507343e+02 6.4754759782e+02 6.3571098108e+02 6.2287201094e+02 6.0902517462e+02 5.9417352227e+02 5.7833783592e+02 5.6154554041e+02 5.4384011289e+02 5.2527828840e+02 5.0592471106e+02 4.8586234058e+02 4.6518067831e+02 4.4398010430e+02 4.2237062542e+02 4.0046693589e+02 3.7839045487e+02 3.5626443457e+02 3.3421349840e+02 3.1236032662e+02 2.9082527496e+02 2.6972268441e+02 2.4915892372e+02 2.2923527543e+02 2.1003756799e+02 1.9164421526e+02 1.7412125725e+02 1.5751899233e+02 1.4188034230e+02 1.2722988131e+02 1.1358208131e+02 1.0094210315e+02 8.9298164741e+01 7.8634234740e+01 6.8921953899e+01 6.0124603824e+01 5.2204118509e+01 4.5109967588e+01 3.8792783129e+01 3.3199608838e+01 2.8273734976e+01 2.3961775870e+01 2.0207124520e+01 1.6956119671e+01 1.4158021180e+01 1.1762036211e+01 9.7227095090e+00 7.9964455412e+00 6.5429956232e+00 5.3269931033e+00 4.3145870216e+00 3.4766941692e+00 2.7872270798e+00 2.2228050799e+00 1.7636544338e+00 1.3920370669e+00 1.0929619492e+00 8.5374686688e-01 6.6334120017e-01 5.1272630239e-01 3.9422910746e-01 3.0149003297e-01 2.2939051401e-01 1.7359117948e-01 1.3066980362e-01 9.7845813052e-02 7.2868314552e-02 5.3985749317e-02 3.9780391098e-02 0.0000000000e+00 0.0000000000e+00 0.0000000000e+00 0.0000000000e+00 0.0000000000e+00 0.0000000000e+00 0.0000000000e+00 0.0000000000e+00 0.0000000000e+00 0.0000000000e+00 0.0000000000e+00 0.0000000000e+00 0.0000000000e+00 0.0000000000e+00 0.0000000000e+00
0.0000000000e+00 0.0000000000e+00 0.0000000000e+00 0.0000000000e+00 0.0000000000e+00 0.0000000000e+00 0.0000000000e+00 0.0000000000e+00 0.0000000000e+00 0.0000000000e+00 0.0000000000e+00 0.0000000000e+00 0.0000000000e+00 0.0000000000e+00 0.0000000000e+00 0.0000000000e+00 3.4049527996e-02 4.5956517606e-02 6.1706011292e-02 8.2402002002e-02 1.0946313283e-01 1.4464179234e-01 1.9009461562e-01 2.4855613612e-01 3.2325162263e-01 4.1818819783e-01 5.3820036874e-01 6.8897001006e-01 8.7745905748e-01 1.1116566495e+00 1.4010060966e+00 1.7566804653e+00 2.1911343514e+00 2.7190936786e+00 3.3569882243e+00 4.1231328707e+00 5.0388453219e+00 6.1263945571e+00 7.4111238571e+00 8.9204814406e+00 1.0683084200e+01 1.2730909368e+01 1.5095895993e+01 1.7811821741e+01 2.0914313285e+01 2.4436968946e+01 2.8415474374e+01 3.2883149016e+01 3.7871052437e+01 4.3410962682e+01 4.9526821822e+01 5.6241713571e+01 6.3573450202e+01 7.1532091942e+01 8.0125012105e+01 8.9348931458e+01 9.9194688828e+01 1.0964677503e+02 1.2067814481e+02 1.3225708558e+02 1.4434199530e+02 1.5688348990e+02 1.6982751187e+02 1.8311028793e+02 1.9666485469e+02 2.1041920679e+02 2.2429761424e+02 2.3822283409e+02 2.5211644226e+02 2.6590088634e+02 2.7949974251e+02 2.9284088437e+02 3.0585505202e+02 3.1847913823e+02 3.3065686567e+02 3.4233601415e+02 3.5347596744e+02 3.6404106739e+02 3.7400398959e+02 3.8334750836e+02 3.9205859083e+02 4.0013537451e+02 4.0758135818e+02 4.1440483930e+02 4.2062344477e+02 4.2625594782e+02 4.3132723016e+02 4.3586561305e+02 4.3989871719e+02 4.4345971645e+02 4.4657947174e+02 4.4928920430e+02 4.5162048485e+02 4.5360115331e+02 4.5525904453e+02 4.5661841211e+02 4.5769986015e+02 4.5852213658e+02 4.5909877242e+02 4.5944028416e+02 4.5955331650e+02 4.5943890943e+02 4.5909595998e+02 4.5851785846e+02 4.5769403024e+02 4.5661097256e+02 4.5524987613e+02 4.5359012206e+02 4.5160743280e+02 4.4927399476e+02 4.4656192819e+02 4.4343964812e+02 4.3987598360e+02 4.3584002829e+02 4.3129861635e+02 4.2622414297e+02 4.2058830682e+02 4.1436629074e+02 4.0753925910e+02 4.0008967944e+02 3.9200929437e+02 3.8329457231e+02 3.7394749656e+02 3.6398108236e+02 3.5341263195e+02 3.4226951804e+02 3.3058743281e+02 3.1840703271e+02 3.0578057872e+02 2.9276437803e+02 2.7942159020e+02 2.6582148470e+02 2.5203621265e+02 2.3814219965e+02 2.2421702783e+02 2.1033910715e+02 1.9658567060e+02 1.8303243875e+02 1.6975138898e+02 1.5680946497e+02 1.4427039452e+02 1.3218821617e+02 1.2061226947e+02 1.0958409543e+02 9.9135379133e+01 8.9293117126e+01 8.0072778367e+01 7.1483471391e+01 6.3528439340e+01 5.6200274020e+01 4.9488880493e+01 4.3376413641e+01 3.7839760168e+01 3.2854965944e+01 2.8390227783e+01 2.4414478250e+01 2.0894385038e+01 1.7794261701e+01 1.5080507050e+01 1.2717496497e+01 1.0671458259e+01 8.9104592261e+00 7.4025315978e+00 6.1190680926e+00 5.0326322871e+00 4.1178933351e+00 3.3525935420e+00 2.7154277852e+00 2.1880931842e+00 1.7541713373e+00 1.3989473665e+00 1.1099765824e+00 8.7609555572e-01 6.8786955514e-01 5.3731699984e-01 4.1748303328e-01 3.2269174968e-01 2.4811406004e-01 1.8974751432e-01 1.4437070547e-01 1.0925258909e-01 8.2239382479e-02 6.1581086345e-02 4.5861090072e-02 3.3977021638e-02 0.0000000000e+00 0.0000000000e+00 0.0000000000e+00 0.0000000000e+00 0.0000000000e+00 0.0000000000e+00 0.0000000000e+00 0.0000000000e+00 0.0000000000e+00 0.0000000000e+00 0.0000000000e+00 0.0000000000e+00 0.0000000000e+00 0.0000000000e+00 0.0000000000e+00 0.0000000000e+00
0.0000000000e+00 0.0000000000e+00 0.0000000000e+00 0.0000000000e+00 0.0000000000e+00 0.0000000000e+00 0.0000000000e+00 0.0000000000e+00 0.0000000000e+00 0.0000000000e+00 0.0000000000e+00 0.0000000000e+00 0.0000000000e+00 0.0000000000e+00 0.0000000000e+00 0.0000000000e+00 2.1236268348e-02 2.8662417525e-02 3.8485024812e-02 5.1392615415e-02 6.8269937852e-02 9.0209888125e-02 1.1855746346e-01 1.5501807182e-01 2.0160317180e-01 2.6081181100e-01 3.3565901621e-01 4.2968831252e-01 5.4724144718e-01 6.9330083279e-01 8.7375571881e-01 1.0955741219e+00 1.3665232001e+00 1.6957867028e+00 2.0936107741e+00 2.5714172043e+00 3.1425003149e+00 3.8207482962e+00 4.6219655010e+00 5.5632692805e+00 6.6625065880e+00 7.9396190478e+00 9.4145239416e+00 1.1108287414e+01 1.3043124972e+01 1.5239991079e+01 1.7721138002e+01 2.0507346456e+01 2.3617982704e+01 2.7072868339e+01 3.0886929658e+01 3.5074562089e+01 3.9646873227e+01 4.4610139871e+01 4.9968956892e+01 5.5721274146e+01 6.1861387714e+01 6.8379616542e+01 7.5259097362e+01 8.2480050355e+01 9.0016530964e+01 9.7837748478e+01 1.0590998233e+02 1.1419346806e+02 1.2264644130e+02 1.3122400132e+02 1.3987891481e+02 1.4856302191e+02 1.5722741356e+02 1.6582372171e+02 1.7430427832e+02 1.8262411711e+02 1.9074004732e+02 1.9861272214e+02 2.0620702288e+02 2.1349038532e+02 2.2043750681e+02 2.2702612906e+02 2.3323922696e+02 2.3906603805e+02 2.4449846079e+02 2.4953530900e+02 2.5417877456e+02 2.5843405965e+02 2.6231209662e+02 2.6582465033e+02 2.6898721356e+02 2.7181745362e+02 2.7433256386e+02 2.7655328382e+02 2.7849882144e+02 2.8018867368e+02 2.8164250149e+02 2.8287768600e+02 2.8391158053e+02 2.8475930300e+02 2.8543370795e+02 2.8594648157e+02 2.8630608672e+02 2.8651905790e+02 2.8658951704e+02 2.8651814841e+02 2.8630426652e+02 2.8594371030e+02 2.8542994579e+02 2.8475448093e+02 2.8390563572e+02 2.8287053248e+02 2.8163404669e+02 2.8017881159e+02 2.7848745007e+02 2.7654027859e+02 2.7431783732e+02 2.7180086934e+02 2.6896867738e+02 2.6580405379e+02 2.6228935671e+02 2.5840907897e+02 2.5415150548e+02 2.4950571708e+02 2.4446651831e+02 2.3903175577e+02 2.3320262790e+02 2.2698727618e+02 2.2039648460e+02 2.1344731029e+02 2.0616203791e+02 1.9856600712e+02 1.9069180889e+02 1.8257456018e+02 1.7425365361e+02 1.6577227651e+02 1.5717544123e+02 1.4851078891e+02 1.3982671444e+02 1.3117211120e+02 1.2259514497e+02 1.1414303346e+02 1.0586066865e+02 9.7789793664e+01 8.9970147281e+01 8.2435432079e+01 7.5216416504e+01 6.8339009491e+01 6.1822964895e+01 5.5685118235e+01 4.9935118273e+01 4.4578644477e+01 3.9617717947e+01 3.5047721007e+01 3.0862352439e+01 2.7050488133e+01 2.3597715095e+01 2.0489090891e+01 1.7704784588e+01 1.5225422042e+01 1.3030217099e+01 1.1096913315e+01 9.4045566403e+00 7.9309316723e+00 6.6549767359e+00 5.5567780263e+00 4.6164003710e+00 3.8160030769e+00 3.1384764744e+00 2.5680238205e+00 2.0907645348e+00 1.6934125504e+00 1.3645536960e+00 1.0939492143e+00 8.7242250859e-01 6.9221286410e-01 5.4635850212e-01 4.2897571671e-01 3.3508700452e-01 2.6035519875e-01 2.0124064262e-01 1.5473183869e-01 1.1833271794e-01 9.0034364146e-02 6.8133618877e-02 5.1287327653e-02 3.8404146512e-02 2.8600635228e-02 2.1189327304e-02 0.0000000000e+00 0.0000000000e+00 0.0000000000e+00 0.0000000000e+00 0.0000000000e+00 0.0000000000e+00 0.0000000000e+00 0.0000000000e+00 0.0000000000e+00 0.0000000000e+00 0.0000000000e+00 0.0000000000e+00 0.0000000000e+00 0.0000000000e+00 0.0000000000e+00 0.0000000000e+00
0.0000000000e+00 0.0000000000e+00 0.0000000000e+00 0.0000000000e+00 0.0000000000e+00 0.0000000000e+00 0.0000000000e+00 0.0000000000e+00 0.0000000000e+00 0.0000000000e+00 0.0000000000e+00 0.0000000000e+00 0.0000000000e+00 0.0000000000e+00 0.0000000000e+00 0.0000000000e+00 0.0000000000e+00 1.7719689028e-02 2.3792146807e-02 3.1771752369e-02 4.2205456520e-02 5.5768876031e-02 7.3293487479e-02 9.5833538699e-02 1.2463249888e-01 1.6123525402e-01 2.0750563471e-01 2.6563417134e-01 3.3830486974e-01 4.2859775193e-01 5.4015343675e-01 6.7727934886e-01 8.4477695514e-01 1.0483233863e+00 1.2942525071e+00 1.5896249564e+00 1.9426589702e+00 2.3619394297e+00 2.8572363052e+00 3.4391311006e+00 4.1186554442e+00 4.9081370500e+00 5.8198879759e+00 6.8669296079e+00 8.0629959896e+00 9.4210383386e+00 1.0954813509e+01 1.2677166101e+01 1.4600069347e+01 1.6735772174e+01 1.9093502808e+01 2.1682160826e+01 2.4508610164e+01 2.7576732719e+01 3.0889364786e+01 3.4445241973e+01 3.8240835522e+01 4.2270162661e+01 4.6522798884e+01 5.0986511886e+01 5.5645273898e+01 6.0480041393e+01 6.5469975209e+01 7.0590489241e+01 7.5815771130e+01 8.1118060907e+01 8.6468165043e+01 9.1836312110e+01 9.7192270618e+01 1.0250613213e+02 1.0774844559e+02 1.1289141240e+02 1.1790832238e+02 1.2277485572e+02 1.2746931592e+02 1.3197156397e+02 1.3626595947e+02 1.4033875018e+02 1.4417940277e+02 1.4778128012e+02 1.5113935344e+02 1.5425290080e+02 1.5712328393e+02 1.5975370210e+02 1.6215092751e+02 1.6432222891e+02 1.6627717889e+02 1.6802669732e+02 1.6958143056e+02 1.7095417434e+02 1.7215682090e+02 1.7320140704e+02 1.7410009852e+02 1.7486362737e+02 1.7550272979e+02 1.7602675574e+02 1.7644363221e+02 1.7676060441e+02 1.7698288511e+02 1.7711452500e+02 1.7715806217e+02 1.7711394520e+02 1.7698171501e+02 1.7675882074e+02 1.7644121243e+02 1.7602365969e+02 1.7549891658e+02 1.7485903301e+02 1.7409466766e+02 1.7319507644e+02 1.7214952073e+02 1.7094583061e+02 1.6957196920e+02 1.6801605712e+02 1.6626527568e+02 1.6430900412e+02 1.6213632576e+02 1.5973766877e+02 1.5710577503e+02 1.5423390079e+02 1.5111884119e+02 1.4775925987e+02 1.4415590365e+02 1.4031380556e+02 1.3623961731e+02 1.3194390527e+02 1.2744043424e+02 1.2274486146e+02 1.1787733884e+02 1.1285958886e+02 1.0771593643e+02 1.0247310177e+02 9.7158895354e+01 9.1802771463e+01 8.6434644072e+01 8.1084740233e+01 7.5782831846e+01 7.0558101001e+01 6.5438308981e+01 6.0449247156e+01 5.5615489388e+01 5.0957865455e+01 4.6495393975e+01 4.2244089889e+01 3.8216165352e+01 3.4422025950e+01 3.0867636596e+01 2.7556508591e+01 2.4489889292e+01 2.1664925104e+01 1.9077722133e+01 1.6721402131e+01 1.4587055608e+01 1.2665445018e+01 1.0944314495e+01 9.4116850297e+00 8.0547082540e+00 6.8596272553e+00 5.8134884594e+00 4.9025599017e+00 4.1138213673e+00 3.4349637054e+00 2.8536636504e+00 2.3588932549e+00 1.9400759352e+00 1.5874467495e+00 1.2924255123e+00 1.0467994476e+00 8.4351275790e-01 6.7623633981e-01 5.3929769436e-01 4.2789944369e-01 3.3773816873e-01 2.6517679167e-01 2.0713849213e-01 1.6094219027e-01 1.2439984123e-01 9.5649843526e-02 7.3149252659e-02 5.5656235123e-02 4.2117977381e-02 3.1704189320e-02 2.3740246647e-02 1.7680044420e-02 0.0000000000e+00 0.0000000000e+00 0.0000000000e+00 0.0000000000e+00 0.0000000000e+00 0.0000000000e+00 0.0000000000e+00 0.0000000000e+00 0.0000000000e+00 0.0000000000e+00 0.0000000000e+00 0.0000000000e+00 0.0000000000e+00 0.0000000000e+00 0.0000000000e+00 0.0000000000e+00 0.0000000000e+00
0.0000000000e+00 0.0000000000e+00 0.0000000000e+00 0.0000000000e+00 0.0000000000e+00 0.0000000000e+00 0.0000000000e+00 0.0000000000e+00 0.0000000000e+00 0.0000000000e+00 0.0000000000e+00 0.0000000000e+00 0.0000000000e+00 0.0000000000e+00 0.0000000000e+00 0.0000000000e+00 0.0000000000e+00 0.0000000000e+00 1.4582563477e-02 1.9473319665e-02 2.5868188168e-02 3.4181250133e-02 4.4922102377e-02 5.8736886146e-02 7.6387696724e-02 9.8821371178e-02 1.2718020774e-01 1.6280674785e-01 2.0734594254e-01 2.6268547977e-01 3.3105656852e-01 4.1509912479e-01 5.1775582620e-01 6.4250601412e-01 7.9323148760e-01 9.7425946399e-01 1.1906265957e+00 1.4475942215e+00 1.7511499721e+00 2.1077788299e+00 2.5242417171e+00 3.0080934097e+00 3.5668797811e+00 4.2085809309e+00 4.9416133912e+00 5.7739149995e+00 6.7139158995e+00 7.7694883745e+00 8.9479687414e+00 1.0256865762e+01 1.1701833398e+01 1.3288325959e+01 1.5020549489e+01 1.6900881968e+01 1.8931063945e+01 2.1110318481e+01 2.3436482144e+01 2.5905889078e+01 2.8512149386e+01 3.1247769756e+01 3.4102920032e+01 3.7065935926e+01 4.0124042972e+01 4.3262173509e+01 4.6464511366e+01 4.9714040113e+01 5.2992869958e+01 5.6282754617e+01 5.9565167256e+01 6.2821780121e+01 6.6034541550e+01 6.9186413227e+01 7.2261034643e+01 7.5243492840e+01 7.8120494218e+01 8.0879703586e+01 8.3511525063e+01 8.6007536837e+01 8.8361279539e+01 9.0568688652e+01 9.2626683926e+01 9.4534820894e+01 9.6293930557e+01 9.7905981464e+01 9.9375121218e+01 1.0070580263e+02 1.0190389242e+02 1.0297608344e+02 1.0392890029e+02 1.0477018205e+02 1.0550722417e+02 1.0614739705e+02 1.0669816050e+02 1.0716608836e+02 1.0755775805e+02 1.0787890619e+02 1.0813438698e+02 1.0832863401e+02 1.0846485910e+02 1.0854552764e+02 1.0857221052e+02 1.0854516149e+02 1.0846411072e+02 1.0832750589e+02 1.0813284521e+02 1.0787693725e+02 1.0755533478e+02 1.0716316661e+02 1.0669470308e+02 1.0614337099e+02 1.0550257438e+02 1.0476487288e+02 1.0392287752e+02 1.0296930683e+02 1.0189631712e+02 1.0069738315e+02 9.9365825006e+01 9.7895772933e+01 9.6282786835e+01 9.4522724693e+01 9.2613626499e+01 9.0554673062e+01 8.8346318801e+01 8.5991654362e+01 8.3494757413e+01 8.0862095831e+01 7.8102108887e+01 7.5224401945e+01 7.2241313492e+01 6.9166158623e+01 6.6013847167e+01 6.2800755711e+01 5.9543922703e+01 5.6261405124e+01 5.2971531396e+01 4.9692830743e+01 4.6443542740e+01 4.3241559128e+01 4.0103885457e+01 3.7046333274e+01 3.4083962031e+01 3.1229533800e+01 2.8494704781e+01 2.5889292666e+01 2.3420778417e+01 2.1095541108e+01 1.8917233914e+01 1.6888009941e+01 1.5008633952e+01 1.3277355873e+01 1.1691789194e+01 1.0247719275e+01 8.9396857901e+00 7.7620279492e+00 6.7072333663e+00 5.7679617873e+00 4.9363389105e+00 4.2039333269e+00 3.5628071591e+00 3.0045439840e+00 2.5211651056e+00 2.1051267388e+00 1.7488763308e+00 1.4456556827e+00 1.1889827941e+00 9.7287324480e-01 7.9206884366e-01 6.4153623972e-01 5.1695138943e-01 4.1443543862e-01 3.3051205510e-01 2.6224114316e-01 2.0698536419e-01 1.6251574123e-01 1.2694662375e-01 9.8634915883e-02 7.6239672598e-02 5.8620015292e-02 4.4830344515e-02 3.4109590792e-02 2.5812537987e-02 1.9430339154e-02 1.4549548401e-02 0.0000000000e+00 0.0000000000e+00 0.0000000000e+00 0.0000000000e+00 0.0000000000e+00 0.0000000000e+00 0.0000000000e+00 0.0000000000e+00 0.0000000000e+00 0.0000000000e+00 0.0000000000e+00 0.0000000000e+00 0.0000000000e+00 0.0000000000e+00 0.0000000000e+00 0.0000000000e+00 0.0000000000e+00 0.0000000000e+00
0.0000000000e+00 0.0000000000e+00 0.0000000000e+00 0.0000000000e+00 0.0000000000e+00 0.0000000000e+00 0.0000000000e+00 0.0000000000e+00 0.0000000000e+00 0.0000000000e+00 0.0000000000e+00 0.0000000000e+00 0.0000000000e+00 0.0000000000e+00 0.0000000000e+00 0.0000000000e+00 0.0000000000e+00 0.0000000000e+00 8.8560746889e-03 1.1826218423e-02 1.5709792847e-02 2.0758262256e-02 2.7281091447e-02 3.5670666457e-02 4.6389789965e-02 6.0013447601e-02 7.7235323730e-02 9.8870694556e-02 1.2591850762e-01 1.5952505219e-01 2.0104528670e-01 2.5208233059e-01 3.1442314337e-01 3.9018056686e-01 4.8171187597e-01 5.9164477300e-01 7.2303781099e-01 8.7908595859e-01 1.0634251258e+00 1.2799933148e+00 1.5328961908e+00 1.8267212403e+00 2.1660506147e+00 2.5557302066e+00 3.0008709894e+00 3.5062927639e+00 4.0771149019e+00 4.7181177828e+00 5.4337559532e+00 6.2285892491e+00 7.1060509358e+00 8.0694517789e+00 9.1213476507e+00 1.0263180957e+01 1.1496008301e+01 1.2819359402e+01 1.4231918405e+01 1.5731459946e+01 1.7314103727e+01 1.8975299138e+01 2.0709077546e+01 2.2508354607e+01 2.4365373758e+01 2.6270985893e+01 2.8215585187e+01 3.0188838004e+01 3.2179883952e+01 3.4177639635e+01 3.6170858222e+01 3.8148408889e+01 4.0099328891e+01 4.2013272784e+01 4.3880307655e+01 4.5691376531e+01 4.7438406766e+01 4.9113907612e+01 5.0712053440e+01 5.2227728859e+01 5.3657015762e+01 5.4997436306e+01 5.6247132816e+01 5.7405827546e+01 5.8474027767e+01 5.9452926193e+01 6.0345043703e+01 6.1153085497e+01 6.1880612502e+01 6.2531686050e+01 6.3110272874e+01 6.3621132374e+01 6.4068692815e+01 6.4457432146e+01 6.4791872676e+01 6.5076017117e+01 6.5313856215e+01 6.5508866392e+01 6.5664000612e+01 6.5781954563e+01 6.5864672960e+01 6.5913655291e+01 6.5929851075e+01 6.5913422502e+01 6.5864203245e+01 6.5781243214e+01 6.5663030340e+01 6.5507623708e+01 6.5312320872e+01 6.5074177141e+01 6.4789695137e+01 6.4454890608e+01 6.4065764070e+01 6.3617784300e+01 6.3106477923e+01 6.2527415364e+01 6.1875833824e+01 6.1147776864e+01 6.0339183656e+01 5.9446491726e+01 5.8466999774e+01 5.7398200780e+01 5.6238897524e+01 5.4988599382e+01 5.3647578014e+01 5.2217712251e+01 5.0701475663e+01 4.9102804135e+01 4.7426810501e+01 4.5679334700e+01 4.3867870107e+01 4.2000497456e+01 4.0086276443e+01 3.8135146238e+01 3.6157458643e+01 3.4164173442e+01 3.2166424082e+01 3.0175460675e+01 2.8202357955e+01 2.6257983899e+01 2.4352659470e+01 2.2495990848e+01 2.0697120217e+01 1.8963797734e+01 1.7303100854e+01 1.5720992737e+01 1.4222014416e+01 1.2810039127e+01 1.1487286276e+01 1.0255062212e+01 9.1138325932e+00 8.0625331983e+00 7.0997158910e+00 6.2228209415e+00 5.4285322676e+00 4.7134129316e+00 4.0729007767e+00 3.5025384498e+00 2.9975446002e+00 2.5527994432e+00 2.1634822487e+00 1.8244829684e+00 1.5309560842e+00 1.2783209821e+00 1.0619914527e+00 8.7786358443e-01 7.2200133182e-01 5.9077075538e-01 4.8097879554e-01 3.8956914307e-01 3.1391594022e-01 2.5166388932e-01 2.0070199035e-01 1.5924492540e-01 1.2569118112e-01 9.8687244476e-02 7.7088067360e-02 5.9895905617e-02 4.6296477742e-02 3.5596995528e-02 2.7223249349e-02 2.0713091881e-02 1.5674715369e-02 1.1799127267e-02 8.8352653849e-03 0.0000000000e+00 0.0000000000e+00 0.0000000000e+00 0.0000000000e+00 0.0000000000e+00 0.0000000000e+00 0.0000000000e+00 0.0000000000e+00 0.0000000000e+00 0.0000000000e+00 0.0000000000e+00 0.0000000000e+00 0.0000000000e+00 0.0000000000e+00 0.0000000000e+00 0.0000000000e+00 0.0000000000e+00 0.0000000000e+00
0.0000000000e+00 0.0000000000e+00 0.0000000000e+00 0.0000000000e+00 0.0000000000e+00 0.0000000000e+00 0.0000000000e+00 0.0000000000e+00 0.0000000000e+00 0.0000000000e+00 0.0000000000e+00 0.0000000000e+00 0.0000000000e+00 0.0000000000e+00 0.0000000000e+00 0.0000000000e+00 0.0000000000e+00 0.0000000000e+00 0.0000000000e+00 7.1220896694e-03 9.4608576153e-03 1.2501138786e-02 1.6429294268e-02 2.1481617760e-02 2.7936809165e-02 3.6141122243e-02 4.6512292441e-02 5.9541275406e-02 7.5829613735e-02 9.6067607491e-02 1.2107118892e-01 1.5180572854e-01 1.8934730910e-01 2.3496824703e-01 2.9008805084e-01 3.5628907110e-01 4.3541306915e-01 5.2938398595e-01 6.4039133277e-01 7.7080639003e-01 9.2310143066e-01 1.1000390369e+00 1.3043783175e+00 1.5390372859e+00 1.8070936083e+00 2.1114497645e+00 2.4551882426e+00 2.8411873716e+00 3.2721299945e+00 3.7507610591e+00 4.2791485846e+00 4.8592860326e+00 5.4927119684e+00 6.1802951057e+00 6.9226717645e+00 7.7195579556e+00 8.5701621382e+00 9.4731435573e+00 1.0426165818e+01 1.1426488347e+01 1.2470516974e+01 1.3553986299e+01 1.4672224540e+01 1.5819722885e+01 1.6990696699e+01 1.8178924682e+01 1.9377865823e+01 2.0580846610e+01 2.1781093887e+01 2.2971905871e+01 2.4146681671e+01 2.5299190345e+01 2.6423451991e+01 2.7514012479e+01 2.8566009911e+01 2.9574934714e+01 3.0537279599e+01 3.1449964457e+01 3.2310626379e+01 3.3117779107e+01 3.3870298147e+01 3.4568021049e+01 3.5211249731e+01 3.5800707506e+01 3.6337906605e+01 3.6824478010e+01 3.7262567345e+01 3.7654619540e+01 3.8003022713e+01 3.8310642992e+01 3.8580146248e+01 3.8814228774e+01 3.9015618480e+01 3.9186718375e+01 3.9329933508e+01 3.9447359833e+01 3.9540776667e+01 3.9611802581e+01 3.9661609977e+01 3.9691103021e+01 3.9700852868e+01 3.9690958406e+01 3.9661317453e+01 3.9611357369e+01 3.9540169385e+01 3.9446584359e+01 3.9328975479e+01 3.9185566154e+01 3.9014254962e+01 3.8812641533e+01 3.8578315101e+01 3.8308548970e+01 3.8000649065e+01 3.7651949433e+01 3.7259579133e+01 3.6821158576e+01 3.6334240040e+01 3.5796681465e+01 3.5206856394e+01 3.4563250360e+01 3.3865149500e+01 3.3112251594e+01 3.2304725382e+01 3.1443698956e+01 3.0530666294e+01 2.9567991398e+01 2.8558759321e+01 2.7506481389e+01 2.6415673649e+01 2.5291200707e+01 2.4138519090e+01 2.2963612316e+01 2.1772713999e+01 2.0572425157e+01 1.9369448927e+01 1.8170558668e+01 1.6982426125e+01 1.5811591223e+01 1.4664273525e+01 1.3546254072e+01 1.2463039441e+01 1.1419295691e+01 1.0419285409e+01 9.4665976916e+00 8.5639680497e+00 7.7137296575e+00 6.9172171233e+00 6.1752184140e+00 5.4880124926e+00 4.8549597259e+00 4.2751874628e+00 3.7471542581e+00 3.2688635242e+00 2.8382454634e+00 2.4525530804e+00 2.1091022856e+00 1.8050138765e+00 1.5372048737e+00 1.3027724726e+00 1.0986395549e+00 9.2188845332e-01 7.6976079627e-01 6.3949497829e-01 5.2861978832e-01 4.3476507559e-01 3.5574265085e-01 2.8962977509e-01 2.3458601607e-01 1.8903024216e-01 1.5154415468e-01 1.2085659266e-01 9.5892506870e-02 7.5687516710e-02 5.9426601343e-02 4.6420252112e-02 3.6067655424e-02 2.7878488557e-02 2.1435572947e-02 1.6393143974e-02 1.2472908368e-02 9.4389356474e-03 7.1051593900e-03 0.0000000000e+00 0.0000000000e+00 0.0000000000e+00 0.0000000000e+00 0.0000000000e+00 0.0000000000e+00 0.0000000000e+00 0.0000000000e+00 0.0000000000e+00 0.0000000000e+00 0.0000000000e+00 0.0000000000e+00 0.0000000000e+00 0.0000000000e+00 0.0000000000e+00 0.0000000000e+00 0.0000000000e+00 0.0000000000e+00 0.0000000000e+00
0.0000000000e+00 0.0000000000e+00 0.0000000000e+00 0.0000000000e+00 0.0000000000e+00 0.0000000000e+00 0.0000000000e+00 0.0000000000e+00 0.0000000000e+00 0.0000000000e+00 0.0000000000e+00 0.0000000000e+00 0.0000000000e+00 0.0000000000e+00 0.0000000000e+00 0.0000000000e+00 0.0000000000e+00 0.0000000000e+00 0.0000000000e+00 0.0000000000e+00 5.6464798334e-03 7.4609706531e-03 9.8053523495e-03 1.2820644040e-02 1.6673173367e-02 2.1569581976e-02 2.7759171525e-02 3.5534938084e-02 4.5255879278e-02 5.7333956144e-02 7.2256100597e-02 9.0598432728e-02 1.1300314505e-01 1.4022951897e-01 1.7312468746e-01 2.1263297698e-01 2.5985346752e-01 3.1593435583e-01 3.8218225045e-01 4.6001227267e-01 5.5089978949e-01 6.5649341746e-01 7.7843965840e-01 9.1848001605e-01 1.0784509331e+00 1.2600845441e+00 1.4652203333e+00 1.6955761198e+00 1.9527525168e+00 2.2383880967e+00 2.5537163792e+00 2.8999273087e+00 3.2779387786e+00 3.6882692463e+00 4.1312983178e+00 4.6068564569e+00 5.1144711294e+00 5.6533426941e+00 6.2220761069e+00 6.8190360160e+00 7.4420780963e+00 8.0886557777e+00 8.7559821778e+00 9.4407692697e+00 1.0139565166e+01 1.0848657295e+01 1.1564141179e+01 1.2282036458e+01 1.2998298791e+01 1.3708930499e+01 1.4409991909e+01 1.5097765962e+01 1.5768680443e+01 1.6419485011e+01 1.7047275586e+01 1.7649362566e+01 1.8223651185e+01 1.8768304358e+01 1.9281913165e+01 1.9763589450e+01 2.0212662634e+01 2.0629035123e+01 2.1012888920e+01 2.1364652564e+01 2.1685231319e+01 2.1975596875e+01 2.2237030861e+01 2.2470991826e+01 2.2678904457e+01 2.2862479670e+01 2.3023308162e+01 2.3162999199e+01 2.3283179828e+01 2.3385284587e+01 2.3470748899e+01 2.3540824569e+01 2.3596570650e+01 2.3638955901e+01 2.3668677041e+01 2.3686276333e+01 2.3692094554e+01 2.3686186864e+01 2.3668495360e+01 2.3638679841e+01 2.3596194391e+01 2.3540342308e+01 2.3470155895e+01 2.3384570354e+01 2.3282335267e+01 2.3162015186e+01 2.3022173069e+01 2.2861182338e+01 2.2677433635e+01 2.2469336045e+01 2.2235179466e+01 2.1973539566e+01 2.1682959115e+01 2.1362157923e+01 2.1010165971e+01 2.0626079159e+01 2.0209472023e+01 1.9760164931e+01 1.9278257044e+01 1.8764422352e+01 1.8219553435e+01 1.7645058985e+01 1.7042782555e+01 1.6414817843e+01 1.5763860446e+01 1.5092814358e+01 1.4404933380e+01 1.3703790842e+01 1.2993105435e+01 1.2276817120e+01 1.1558924707e+01 1.0843472188e+01 1.0134439426e+01 9.4357302153e+00 8.7510549476e+00 8.0838641560e+00 7.4374438912e+00 6.8145788998e+00 6.2178122666e+00 5.6492861639e+00 5.1106329668e+00 4.6032446819e+00 4.1279181963e+00 3.6851231286e+00 3.2750264965e+00 2.8972462607e+00 2.5512617912e+00 2.2361529675e+00 1.9507285656e+00 1.6937531522e+00 1.4635875002e+00 1.2586299746e+00 1.0771622588e+00 9.1734458548e-01 7.7744473906e-01 6.5562630895e-01 5.5014826859e-01 4.5936445093e-01 3.8162692056e-01 3.1546088829e-01 2.5945201303e-01 2.1229443802e-01 1.7284077731e-01 1.3999272203e-01 1.1280672679e-01 9.0436396976e-02 7.2123165522e-02 5.7225486606e-02 4.5167860165e-02 3.5463907608e-02 2.7702160844e-02 2.1524077319e-02 1.6637050573e-02 1.2792125620e-02 9.7829624991e-03 7.4434870321e-03 5.6329031623e-03 0.0000000000e+00 0.0000000000e+00 0.0000000000e+00 0.0000000000e+00 0.0000000000e+00 0.0000000000e+00 0.0000000000e+00 0.0000000000e+00 0.0000000000e+00 0.0000000000e+00 0.0000000000e+00 0.0000000000e+00 0.0000000000e+00 0.0000000000e+00 0.0000000000e+00 0.0000000000e+00 0.0000000000e+00 0.0000000000e+00 0.0000000000e+00 0.0000000000e+00
0.0000000000e+00 0.0000000000e+00 0.0000000000e+00 0.0000000000e+00 0.0000000000e+00 0.0000000000e+00 0.0000000000e+00 0.0000000000e+00 0.0000000000e+00 0.0000000000e+00 0.0000000000e+00 0.0000000000e+00 0.0000000000e+00 0.0000000000e+00 0.0000000000e+00 0.0000000000e+00 0.0000000000e+00 0.0000000000e+00 0.0000000000e+00 0.0000000000e+00 2.5861342583e-03 4.4129141341e-03 5.7995169816e-03 7.5829290867e-03 9.8615225517e-03 1.2757512918e-02 1.6418345600e-02 2.1017310022e-02 2.6766726425e-02 3.3910239757e-02 4.2735839103e-02 5.3584252539e-02 6.6835285560e-02 8.2938003918e-02 1.0239341409e-01 1.2575999548e-01 1.5368778565e-01 1.8685582986e-01 2.2603687128e-01 2.7206784093e-01 3.2582128090e-01 3.8827219309e-01 4.6039435156e-01 5.4321759610e-01 6.3782812417e-01 7.4525025349e-01 8.6657185191e-01 1.0028088222e+00 1.1549078276e+00 1.3238377782e+00 1.5103282406e+00 1.7150828938e+00 1.9386445914e+00 2.1813198626e+00 2.4433331678e+00 2.7245841732e+00 3.0247935273e+00 3.3434879074e+00 3.6798426010e+00 4.0328904685e+00 4.4013628663e+00 4.7837544404e+00 5.1784163617e+00 5.5834042621e+00 5.9966767471e+00 6.4160376410e+00 6.8391792477e+00 7.2637458052e+00 7.6873463565e+00 8.1076171929e+00 8.5222272037e+00 8.9289788838e+00 9.3257600681e+00 9.7106471996e+00 1.0081924645e+01 1.0437999741e+01 1.0777635538e+01 1.1099744346e+01 1.1403493189e+01 1.1688357783e+01 1.1953939882e+01 1.2200182544e+01 1.2427194703e+01 1.2635227800e+01 1.2824818826e+01 1.2996540343e+01 1.3151153231e+01 1.3289517729e+01 1.3412477469e+01 1.3521043831e+01 1.3616158516e+01 1.3698771345e+01 1.3769846024e+01 1.3830230594e+01 1.3880774210e+01 1.3922216766e+01 1.3955184870e+01 1.3980250124e+01 1.3997827578e+01 1.4008235083e+01 1.4011673761e+01 1.4008179400e+01 1.3997715371e+01 1.3980080939e+01 1.3954953998e+01 1.3921920853e+01 1.3880409756e+01 1.3829791807e+01 1.3769327429e+01 1.3698166728e+01 1.3615460965e+01 1.3520247453e+01 1.3411574971e+01 1.3288501873e+01 1.3150015926e+01 1.2995277412e+01 1.2823423086e+01 1.2633695930e+01 1.2425522735e+01 1.2198367744e+01 1.1951980518e+01 1.1686253814e+01 1.1401247902e+01 1.1097360195e+01 1.0775118727e+01 1.0435356920e+01 1.0079165118e+01 9.7077812558e+00 9.3228000721e+00 8.9259380921e+00 8.5191209034e+00 8.1044607469e+00 7.6841568430e+00 7.2605402771e+00 6.8359753047e+00 6.4128534334e+00 5.9935286048e+00 5.5803094358e+00 5.1753902562e+00 4.7808116490e+00 4.3985172174e+00 4.0301530848e+00 3.6772241910e+00 3.3409968548e+00 3.0224364454e+00 2.7223661453e+00 2.4412574227e+00 2.1793878804e+00 1.9368562963e+00 1.7134365946e+00 1.5088208955e+00 1.3224652852e+00 1.1536649738e+00 1.0016894613e+00 8.6556919966e-01 7.4435710930e-01 6.3703683185e-01 5.4252042403e-01 4.5978340390e-01 3.8773979053e-01 3.2535985540e-01 2.7167009997e-01 2.2569591033e-01 1.8656514316e-01 1.5344131454e-01 1.2555216973e-01 1.0221911315e-01 8.2792633775e-02 6.6714708041e-02 5.3484780032e-02 4.2654233671e-02 3.3843657082e-02 2.6712696969e-02 2.0973710044e-02 1.6383352038e-02 1.2729582284e-02 9.8393507184e-03 7.5654251749e-03 5.7857754343e-03 4.4021837538e-03 2.5796860518e-03 0.0000000000e+00 0.0000000000e+00 0.0000000000e+00 0.0000000000e+00 0.0000000000e+00 0.0000000000e+00 0.0000000000e+00 0.0000000000e+00 0.0000000000e+00 0.0000000000e+00 0.0000000000e+00 0.0000000000e+00 0.0000000000e+00 0.0000000000e+00 0.0000000000e+00 0.0000000000e+00 0.0000000000e+00 0.0000000000e+00 0.0000000000e+00 0.0000000000e+00
0.0000000000e+00 0.0000000000e+00 0.0000000000e+00 0.0000000000e+00 0.0000000000e+00 0.0000000000e+00 0.0000000000e+00 0.0000000000e+00 0.0000000000e+00 0.0000000000e+00 0.0000000000e+00 0.0000000000e+00 0.0000000000e+00 0.0000000000e+00 0.0000000000e+00 0.0000000000e+00 0.0000000000e+00 0.0000000000e+00 0.0000000000e+00 0.0000000000e+00 0.0000000000e+00 2.5883922874e-03 3.4016913166e-03 4.4477312760e-03 5.7842095268e-03 7.4828081204e-03 9.6300068674e-03 1.2327440473e-02 1.5699640505e-02 1.9889505961e-02 2.5065944034e-02 3.1428797160e-02 3.9200822319e-02 4.8645395737e-02 6.0056361357e-02 7.3761268778e-02 9.0141363652e-02 1.0959490259e-01 1.3257509056e-01 1.5957278682e-01 1.9109974184e-01 2.2772774874e-01 2.7002795282e-01 3.1860433658e-01 3.7409390557e-01 4.3709743244e-01 5.0825291948e-01 5.8815615961e-01 6.7736236972e-01 7.7643974154e-01 8.8581617631e-01 1.0059043421e+00 1.1370225831e+00 1.2793506393e+00 1.4330201642e+00 1.5979722797e+00 1.7740430343e+00 1.9609550882e+00 2.1582244069e+00 2.3652839070e+00 2.5813895401e+00 2.8056582346e+00 3.0371231878e+00 3.2746440475e+00 3.5170233189e+00 3.7629735250e+00 4.0111404221e+00 4.2601428341e+00 4.5085789986e+00 4.7550617437e+00 4.9982246308e+00 5.2367782043e+00 5.4694843737e+00 5.6952147238e+00 5.9129627135e+00 6.1217949783e+00 6.3209857867e+00 6.5098973653e+00 6.6880408126e+00 6.8551087319e+00 7.0108682705e+00 7.1552856687e+00 7.2884238940e+00 7.4104317161e+00 7.5216233533e+00 7.6223357028e+00 7.7130129555e+00 7.7941615290e+00 7.8662749945e+00 7.9299473687e+00 7.9857300319e+00 8.0341811679e+00 8.0758648964e+00 8.1112795258e+00 8.1409224483e+00 8.1652274348e+00 8.1845622983e+00 8.1992623809e+00 8.2095706289e+00 8.2156739654e+00 8.2176904919e+00 8.2156403682e+00 8.2095027238e+00 8.1991594069e+00 8.1844216909e+00 8.1650473692e+00 8.1407005952e+00 8.1110126815e+00 8.0755493906e+00 8.0338132712e+00 7.9853056827e+00 7.9294623838e+00 7.8657254008e+00 7.7935428109e+00 7.7123207573e+00 7.6215665475e+00 7.5207741421e+00 7.4094992117e+00 7.2874056075e+00 7.1541802756e+00 7.0096752789e+00 6.8538280620e+00 6.6866734692e+00 6.5084459509e+00 6.3194532443e+00 6.1201858193e+00 5.9112822545e+00 5.6934694498e+00 5.4676817729e+00 5.2349265047e+00 4.9963329284e+00 4.7531396332e+00 4.5066368646e+00 4.2581911709e+00 4.0091895892e+00 3.7610345990e+00 3.5151064681e+00 3.2727595537e+00 3.0352805330e+00 2.8038663846e+00 2.5796565883e+00 2.3636170272e+00 2.1566299667e+00 1.9594380992e+00 1.7726077450e+00 1.5966216941e+00 1.4317562201e+00 1.2781742637e+00 1.1359336804e+00 1.0049019563e+00 8.8489842325e-01 7.7560406133e-01 6.7660562903e-01 5.8747461865e-01 5.0764247002e-01 4.3655363465e-01 3.7361215747e-01 3.1817987841e-01 2.6965602837e-01 2.2740363463e-01 1.9081882482e-01 1.5933065876e-01 1.3236753184e-01 1.0941794546e-01 8.9991327223e-02 7.3634757777e-02 5.9950264405e-02 4.8556907751e-02 3.9127427514e-02 3.1368250490e-02 2.5016275249e-02 1.9848979817e-02 1.5666756288e-02 1.2300905162e-02 9.6087090533e-03 7.4658100320e-03 5.7707165719e-03 4.4370792739e-03 3.3933288970e-03 2.5818625684e-03 0.0000000000e+00 0.0000000000e+00 0.0000000000e+00 0.0000000000e+00 0.0000000000e+00 0.0000000000e+00 0.0000000000e+00 0.0000000000e+00 0.0000000000e+00 0.0000000000e+00 0.0000000000e+00 0.0000000000e+00 0.0000000000e+00 0.0000000000e+00 0.0000000000e+00 0.0000000000e+00 0.0000000000e+00 0.0000000000e+00 0.0000000000e+00 0.0000000000e+00 0.0000000000e+00
0.0000000000e+00 0.0000000000e+00 0.0000000000e+00 0.0000000000e+00 0.0000000000e+00 0.0000000000e+00 0.0000000000e+00 0.0000000000e+00 0.0000000000e+00 0.0000000000e+00 0.0000000000e+00 0.0000000000e+00 0.0000000000e+00 0.0000000000e+00 0.0000000000e+00 0.0000000000e+00 0.0000000000e+00 0.0000000000e+00 0.0000000000e+00 0.0000000000e+00 0.0000000000e+00 0.0000000000e+00 1.9768579399e-03 2.5847439361e-03 3.3614099271e-03 4.3485108994e-03 5.5963011218e-03 7.1638417658e-03 9.1234974538e-03 1.1558308646e-02 1.4566427426e-02 1.8263979942e-02 2.2780412086e-02 2.8268770987e-02 3.4899803437e-02 4.2863850011e-02 5.2382447303e-02 6.3687014225e-02 7.7040908874e-02 9.2729362491e-02 1.1104972780e-01 1.3233429015e-01 1.5691489786e-01 1.8514252700e-01 2.1738733492e-01 2.5399839502e-01 2.9534645589e-01 3.4177768308e-01 3.9361469988e-01 4.5118768002e-01 5.1474525022e-01 5.8452717241e-01 6.6071841984e-01 7.4342344851e-01 8.3271866372e-01 9.2856993043e-01 1.0308819848e+00 1.1394935350e+00 1.2541233789e+00 1.3744419859e+00 1.5000170220e+00 1.6303352040e+00 1.7648349432e+00 1.9028534805e+00 2.0436950295e+00 2.1866114447e+00 2.3308156435e+00 2.4755055030e+00 2.6198660894e+00 2.7630913851e+00 2.9043875153e+00 3.0430052818e+00 3.1782251961e+00 3.3093913732e+00 3.4359192882e+00 3.5572665547e+00 3.6730111356e+00 3.7827826968e+00 3.8862973570e+00 3.9833759875e+00 4.0738838454e+00 4.1578007778e+00 4.2351638225e+00 4.3060594518e+00 4.3706698479e+00 4.4291910864e+00 4.4818811976e+00 4.5290344588e+00 4.5709377718e+00 4.6079359237e+00 4.6403498333e+00 4.6685032873e+00 4.6927246863e+00 4.7133030904e+00 4.7305276463e+00 4.7446503439e+00 4.7558852352e+00 4.7644271348e+00 4.7704165512e+00 4.7739627713e+00 4.7751340450e+00 4.7739424389e+00 4.7703755311e+00 4.7643647164e+00 4.7558005441e+00 4.7445418854e+00 4.7303937911e+00 4.7131421800e+00 4.6925342610e+00 4.6682814637e+00 4.6400937922e+00 4.6076435084e+00 4.5706060370e+00 4.5286612330e+00 4.4814637059e+00 4.4287271845e+00 4.3701574379e+00 4.3054967867e+00 4.2345497313e+00 4.1571341255e+00 4.0731639570e+00 3.9826034644e+00 3.8854723926e+00 3.7819068446e+00 3.6720864766e+00 3.5562955992e+00 3.4349056181e+00 3.3083385413e+00 3.1771375477e+00 3.0418881143e+00 2.9032462609e+00 2.7619317512e+00 2.6186943563e+00 2.4743280394e+00 2.3296387948e+00 2.1854416194e+00 2.0425386908e+00 1.9017166197e+00 1.7637233446e+00 1.6292542511e+00 1.4989714870e+00 1.3734364062e+00 1.2531614298e+00 1.1385783513e+00 1.0300160897e+00 9.2775517437e-01 8.3195615088e-01 7.4271373652e-01 6.6006151236e-01 5.8392245060e-01 5.1419159047e-01 4.5068356217e-01 3.9315822802e-01 3.4136656713e-01 2.9497821999e-01 2.5367039249e-01 2.1709675172e-01 1.8488651722e-01 1.5669055476e-01 1.3213878988e-01 1.1088029934e-01 9.2583316777e-02 7.6915723236e-02 6.3580289863e-02 5.2291958911e-02 4.2787551333e-02 3.4835818281e-02 2.8215407184e-02 2.2736150711e-02 1.8227467879e-02 1.4536474866e-02 1.1533870429e-02 9.1036681939e-03 7.1478408724e-03 5.5834591895e-03 4.3382617236e-03 3.3532743391e-03 2.5783214984e-03 1.9718161621e-03 0.0000000000e+00 0.0000000000e+00 0.0000000000e+00 0.0000000000e+00 0.0000000000e+00 0.0000000000e+00 0.0000000000e+00 0.0000000000e+00 0.0000000000e+00 0.0000000000e+00 0.0000000000e+00 0.0000000000e+00 0.0000000000e+00 0.0000000000e+00 0.0000000000e+00 0.0000000000e+00 0.0000000000e+00 0.0000000000e+00 0.0000000000e+00 0.0000000000e+00 0.0000000000e+00 0.0000000000e+00
0.0000000000e+00 0.0000000000e+00 0.0000000000e+00 0.0000000000e+00 0.0000000000e+00 0.0000000000e+00 0.0000000000e+00 0.0000000000e+00 0.0000000000e+00 0.0000000000e+00 0.0000000000e+00 0.0000000000e+00 0.0000000000e+00 0.0000000000e+00 0.0000000000e+00 0.0000000000e+00 0.0000000000e+00 0.0000000000e+00 0.0000000000e+00 0.0000000000e+00 0.0000000000e+00 0.0000000000e+00 0.0000000000e+00 1.4893050644e-03 1.9368056567e-03 2.5055530019e-03 3.2245013963e-03 4.1276799511e-03 5.2567817606e-03 6.6596512776e-03 8.3928385737e-03 1.0523250784e-02 1.3125467052e-02 1.6287665298e-02 2.0108222046e-02 2.4696798602e-02 3.0181032751e-02 3.6694253870e-02 4.4388192943e-02 5.3427178048e-02 6.3982530906e-02 7.6245686215e-02 9.0407838393e-02 1.0667118988e-01 1.2524899660e-01 1.4634237088e-01 1.7016490528e-01 1.9691603533e-01 2.2678163433e-01 2.5995189385e-01 2.9657007770e-01 3.3677430884e-01 3.8067112784e-01 4.2832072602e-01 4.7976711054e-01 5.3499059440e-01 5.9393630223e-01 6.5651124778e-01 7.2255352965e-01 7.9187319197e-01 8.6422114368e-01 9.3930177667e-01 1.0167913527e+00 1.0963081352e+00 1.1774512690e+00 1.2597897363e+00 1.3428700862e+00 1.4262301327e+00 1.5094003763e+00 1.5919164688e+00 1.6733211861e+00 1.7531826838e+00 1.8310864770e+00 1.9066548153e+00 1.9795508971e+00 2.0494621309e+00 2.1161456959e+00 2.1793878374e+00 2.2390252302e+00 2.2949548328e+00 2.3470985882e+00 2.3954453668e+00 2.4400160956e+00 2.4808607367e+00 2.5180844690e+00 2.5517999416e+00 2.5821560165e+00 2.6093221408e+00 2.6334636735e+00 2.6547792833e+00 2.6734536638e+00 2.6896736162e+00 2.7036280636e+00 2.7154837353e+00 2.7254071967e+00 2.7335435201e+00 2.7400161193e+00 2.7449371746e+00 2.7483878139e+00 2.7504306606e+00 2.7511052508e+00 2.7504184721e+00 2.7483632497e+00 2.7448999321e+00 2.7399654469e+00 2.7334787547e+00 2.7253271367e+00 2.7153874569e+00 2.7035143254e+00 2.6895408731e+00 2.6733005904e+00 2.6546042714e+00 2.6332653345e+00 2.6090988667e+00 2.5819063293e+00 2.5515225475e+00 2.5177780341e+00 2.4805243256e+00 2.4396488379e+00 2.3950465867e+00 2.3466681101e+00 2.2944927377e+00 2.2385319554e+00 2.1788641754e+00 2.1155927030e+00 2.0488815614e+00 1.9789445999e+00 1.9060251017e+00 1.8304360305e+00 1.7525144601e+00 1.6726385877e+00 1.5912230104e+00 1.5086995886e+00 1.4255258764e+00 1.3421662604e+00 1.2590900780e+00 1.1767596652e+00 1.0956281440e+00 1.0161264779e+00 9.3865519725e-01 8.6359583533e-01 7.9127176614e-01 7.2197820993e-01 6.5596394795e-01 5.9341845784e-01 5.3450333143e-01 4.7931111246e-01 4.2789630396e-01 3.8027827628e-01 3.3641265977e-01 2.9623899677e-01 2.5965043613e-01 2.2650865137e-01 1.9667018605e-01 1.6994470252e-01 1.4614622590e-01 1.2507523230e-01 1.0651810086e-01 9.0273694748e-02 7.6128790452e-02 6.3881220451e-02 5.3339855464e-02 4.4313342169e-02 3.6630443575e-02 3.0126931621e-02 2.4651181106e-02 2.0069967083e-02 1.6255761590e-02 1.3099005925e-02 1.0501423146e-02 8.3749327067e-03 6.6450423079e-03 5.2449283565e-03 4.1181151014e-03 3.2168252281e-03 2.4994265600e-03 1.9319428273e-03 1.4854663657e-03 0.0000000000e+00 0.0000000000e+00 0.0000000000e+00 0.0000000000e+00 0.0000000000e+00 0.0000000000e+00 0.0000000000e+00 0.0000000000e+00 0.0000000000e+00 0.0000000000e+00 0.0000000000e+00 0.0000000000e+00 0.0000000000e+00 0.0000000000e+00 0.0000000000e+00 0.0000000000e+00 0.0000000000e+00 0.0000000000e+00 0.0000000000e+00 0.0000000000e+00 0.0000000000e+00 0.0000000000e+00 0.0000000000e+00
0.0000000000e+00 0.0000000000e+00 0.0000000000e+00 0.0000000000e+00 0.0000000000e+00 0.0000000000e+00 0.0000000000e+00 0.0000000000e+00 0.0000000000e+00 0.0000000000e+00 0.0000000000e+00 0.0000000000e+00 0.0000000000e+00 0.0000000000e+00 0.0000000000e+00 0.0000000000e+00 0.0000000000e+00 0.0000000000e+00 0.0000000000e+00 0.0000000000e+00 0.0000000000e+00 0.0000000000e+00 0.0000000000e+00 0.0000000000e+00 1.1061897686e-03 1.4310195898e-03 1.8416327075e-03 2.3574633892e-03 3.0023229118e-03 3.8035355671e-03 4.7933976646e-03 6.0101198235e-03 7.4962943635e-03 9.3022796573e-03 1.1484258466e-02 1.4104857739e-02 1.7236969939e-02 2.0956739749e-02 2.5350818293e-02 3.0513050873e-02 3.6541278883e-02 4.3544824640e-02 5.1632878165e-02 6.0920912197e-02 7.1530709861e-02 8.3577127798e-02 9.7182135609e-02 1.1245963100e-01 1.2951574888e-01 1.4845912582e-01 1.6937154216e-01 1.9233187933e-01 2.1740099571e-01 2.4461323857e-01 2.7399376085e-01 3.0553129233e-01 3.3919447339e-01 3.7493023057e-01 4.1264608728e-01 4.5223356150e-01 4.9355037158e-01 5.3642775357e-01 5.8068078408e-01 6.2609146209e-01 6.7243088339e-01 7.1945286945e-01 7.6689850726e-01 8.1450382576e-01 8.6200069237e-01 9.0912397293e-01 9.5561250558e-01 1.0012197286e+00 1.0457089014e+00 1.0888643481e+00 1.1304937118e+00 1.1704184292e+00 1.2084998628e+00 1.2446160018e+00 1.2786736124e+00 1.3106136381e+00 1.3403917333e+00 1.3680014085e+00 1.3934547177e+00 1.4167801649e+00 1.4380377051e+00 1.4572918414e+00 1.4746274338e+00 1.4901413764e+00 1.5039280124e+00 1.5161007613e+00 1.5267653030e+00 1.5360281133e+00 1.5439971162e+00 1.5507676057e+00 1.5564345534e+00 1.5610811092e+00 1.5647773764e+00 1.5675876240e+00 1.5695580113e+00 1.5707246190e+00 1.5711096917e+00 1.5707173234e+00 1.5695435387e+00 1.5675654911e+00 1.5647473244e+00 1.5610426117e+00 1.5563871793e+00 1.5507105774e+00 1.5439297078e+00 1.5359494870e+00 1.5266745108e+00 1.5159971509e+00 1.5038104782e+00 1.4900089970e+00 1.4744794566e+00 1.4571273793e+00 1.4378560660e+00 1.4165807207e+00 1.3932369802e+00 1.3677650639e+00 1.3401365910e+00 1.3103397489e+00 1.2783811540e+00 1.2443055754e+00 1.2081720981e+00 1.1700742599e+00 1.1301342665e+00 1.0884910677e+00 1.0453233447e+00 1.0008236235e+00 9.5520787248e-01 9.0871287663e-01 8.6158530864e-01 8.1408635561e-01 7.6648127019e-01 7.1903814766e-01 6.7202090679e-01 6.2568838778e-01 5.8028666592e-01 5.3604449482e-01 4.9317972810e-01 4.5187705004e-01 4.1230506925e-01 3.7460582120e-01 3.3888752078e-01 3.0524245315e-01 2.7372346933e-01 2.4436167420e-01 2.1716814613e-01 1.9211753150e-01 1.6917529304e-01 1.4828044231e-01 1.2935395375e-01 1.1231391135e-01 9.7051625239e-02 8.3460874709e-02 7.1427723886e-02 6.0830179093e-02 5.1553375609e-02 4.3475544744e-02 3.6481238444e-02 3.0461302523e-02 2.5306459928e-02 2.0918925687e-02 1.7204909912e-02 1.4077826415e-02 1.1461589860e-02 9.2833755020e-03 7.4806153847e-03 5.9971861664e-03 4.7827882621e-03 3.7948798358e-03 2.9952998050e-03 2.3517964685e-03 1.8370849042e-03 1.4273901029e-03 1.1033089039e-03 0.0000000000e+00 0.0000000000e+00 0.0000000000e+00 0.0000000000e+00 0.0000000000e+00 0.0000000000e+00 0.0000000000e+00 0.0000000000e+00 0.0000000000e+00 0.0000000000e+00 0.0000000000e+00 0.0000000000e+00 0.0000000000e+00 0.0000000000e+00 0.0000000000e+00 0.0000000000e+00 0.0000000000e+00 0.0000000000e+00 0.0000000000e+00 0.0000000000e+00 0.0000000000e+00 0.0000000000e+00 0.0000000000e+00 0.0000000000e+00
0.0000000000e+00 0.0000000000e+00 0.0000000000e+00 0.0000000000e+00 0.0000000000e+00 0.0000000000e+00 0.0000000000e+00 0.0000000000e+00 0.0000000000e+00 0.0000000000e+00 0.0000000000e+00 0.0000000000e+00 0.0000000000e+00 0.0000000000e+00 0.0000000000e+00 0.0000000000e+00 0.0000000000e+00 0.0000000000e+00 0.0000000000e+00 0.0000000000e+00 0.0000000000e+00 0.0000000000e+00 0.0000000000e+00 0.0000000000e+00 1.4745217936e-04 8.0973582826e-04 1.0420755647e-03 1.3339500266e-03 1.6988321919e-03 2.1521824266e-03 2.7122741915e-03 3.4007275548e-03 4.2416413783e-03 5.2635090251e-03 6.4981183794e-03 7.9809042746e-03 9.7531084463e-03 1.1857814165e-02 1.4344047045e-02 1.7264905635e-02 2.0675746951e-02 2.4638422427e-02 2.9214714029e-02 3.4469950792e-02 4.0473039804e-02 4.7288958862e-02 5.4986721250e-02 6.3630762365e-02 7.3281136639e-02 8.3999295716e-02 9.5831518981e-02 1.0882243075e-01 1.2300645901e-01 1.3840303202e-01 1.5502638391e-01 1.7287011770e-01 1.9191652238e-01 2.1213554130e-01 2.3347483885e-01 2.5587306095e-01 2.7924969059e-01 3.0350924562e-01 3.2854709681e-01 3.5423990891e-01 3.8045817379e-01 4.0706256706e-01 4.3390666251e-01 4.6084102087e-01 4.8771406786e-01 5.1437566390e-01 5.4067812906e-01 5.6648196139e-01 5.9165317925e-01 6.1606980188e-01 6.3962294879e-01 6.6221168563e-01 6.8375745301e-01 7.0419130777e-01 7.2346046501e-01 7.4153156674e-01 7.5837943645e-01 7.7400048743e-01 7.8840141499e-01 8.0159855492e-01 8.1362566471e-01 8.2451924836e-01 8.3432740423e-01 8.4310490541e-01 8.5090508363e-01 8.5779220872e-01 8.6382600032e-01 8.6906668376e-01 8.7357543393e-01 8.7740602653e-01 8.8061221682e-01 8.8324109184e-01 8.8533233948e-01 8.8692232033e-01 8.8803712632e-01 8.8869705573e-01 8.8891487096e-01 8.8869278564e-01 8.8802856566e-01 8.8690933245e-01 8.8531468524e-01 8.8321857996e-01 8.8058440320e-01 8.7737252857e-01 8.7353578706e-01 8.6902051904e-01 8.6377268919e-01 8.5773137540e-01 8.5083608591e-01 8.4302718989e-01 8.3424050632e-01 8.2442265566e-01 8.1351898094e-01 8.0148144532e-01 7.8827360627e-01 7.7386166531e-01 7.5822960093e-01 7.4137071441e-01 7.2328873592e-01 7.0400901619e-01 6.8356496448e-01 6.6200956037e-01 6.3941187344e-01 6.1585059629e-01 5.9142676235e-01 5.6624934775e-01 5.4044051429e-01 5.1413422997e-01 4.8747009580e-01 4.6059587027e-01 4.3366161097e-01 4.0681901518e-01 3.8021740601e-01 3.5400320795e-01 3.2831564635e-01 3.0328418150e-01 2.7903203763e-01 2.5566370049e-01 2.3327457879e-01 2.1194502045e-01 1.9173626339e-01 1.7270050831e-01 1.5486765213e-01 1.3825530680e-01 1.2286972328e-01 1.0869655982e-01 9.5716282264e-02 8.3894372531e-02 7.3186129440e-02 6.3545200163e-02 5.4910090353e-02 4.7220700316e-02 4.0412570744e-02 3.4416678956e-02 2.9168035841e-02 2.4597748189e-02 2.0640496251e-02 1.7234524109e-02 1.4318005311e-02 1.1835613477e-02 9.7342866741e-03 7.9650350505e-03 6.4848107774e-03 5.2524113240e-03 4.2324373250e-03 3.3931355106e-03 2.7060464117e-03 2.1471015774e-03 1.6947098559e-03 1.3306237738e-03 1.0394062172e-03 8.0760558513e-04 1.4705470598e-04 0.0000000000e+00 0.0000000000e+00 0.0000000000e+00 0.0000000000e+00 0.0000000000e+00 0.0000000000e+00 0.0000000000e+00 0.0000000000e+00 0.0000000000e+00 0.0000000000e+00 0.0000000000e+00 0.0000000000e+00 0.0000000000e+00 0.0000000000e+00 0.0000000000e+00 0.0000000000e+00 0.0000000000e+00 0.0000000000e+00 0.0000000000e+00 0.0000000000e+00 0.0000000000e+00 0.0000000000e+00 0.0000000000e+00 0.0000000000e+00
0.0000000000e+00 0.0000000000e+00 0.0000000000e+00 0.0000000000e+00 0.0000000000e+00 0.0000000000e+00 0.0000000000e+00 0.0000000000e+00 0.0000000000e+00 0.0000000000e+00 0.0000000000e+00 0.0000000000e+00 0.0000000000e+00 0.0000000000e+00 0.0000000000e+00 0.0000000000e+00 0.0000000000e+00 0.0000000000e+00 0.0000000000e+00 0.0000000000e+00 0.0000000000e+00 0.0000000000e+00 0.0000000000e+00 0.0000000000e+00 0.0000000000e+00 4.5453815851e-04 5.8495777541e-04 7.4879556241e-04 9.5361397802e-04 1.2080910863e-03 1.5224838527e-03 1.9089277218e-03 2.3809494670e-03 2.9545423095e-03 3.6475487074e-03 4.4798580528e-03 5.4746193927e-03 6.6560144760e-03 8.0515619267e-03 9.6910638944e-03 1.1605591438e-02 1.3829863603e-02 1.6398553038e-02 1.9348330454e-02 2.2717870932e-02 2.6543646536e-02 3.0864388654e-02 3.5716266602e-02 4.1132983105e-02 4.7149032786e-02 5.3790386263e-02 6.1082094228e-02 6.9043470456e-02 7.7685426131e-02 8.7015939906e-02 9.7031432893e-02 1.0772194301e-01 1.1907062265e-01 1.3104807639e-01 1.4361986523e-01 1.5674081739e-01 1.7035731439e-01 1.8441063472e-01 1.9883156828e-01 2.1354738866e-01 2.2847994143e-01 2.4354701138e-01 2.5866474499e-01 2.7374801887e-01 2.8871263197e-01 3.0347563656e-01 3.1795876741e-01 3.3208682199e-01 3.4579131718e-01 3.5901116520e-01 3.7168967877e-01 3.8378282775e-01 3.9525187611e-01 4.0606717014e-01 4.1621003887e-01 4.2566634183e-01 4.3443405970e-01 4.4251698420e-01 4.4992416984e-01 4.5667468190e-01 4.6278900701e-01 4.6829407883e-01 4.7322067894e-01 4.7759871374e-01 4.8146430075e-01 4.8485086983e-01 4.8779235965e-01 4.9032297683e-01 4.9247299035e-01 4.9427257853e-01 4.9574805296e-01 4.9692180046e-01 4.9781418812e-01 4.9843985300e-01 4.9881024445e-01 4.9893248418e-01 4.9880777490e-01 4.9843489287e-01 4.9780660445e-01 4.9691155226e-01 4.9573492975e-01 4.9425637271e-01 4.9245348618e-01 4.9029993336e-01 4.8776547731e-01 4.8481985011e-01 4.8142882832e-01 4.7755851741e-01 4.7317541265e-01 4.6824348663e-01 4.6273276384e-01 4.5661257361e-01 4.4985598069e-01 4.4244250922e-01 4.3435322374e-01 4.2557908682e-01 4.1611636271e-01 4.0596716243e-01 3.9514569872e-01 3.8367072270e-01 3.7157195797e-01 3.5888822097e-01 3.4566362948e-01 3.3195493594e-01 3.1782328963e-01 3.0333724094e-01 2.8857200040e-01 2.7360592339e-01 2.5852193804e-01 2.4340428300e-01 2.2833807850e-01 2.1340714376e-01 1.9869369099e-01 1.8427582545e-01 1.7022621688e-01 1.5661403621e-01 1.4349792330e-01 1.3093143264e-01 1.1895965227e-01 1.0761695718e-01 9.6932641382e-02 8.6923491012e-02 7.7599384793e-02 6.8963831352e-02 6.1008784241e-02 5.3723272429e-02 4.7087926203e-02 4.1077650528e-02 3.5666435139e-02 3.0819760041e-02 2.6503893585e-02 2.2682656405e-02 1.9317306553e-02 1.6371369632e-02 1.3806176287e-02 1.1585064483e-02 9.6733718918e-03 8.0363973937e-03 6.6430876795e-03 5.4636599748e-03 4.4706180242e-03 3.6398004011e-03 2.9480807738e-03 2.3755906500e-03 1.9045075508e-03 1.5188580677e-03 1.2051330907e-03 9.5121411784e-04 7.4685920003e-04 5.8340386727e-04 4.5329806794e-04 0.0000000000e+00 0.0000000000e+00 0.0000000000e+00 0.0000000000e+00 0.0000000000e+00 0.0000000000e+00 0.0000000000e+00 0.0000000000e+00 0.0000000000e+00 0.0000000000e+00 0.0000000000e+00 0.0000000000e+00 0.0000000000e+00 0.0000000000e+00 0.0000000000e+00 0.0000000000e+00 0.0000000000e+00 0.0000000000e+00 0.0000000000e+00 0.0000000000e+00 0.0000000000e+00 0.0000000000e+00 0.0000000000e+00 0.0000000000e+00 0.0000000000e+00
0.0000000000e+00 0.0000000000e+00 0.0000000000e+00 0.0000000000e+00 0.0000000000e+00 0.0000000000e+00 0.0000000000e+00 0.0000000000e+00 0.0000000000e+00 0.0000000000e+00 0.0000000000e+00 0.0000000000e+00 0.0000000000e+00 0.0000000000e+00 0.0000000000e+00 0.0000000000e+00 0.0000000000e+00 0.0000000000e+00 0.0000000000e+00 0.0000000000e+00 0.0000000000e+00 0.0000000000e+00 0.0000000000e+00 0.0000000000e+00 0.0000000000e+00 0.0000000000e+00 3.2530664342e-04 4.1641848472e-04 5.3031967561e-04 6.7183591340e-04 8.4667103326e-04 1.0615732445e-03 1.3240646980e-03 1.6430387529e-03 2.0284171870e-03 2.4912601448e-03 3.0444402463e-03 3.7014038630e-03 4.4774534091e-03 5.3891612733e-03 6.4538050624e-03 7.6906894370e-03 9.1190960324e-03 1.0759415552e-02 1.2633153013e-02 1.4760588370e-02 1.7163260149e-02 1.9861277835e-02 2.2873383137e-02 2.6218756509e-02 2.9911838069e-02 3.3966554398e-02 3.8393647725e-02 4.3199182237e-02 4.8387595445e-02 5.3956894423e-02 5.9901543623e-02 6.6212158714e-02 7.2872413895e-02 7.9863143152e-02 8.7159233312e-02 9.4730865530e-02 1.0254539261e-01 1.1056432054e-01 1.1874721835e-01 1.2705062522e-01 1.3542881293e-01 1.4383517708e-01 1.5222236986e-01 1.6054356698e-01 1.6875265827e-01 1.7680610312e-01 1.8466210776e-01 1.9228258877e-01 1.9963357447e-01 2.0668353661e-01 2.1340798498e-01 2.1978543313e-01 2.2579933252e-01 2.3143931510e-01 2.3669753543e-01 2.4157286561e-01 2.4606742263e-01 2.5018622224e-01 2.5393987617e-01 2.5733977025e-01 2.6040089241e-01 2.6314033870e-01 2.6557477101e-01 2.6772423007e-01 2.6960735315e-01 2.7124298145e-01 2.7265013390e-01 2.7384566853e-01 2.7484631250e-01 2.7566676792e-01 2.7631942550e-01 2.7681561293e-01 2.7716350879e-01 2.7736944201e-01 2.7743737193e-01 2.7736801554e-01 2.7716064048e-01 2.7681125232e-01 2.7631349416e-01 2.7565919450e-01 2.7483696969e-01 2.7383439735e-01 2.7263684501e-01 2.7122746502e-01 2.6958945467e-01 2.6770377585e-01 2.6555157447e-01 2.6311421433e-01 2.6037168675e-01 2.5730732275e-01 2.5390402967e-01 2.5014686128e-01 2.4602445443e-01 2.4152621607e-01 2.3664719430e-01 2.3138527253e-01 2.2574162084e-01 2.1972416335e-01 2.1334329834e-01 2.0661560813e-01 1.9956263132e-01 1.9220890849e-01 1.8458600378e-01 1.7672793156e-01 1.6867279661e-01 1.6046242174e-01 1.5214037586e-01 1.4375277650e-01 1.3534645604e-01 1.2696876655e-01 1.1866629686e-01 1.1048476325e-01 1.0246760169e-01 9.4655217172e-02 8.7086075958e-02 7.9792781126e-02 7.2805108361e-02 6.6148130141e-02 5.9840960252e-02 5.3899891221e-02 4.8334255202e-02 4.3149539344e-02 3.8347697945e-02 3.3924256836e-02 2.9873115650e-02 2.6183499919e-02 2.2841459256e-02 1.9832527390e-02 1.7137511588e-02 1.4737653712e-02 1.2612836645e-02 1.0741517377e-02 9.1034137143e-03 7.6770245520e-03 6.4419634039e-03 5.3789553087e-03 4.4687056917e-03 3.6939468293e-03 3.0381182946e-03 2.4859302029e-03 2.0239478308e-03 1.6393116539e-03 1.3209737594e-03 1.0590237763e-03 8.4457977153e-04 6.7012989742e-04 5.2893556573e-04 4.1530175813e-04 3.2441048497e-04 0.0000000000e+00 0.0000000000e+00 0.0000000000e+00 0.0000000000e+00 0.0000000000e+00 0.0000000000e+00 0.0000000000e+00 0.0000000000e+00 0.0000000000e+00 0.0000000000e+00 0.0000000000e+00 0.0000000000e+00 0.0000000000e+00 0.0000000000e+00 0.0000000000e+00 0.0000000000e+00 0.0000000000e+00 0.0000000000e+00 0.0000000000e+00 0.0000000000e+00 0.0000000000e+00 0.0000000000e+00 0.0000000000e+00 0.0000000000e+00 0.0000000000e+00 0.0000000000e+00
0.0000000000e+00 0.0000000000e+00 0.0000000000e+00 0.0000000000e+00 0.0000000000e+00 0.0000000000e+00 0.0000000000e+00 0.0000000000e+00 0.0000000000e+00 0.0000000000e+00 0.0000000000e+00 0.0000000000e+00 0.0000000000e+00 0.0000000000e+00 0.0000000000e+00 0.0000000000e+00 0.0000000000e+00 0.0000000000e+00 0.0000000000e+00 0.0000000000e+00 0.0000000000e+00 0.0000000000e+00 0.0000000000e+00 0.0000000000e+00 0.0000000000e+00 0.0000000000e+00 0.0000000000e+00 2.2955297779e-04 2.9234050744e-04 3.7035042088e-04 4.6672678805e-04 5.8518938852e-04 7.2988454704e-04 9.0571444141e-04 1.1181480852e-03 1.3732819955e-03 1.6782115696e-03 2.0403488601e-03 2.4681285140e-03 2.9706848906e-03 3.5575418647e-03 4.2393400640e-03 5.0267074537e-03 5.9308833420e-03 6.9637207567e-03 8.1363987032e-03 9.4607875605e-03 1.0947973491e-02 1.2608285186e-02 1.4452293278e-02 1.6487956479e-02 1.8722955410e-02 2.1163202946e-02 2.3812049231e-02 2.6671933664e-02 2.9741759207e-02 3.3018472466e-02 3.6496904655e-02 4.0168050604e-02 4.4021352188e-02 4.8042961871e-02 5.2216445243e-02 5.6523806248e-02 6.0943827069e-02 6.5454219036e-02 7.0031037741e-02 7.4649065042e-02 7.9282622535e-02 8.3905593540e-02 8.8492197823e-02 9.3016999367e-02 9.7456009400e-02 1.0178619429e-01 1.0598655131e-01 1.1003835505e-01 1.1392424543e-01 1.1763072011e-01 1.2114590264e-01 1.2446071677e-01 1.2756943544e-01 1.3046770848e-01 1.3315495210e-01 1.3563229914e-01 1.3790255541e-01 1.3997153248e-01 1.4184551307e-01 1.4353277794e-01 1.4504272711e-01 1.4638457194e-01 1.4756933882e-01 1.4860729475e-01 1.4950883252e-01 1.5028444293e-01 1.5094340763e-01 1.5149495006e-01 1.5194716196e-01 1.5230690129e-01 1.5258039199e-01 1.5277214122e-01 1.5288563515e-01 1.5292307280e-01 1.5288482515e-01 1.5277049770e-01 1.5257789655e-01 1.5230351932e-01 1.5194284590e-01 1.5148959912e-01 1.5093697038e-01 1.5027684245e-01 1.4949995922e-01 1.4859706278e-01 1.4755764346e-01 1.4637131221e-01 1.4502780061e-01 1.4351608028e-01 1.4182695838e-01 1.3995103464e-01 1.3788005648e-01 1.3560774176e-01 1.3312827229e-01 1.3043891991e-01 1.2753851577e-01 1.2442771323e-01 1.2111086431e-01 1.1759371675e-01 1.1388539511e-01 1.0999778158e-01 1.0594440947e-01 1.0174266507e-01 9.7411304461e-02 9.2971330112e-02 8.8445786723e-02 8.3858696242e-02 7.9235493109e-02 7.4601967741e-02 6.9984218882e-02 6.5407941591e-02 6.0898328291e-02 5.6479317443e-02 5.2173186321e-02 4.8001124131e-02 4.3981112724e-02 4.0129557473e-02 3.6460286714e-02 3.2983828141e-02 2.9709160662e-02 2.6641429332e-02 2.3783658327e-02 2.1136926127e-02 1.8698765939e-02 1.6465812730e-02 1.4432131414e-02 1.2590029093e-02 1.0931532552e-02 9.4460643935e-03 8.1232845359e-03 6.9521036267e-03 5.9206494435e-03 5.0177403324e-03 4.2315266613e-03 3.5507709142e-03 2.9648495385e-03 2.4631268604e-03 2.0360853178e-03 1.6745971854e-03 1.3702347791e-03 1.1155929331e-03 9.0358371742e-04 7.2811748512e-04 5.8373193979e-04 4.6553135317e-04 3.6937518513e-04 2.9154931088e-04 2.2891464421e-04 0.0000000000e+00 0.0000000000e+00 0.0000000000e+00 0.0000000000e+00 0.0000000000e+00 0.0000000000e+00 0.0000000000e+00 0.0000000000e+00 0.0000000000e+00 0.0000000000e+00 0.0000000000e+00 0.0000000000e+00 0.0000000000e+00 0.0000000000e+00 0.0000000000e+00 0.0000000000e+00 0.0000000000e+00 0.0000000000e+00 0.0000000000e+00 0.0000000000e+00 0.0000000000e+00 0.0000000000e+00 0.0000000000e+00 0.0000000000e+00 0.0000000000e+00 0.0000000000e+00 0.0000000000e+00
0.0000000000e+00 0.0000000000e+00 0.0000000000e+00 0.0000000000e+00 0.0000000000e+00 0.0000000000e+00 0.0000000000e+00 0.0000000000e+00 0.0000000000e+00 0.0000000000e+00 0.0000000000e+00 0.0000000000e+00 0.0000000000e+00 0.0000000000e+00 0.0000000000e+00 0.0000000000e+00 0.0000000000e+00 0.0000000000e+00 0.0000000000e+00 0.0000000000e+00 0.0000000000e+00 0.0000000000e+00 0.0000000000e+00 0.0000000000e+00 0.0000000000e+00 0.0000000000e+00 0.0000000000e+00 0.0000000000e+00 1.5978950978e-04 2.0242791692e-04 2.5510480525e-04 3.1985326810e-04 3.9893938666e-04 4.9504258088e-04 6.1115179390e-04 7.5059913024e-04 9.1726248023e-04 1.1151928056e-03 1.3490000700e-03 1.6236765779e-03 1.9444272351e-03 2.3170674567e-03 2.7474062558e-03 3.2415853640e-03 3.8060836390e-03 4.4470100546e-03 5.1708528123e-03 5.9836687857e-03 6.8911039079e-03 7.8989369417e-03 9.0115148191e-03 1.0233034713e-02 1.1566729524e-02 1.3014427964e-02 1.4577465296e-02 1.6255240600e-02 1.8046084955e-02 1.9947172904e-02 2.1953581079e-02 2.4059541888e-02 2.6257486279e-02 2.8538430618e-02 3.0892536827e-02 3.3308217657e-02 3.5773283327e-02 3.8274646811e-02 4.0798533126e-02 4.3330899219e-02 4.5857485067e-02 4.8364188046e-02 5.0837110718e-02 5.3263148756e-02 5.5629701761e-02 5.7925307301e-02 6.0139721301e-02 6.2263459857e-02 6.4289129969e-02 6.6210262351e-02 6.8021884281e-02 6.9720875074e-02 7.1304858943e-02 7.2773495777e-02 7.4127421933e-02 7.5368162600e-02 7.6498913236e-02 7.7523086879e-02 7.8445216627e-02 7.9270436751e-02 8.0003785005e-02 8.0651284796e-02 8.1218551968e-02 8.1711266164e-02 8.2135146926e-02 8.2495288594e-02 8.2796717550e-02 8.3043862557e-02 8.3240464768e-02 8.3389925829e-02 8.3494715422e-02 8.3556733868e-02 8.3577191438e-02 8.3556276837e-02 8.3493786252e-02 8.3388510789e-02 8.3238534592e-02 8.3041411563e-02 8.2793686350e-02 8.2491635965e-02 8.2130840548e-02 8.1706234068e-02 8.1212746264e-02 8.0644654836e-02 7.9996273766e-02 7.9261974301e-02 7.8435748014e-02 7.7512573147e-02 7.6487297330e-02 7.5355410753e-02 7.4113497390e-02 7.2758363656e-02 7.1288523610e-02 6.9703349833e-02 6.8003171268e-02 6.6190397073e-02 6.4268154633e-02 6.2241434344e-02 6.0116714950e-02 5.7901413233e-02 5.5605024264e-02 5.3237796028e-02 5.0811215657e-02 4.8337871725e-02 4.5830896643e-02 4.3304179211e-02 4.0771827604e-02 3.8248103601e-02 3.5747042144e-02 3.3282416703e-02 3.0867312679e-02 2.8513899850e-02 2.6233763476e-02 2.4036729369e-02 2.1931758126e-02 1.9926411675e-02 1.8026442710e-02 1.6236758626e-02 1.4560171513e-02 1.2998333311e-02 1.1551831817e-02 1.0219320812e-02 8.9989606107e-03 7.8875062494e-03 6.8807545112e-03 5.9743484337e-03 5.1625054888e-03 4.4395756766e-03 3.7994981061e-03 3.2357840850e-03 2.7423230219e-03 2.3126383448e-03 1.9405891765e-03 1.6203688983e-03 1.3461651119e-03 1.1127762427e-03 9.1521382022e-04 7.4887202273e-04 6.0970357735e-04 4.9383490847e-04 3.9793794914e-04 3.1902726290e-04 2.5442732598e-04 2.0187525000e-04 1.5934113983e-04 0.0000000000e+00 0.0000000000e+00 0.0000000000e+00 0.0000000000e+00 0.0000000000e+00 0.0000000000e+00 0.0000000000e+00 0.0000000000e+00 0.0000000000e+00 0.0000000000e+00 0.0000000000e+00 0.0000000000e+00 0.0000000000e+00 0.0000000000e+00 0.0000000000e+00 0.0000000000e+00 0.0000000000e+00 0.0000000000e+00 0.0000000000e+00 0.0000000000e+00 0.0000000000e+00 0.0000000000e+00 0.0000000000e+00 0.0000000000e+00 0.0000000000e+00 0.0000000000e+00 0.0000000000e+00 0.0000000000e+00
0.0000000000e+00 0.0000000000e+00 0.0000000000e+00 0.0000000000e+00 0.0000000000e+00 0.0000000000e+00 0.0000000000e+00 0.0000000000e+00 0.0000000000e+00 0.0000000000e+00 0.0000000000e+00 0.0000000000e+00 0.0000000000e+00 0.0000000000e+00 0.0000000000e+00 0.0000000000e+00 0.0000000000e+00 0.0000000000e+00 0.0000000000e+00 0.0000000000e+00 0.0000000000e+00 0.0000000000e+00 0.0000000000e+00 0.0000000000e+00 0.0000000000e+00 0.0000000000e+00 0.0000000000e+00 0.0000000000e+00 0.0000000000e+00 1.0960982478e-04 1.3813259684e-04 1.7319148815e-04 2.1601362450e-04 2.6804958523e-04 3.3091784746e-04 4.0642245000e-04 4.9666301161e-04 6.0383274548e-04 7.3042787720e-04 8.7915111789e-04 1.0528207069e-03 1.2545853086e-03 1.4875894060e-03 1.7551592838e-03 2.0608018676e-03 2.4078246112e-03 2.7997406336e-03 3.2398294559e-03 3.7311468632e-03 4.2768219093e-03 4.8792086646e-03 5.5405792834e-03 6.2626823097e-03 7.0465098523e-03 7.8927834214e-03 8.8011770616e-03 9.7707871929e-03 1.0800083838e-02 1.1886402805e-02 1.3026622722e-02 1.4216638704e-02 1.5451593284e-02 1.6726156016e-02 1.8034055003e-02 1.9368688331e-02 2.0722978077e-02 2.2089456144e-02 2.3460526472e-02 2.4828462200e-02 2.6185633928e-02 2.7524516740e-02 2.8838011983e-02 3.0119298377e-02 3.1362174979e-02 3.2561093829e-02 3.3710908892e-02 3.4807639348e-02 3.5847767841e-02 3.6828606001e-02 3.7748463151e-02 3.8606043331e-02 3.9401188441e-02 4.0134222376e-02 4.0805977857e-02 4.1418175757e-02 4.1972672031e-02 4.2471925316e-02 4.2918707399e-02 4.3315751761e-02 4.3666318231e-02 4.3973445824e-02 4.4240202746e-02 4.4469695644e-02 4.4664682728e-02 4.4827880199e-02 4.4961680879e-02 4.5068125605e-02 4.5149042088e-02 4.5205776142e-02 4.5239348547e-02 4.5250418522e-02 4.5239093492e-02 4.5205253845e-02 4.5148244716e-02 4.5067043271e-02 4.4960306980e-02 4.4826178078e-02 4.4662634188e-02 4.4467277759e-02 4.4237375737e-02 4.3970186995e-02 4.3662597642e-02 4.3311535564e-02 4.2913954370e-02 4.2466612233e-02 4.1966769167e-02 4.1411648263e-02 4.0798815730e-02 4.0126403247e-02 3.9392693194e-02 3.8596869912e-02 3.7738613894e-02 3.6818096490e-02 3.5836611100e-02 3.4795858305e-02 3.3698539399e-02 3.2548171064e-02 3.1348753732e-02 3.0105435390e-02 2.8823772014e-02 2.7509974646e-02 2.6170847930e-02 2.4813527587e-02 2.3445516985e-02 2.2074458022e-02 2.0708069249e-02 1.9353950930e-02 1.8019565004e-02 1.6711990297e-02 1.5437815650e-02 1.4203314997e-02 1.3013807943e-02 1.1874146162e-02 1.0788423746e-02 9.7597547669e-03 8.7907966445e-03 7.8830706275e-03 7.0374706023e-03 6.2543158688e-03 5.5328770209e-03 4.8721581132e-03 4.2704026730e-03 3.7253348552e-03 3.2345946050e-03 2.7950532462e-03 2.4036495300e-03 2.0571034404e-03 1.7519015475e-03 1.4847349523e-03 1.2520981721e-03 1.0506655283e-03 8.7729384466e-04 7.2883601416e-04 6.0247584367e-04 4.9551269602e-04 4.0545271803e-04 3.3010472277e-04 2.6737154638e-04 2.1545136770e-04 1.7272776205e-04 1.3775223168e-04 1.0929956734e-04 0.0000000000e+00 0.0000000000e+00 0.0000000000e+00 0.0000000000e+00 0.0000000000e+00 0.0000000000e+00 0.0000000000e+00 0.0000000000e+00 0.0000000000e+00 0.0000000000e+00 0.0000000000e+00 0.0000000000e+00 0.0000000000e+00 0.0000000000e+00 0.0000000000e+00 0.0000000000e+00 0.0000000000e+00 0.0000000000e+00 0.0000000000e+00 0.0000000000e+00 0.0000000000e+00 0.0000000000e+00 0.0000000000e+00 0.0000000000e+00 0.0000000000e+00 0.0000000000e+00 0.0000000000e+00 0.0000000000e+00 0.0000000000e+00
0.0000000000e+00 0.0000000000e+00 0.0000000000e+00 0.0000000000e+00 0.0000000000e+00 0.0000000000e+00 0.0000000000e+00 0.0000000000e+00 0.0000000000e+00 0.0000000000e+00 0.0000000000e+00 0.0000000000e+00 0.0000000000e+00 0.0000000000e+00 0.0000000000e+00 0.0000000000e+00 0.0000000000e+00 0.0000000000e+00 0.0000000000e+00 0.0000000000e+00 0.0000000000e+00 0.0000000000e+00 0.0000000000e+00 0.0000000000e+00 0.0000000000e+00 0.0000000000e+00 0.0000000000e+00 0.0000000000e+00 0.0000000000e+00 0.0000000000e+00 7.4187442165e-05 9.3016310835e-05 1.1601441833e-04 1.4396088569e-04 1.7772478031e-04 2.1827497099e-04 2.6673895748e-04 3.2429480834e-04 3.9228280398e-04 4.7215433958e-04 5.6542309858e-04 6.7377983736e-04 7.9891344653e-04 9.4260953307e-04 1.1067521206e-03 1.2931172107e-03 1.5035911257e-03 1.7399348059e-03 2.0037897151e-03 2.2968354484e-03 2.6203369177e-03 2.9755140028e-03 3.3633053926e-03 3.7842431871e-03 4.2387150525e-03 4.7265477438e-03 5.2472531760e-03 5.8000123926e-03 6.3833916972e-03 6.9957157837e-03 7.6347819712e-03 8.2979793020e-03 8.9824440761e-03 9.6848141544e-03 1.0401537233e-02 1.1128813157e-02 1.1862639088e-02 1.2598928891e-02 1.3333533330e-02 1.4062355327e-02 1.4781353456e-02 1.5486722334e-02 1.6174795642e-02 1.6842234072e-02 1.7486072080e-02 1.8103534841e-02 1.8692491482e-02 1.9251059181e-02 1.9777778750e-02 2.0271757031e-02 2.0732283991e-02 2.1159288289e-02 2.1552935445e-02 2.1913674437e-02 2.2242431929e-02 2.2540205153e-02 2.2808317003e-02 2.3048243272e-02 2.3261451951e-02 2.3449710410e-02 2.3614641075e-02 2.3757894849e-02 2.3881130742e-02 2.3985843906e-02 2.4073481391e-02 2.4145334650e-02 2.4202494031e-02 2.4245944019e-02 2.4276412875e-02 2.4294436168e-02 2.4300380089e-02 2.4294294286e-02 2.4276115513e-02 2.4245497877e-02 2.4201890241e-02 2.4144570732e-02 2.4072531889e-02 2.3984698030e-02 2.3879782973e-02 2.3756318737e-02 2.3612824721e-02 2.3447638156e-02 2.3259107561e-02 2.3045593259e-02 2.2805356801e-02 2.2536916960e-02 2.2238792102e-02 2.1909687068e-02 2.1548577983e-02 2.1154555749e-02 2.0727175322e-02 2.0266275199e-02 1.9771924451e-02 1.9244846162e-02 1.8685933473e-02 1.8096647174e-02 1.7478870693e-02 1.6834756419e-02 1.6167072566e-02 1.5478791084e-02 1.4773254211e-02 1.4054118741e-02 1.3325213395e-02 1.2590568637e-02 1.1854284607e-02 1.1120509399e-02 1.0393329478e-02 9.6767434576e-03 8.9745545498e-03 8.2903062854e-03 7.6273601709e-03 6.9885783709e-03 6.3765655653e-03 5.7935182144e-03 5.2411097338e-03 4.7207657271e-03 4.2333057606e-03 3.7792089952e-03 3.3586459004e-03 2.9712235052e-03 2.6164105904e-03 2.2932603558e-03 2.0005530203e-03 1.7370194974e-03 1.5009804136e-03 1.2907919217e-03 1.1046925323e-03 9.4079529071e-04 7.9732375092e-04 6.7239484390e-04 5.6422304248e-04 4.7112014225e-04 3.9139639559e-04 3.2353924509e-04 2.6609844403e-04 2.1773505272e-04 1.7727203012e-04 1.4358332716e-04 1.1570139485e-04 9.2758125553e-05 7.3975683868e-05 0.0000000000e+00 0.0000000000e+00 0.0000000000e+00 0.0000000000e+00 0.0000000000e+00 0.0000000000e+00 0.0000000000e+00 0.0000000000e+00 0.0000000000e+00 0.0000000000e+00 0.0000000000e+00 0.0000000000e+00 0.0000000000e+00 0.0000000000e+00 0.0000000000e+00 0.0000000000e+00 0.0000000000e+00 0.0000000000e+00 0.0000000000e+00 0.0000000000e+00 0.0000000000e+00 0.0000000000e+00 0.0000000000e+00 0.0000000000e+00 0.0000000000e+00 0.0000000000e+00 0.0000000000e+00 0.0000000000e+00 0.0000000000e+00 0.0000000000e+00
0.0000000000e+00 0.0000000000e+00 0.0000000000e+00 0.0000000000e+00 0.0000000000e+00 0.0000000000e+00 0.0000000000e+00 0.0000000000e+00 0.0000000000e+00 0.0000000000e+00 0.0000000000e+00 0.0000000000e+00 0.0000000000e+00 0.0000000000e+00 0.0000000000e+00 0.0000000000e+00 0.0000000000e+00 0.0000000000e+00 0.0000000000e+00 0.0000000000e+00 0.0000000000e+00 0.0000000000e+00 0.0000000000e+00 0.0000000000e+00 0.0000000000e+00 0.0000000000e+00 0.0000000000e+00 0.0000000000e+00 0.0000000000e+00 0.0000000000e+00 0.0000000000e+00 4.9502900041e-05 6.1742183132e-05 7.6614794524e-05 9.4583308510e-05 1.1616329516e-04 1.4195479347e-04 1.7258451518e-04 2.0876602484e-04 2.5127141947e-04 3.0090632002e-04 3.5857042681e-04 4.2516235388e-04 5.0163256491e-04 5.8898316965e-04 6.8815967142e-04 8.0016579660e-04 9.2593803065e-04 1.0663503010e-03 1.2222970724e-03 1.3944500101e-03 1.5834597784e-03 1.7898235031e-03 2.0138260823e-03 2.2556743260e-03 2.5152734394e-03 2.7923674634e-03 3.0865153422e-03 3.3969591941e-03 3.7228060318e-03 4.0628823868e-03 4.4157983277e-03 4.7800316138e-03 5.1537938077e-03 5.5351902652e-03 5.9222058543e-03 6.3127007360e-03 6.7045128008e-03 7.0954241687e-03 7.4832616957e-03 7.8658664087e-03 8.2412160949e-03 8.6073678000e-03 8.9625356220e-03 9.3051442711e-03 9.6337214097e-03 9.9471246410e-03 1.0244359116e-02 1.0524643944e-02 1.0787505068e-02 1.1032569558e-02 1.1259790407e-02 1.1469264812e-02 1.1661225851e-02 1.1836168815e-02 1.1994623678e-02 1.2137289751e-02 1.2264963310e-02 1.2378422810e-02 1.2478598331e-02 1.2566365248e-02 1.2642600260e-02 1.2708176933e-02 1.2763903423e-02 1.2810535155e-02 1.2848773023e-02 1.2879186550e-02 1.2902307458e-02 1.2918521435e-02 1.2928110183e-02 1.2931273393e-02 1.2928033140e-02 1.2918359172e-02 1.2902062873e-02 1.2878854222e-02 1.2848354334e-02 1.2810015930e-02 1.2763270087e-02 1.2707436789e-02 1.2641727849e-02 1.2565358683e-02 1.2477454704e-02 1.2377130165e-02 1.2263499205e-02 1.2135655557e-02 1.1992809255e-02 1.1834162460e-02 1.1659025420e-02 1.1466862431e-02 1.1257179757e-02 1.1029750240e-02 1.0784476853e-02 1.0521411742e-02 1.0240929296e-02 9.9435022771e-03 9.6299183555e-03 9.3011703193e-03 8.9584076556e-03 8.6031016844e-03 8.2368392321e-03 7.8613972259e-03 7.4787153435e-03 7.0908340031e-03 6.6998978852e-03 6.3080925785e-03 5.9176224307e-03 5.5306602401e-03 5.1493386733e-03 4.7756783722e-03 4.4115638744e-03 4.0587856006e-03 3.7188691847e-03 3.3931926230e-03 3.0829322614e-03 2.7889761719e-03 2.5120832657e-03 2.2526893749e-03 2.0110488040e-03 1.7872523332e-03 1.5810919845e-03 1.3922833432e-03 1.2203241790e-03 1.0645645197e-03 9.2432931407e-04 7.9872507901e-04 6.8687652931e-04 5.8784671869e-04 5.0063147322e-04 4.2428508505e-04 3.5780602953e-04 3.0024412805e-04 2.5070083241e-04 2.0827691715e-04 1.7216767072e-04 1.4160139448e-04 1.1586541704e-04 9.4333507224e-05 7.6406514702e-05 6.1569488329e-05 4.9360462985e-05 0.0000000000e+00 0.0000000000e+00 0.0000000000e+00 0.0000000000e+00 0.0000000000e+00 0.0000000000e+00 0.0000000000e+00 0.0000000000e+00 0.0000000000e+00 0.0000000000e+00 0.0000000000e+00 0.0000000000e+00 0.0000000000e+00 0.0000000000e+00 0.0000000000e+00 0.0000000000e+00 0.0000000000e+00 0.0000000000e+00 0.0000000000e+00 0.0000000000e+00 0.0000000000e+00 0.0000000000e+00 0.0000000000e+00 0.0000000000e+00 0.0000000000e+00 0.0000000000e+00 0.0000000000e+00 0.0000000000e+00 0.0000000000e+00 0.0000000000e+00 0.0000000000e+00
0.0000000000e+00 0.0000000000e+00 0.0000000000e+00 0.0000000000e+00 0.0000000000e+00 0.0000000000e+00 0.0000000000e+00 0.0000000000e+00 0.0000000000e+00 0.0000000000e+00 0.0000000000e+00 0.0000000000e+00 0.0000000000e+00 0.0000000000e+00 0.0000000000e+00 0.0000000000e+00 0.0000000000e+00 0.0000000000e+00 0.0000000000e+00 0.0000000000e+00 0.0000000000e+00 0.0000000000e+00 0.0000000000e+00 0.0000000000e+00 0.0000000000e+00 0.0000000000e+00 0.0000000000e+00 0.0000000000e+00 0.0000000000e+00 0.0000000000e+00 0.0000000000e+00 0.0000000000e+00 3.2559702073e-05 4.0402631892e-05 4.9878026469e-05 6.1257908242e-05 7.4858638595e-05 9.1010620280e-05 1.1009028036e-04 1.3250445598e-04 1.5867822279e-04 1.8908580838e-04 2.2420109035e-04 2.6452549836e-04 3.1058708458e-04 3.6288439128e-04 4.2194720881e-04 4.8826857495e-04 5.6231005069e-04 6.4454267340e-04 7.3532012484e-04 8.3498710249e-04 9.4380314652e-04 1.0619230581e-03 1.1894500014e-03 1.3263382425e-03 1.4724498994e-03 1.6275541301e-03 1.7912514720e-03 1.9630706473e-03 2.1423934504e-03 2.3284873433e-03 2.5205449622e-03 2.7176287680e-03 2.9187350867e-03 3.1228111362e-03 3.3287168617e-03 3.5353184086e-03 3.7414359657e-03 3.9459403715e-03 4.1476879407e-03 4.3456077176e-03 4.5386756685e-03 4.7259516128e-03 4.9066024440e-03 5.0798607354e-03 5.2451197155e-03 5.4018439670e-03 5.5496378349e-03 5.6882430507e-03 5.8174543370e-03 5.9372699880e-03 6.0477220026e-03 6.1489451694e-03 6.2411884985e-03 6.3247360894e-03 6.3999625774e-03 6.4672828901e-03 6.5271082085e-03 6.5799307084e-03 6.6262090904e-03 6.6664065281e-03 6.7009856677e-03 6.7303773602e-03 6.7549550941e-03 6.7751196664e-03 6.7911598245e-03 6.8033512065e-03 6.8119014940e-03 6.8169531111e-03 6.8186245441e-03 6.8169111205e-03 6.8118095764e-03 6.8032124369e-03 6.7909771142e-03 6.7748925678e-03 6.7546728583e-03 6.7300265605e-03 6.7005872650e-03 6.6659332677e-03 6.6256599499e-03 6.5793083193e-03 6.5264011692e-03 6.4664867869e-03 6.3990738421e-03 6.3237475614e-03 6.2400935635e-03 6.1477430224e-03 6.0464111741e-03 5.9358417239e-03 5.8159101482e-03 5.6865876839e-03 5.5478694915e-03 5.3999695244e-03 5.2431400607e-03 5.0777819447e-03 4.9044296931e-03 4.7236945709e-03 4.5363427609e-03 4.3432141131e-03 4.1452465586e-03 3.9434537513e-03 3.7389245563e-03 3.5327953961e-03 3.3261950214e-03 3.1203035269e-03 2.9162604350e-03 2.7151942694e-03 2.5181636168e-03 2.3261711043e-03 2.1401536861e-03 1.9609177976e-03 1.7891909269e-03 1.6255948926e-03 1.4705964431e-03 1.3245935002e-03 1.1878183547e-03 1.0604042643e-03 9.4239778392e-04 8.3369239453e-04 7.3413566350e-04 6.4346412956e-04 5.6133391026e-04 4.8738885523e-04 4.2115946467e-04 3.6218303495e-04 3.0996541772e-04 2.6397833531e-04 2.2372136724e-04 1.8866786902e-04 1.5831601189e-04 1.3219253049e-04 1.0982289053e-04 9.0782667173e-05 7.4665420210e-05 6.1095075591e-05 4.9741491669e-05 4.0288754114e-05 3.2465286324e-05 0.0000000000e+00 0.0000000000e+00 0.0000000000e+00 0.0000000000e+00 0.0000000000e+00 0.0000000000e+00 0.0000000000e+00 0.0000000000e+00 0.0000000000e+00 0.0000000000e+00 0.0000000000e+00 0.0000000000e+00 0.0000000000e+00 0.0000000000e+00 0.0000000000e+00 0.0000000000e+00 0.0000000000e+00 0.0000000000e+00 0.0000000000e+00 0.0000000000e+00 0.0000000000e+00 0.0000000000e+00 0.0000000000e+00 0.0000000000e+00 0.0000000000e+00 0.0000000000e+00 0.0000000000e+00 0.0000000000e+00 0.0000000000e+00 0.0000000000e+00 0.0000000000e+00 0.0000000000e+00
0.0000000000e+00 0.0000000000e+00 0.0000000000e+00 0.0000000000e+00 0.0000000000e+00 0.0000000000e+00 0.0000000000e+00 0.0000000000e+00 0.0000000000e+00 0.0000000000e+00 0.0000000000e+00 0.0000000000e+00 0.0000000000e+00 0.0000000000e+00 0.0000000000e+00 0.0000000000e+00 0.0000000000e+00 0.0000000000e+00 0.0000000000e+00 0.0000000000e+00 0.0000000000e+00 0.0000000000e+00 0.0000000000e+00 0.0000000000e+00 0.0000000000e+00 0.0000000000e+00 0.0000000000e+00 0.0000000000e+00 0.0000000000e+00 0.0000000000e+00 0.0000000000e+00 0.0000000000e+00 0.0000000000e+00 2.1136035419e-05 2.6092839087e-05 3.2045918068e-05 3.9160699554e-05 4.7610104059e-05 5.7590962938e-05 6.9316158037e-05 8.3008077458e-05 9.8914380483e-05 1.1728373322e-04 1.3837758397e-04 1.6247277466e-04 1.8982982098e-04 2.2072598075e-04 2.5541842252e-04 2.9414935653e-04 3.3716557974e-04 3.8465081703e-04 4.3678683449e-04 4.9370724902e-04 5.5549424534e-04 6.2220298027e-04 6.9380719134e-04 7.7023750165e-04 8.5137124254e-04 9.3699848270e-04 1.0268765083e-03 1.1206783885e-03 1.2180198951e-03 1.3184825974e-03 1.4215750083e-03 1.5267702973e-03 1.6335164879e-03 1.7412237599e-03 1.8492922381e-03 1.9571081973e-03 2.0640818806e-03 2.1696091118e-03 2.2731380232e-03 2.3741260590e-03 2.4720886888e-03 2.5665848594e-03 2.6572160015e-03 2.7436499274e-03 2.8256318021e-03 2.9029360616e-03 2.9754353226e-03 3.0430290039e-03 3.1057024705e-03 3.1634732733e-03 3.2164163987e-03 3.2646721408e-03 3.3083738879e-03 3.3477232482e-03 3.3829361805e-03 3.4142287388e-03 3.4418554650e-03 3.4660673702e-03 3.4870995883e-03 3.5051814304e-03 3.5205555850e-03 3.5334148834e-03 3.5439577862e-03 3.5523486414e-03 3.5587228095e-03 3.5631968919e-03 3.5658389554e-03 3.5667150631e-03 3.5658188491e-03 3.5631475785e-03 3.5586472742e-03 3.5522482351e-03 3.5438410014e-03 3.5332583111e-03 3.5203632341e-03 3.5049599732e-03 3.4868384378e-03 3.4657658533e-03 3.4415196087e-03 3.4138508838e-03 3.3825000450e-03 3.3472409650e-03 3.3078379125e-03 3.2640767087e-03 3.2157695408e-03 3.1627636658e-03 3.1049219364e-03 3.0421893580e-03 2.9745421273e-03 2.9019739689e-03 2.8246127174e-03 2.7425763529e-03 2.6560891732e-03 2.5654044354e-03 2.4708642223e-03 2.3728589338e-03 2.2718402089e-03 2.1682867671e-03 2.0627332432e-03 1.9557475586e-03 1.8479225890e-03 1.7398581530e-03 1.6321584358e-03 1.5254277539e-03 1.4202536907e-03 1.3171920222e-03 1.2167642244e-03 1.1194624075e-03 1.0257104210e-03 9.3588218863e-04 8.5030914099e-04 7.6923297176e-04 6.9286144567e-04 6.2131837111e-04 5.5467133195e-04 4.9294509711e-04 4.3608457046e-04 3.8400869112e-04 3.3658054756e-04 2.9361986318e-04 2.5494161531e-04 2.2029884144e-04 1.8944941943e-04 1.6213577858e-04 1.3808091904e-04 1.1702352682e-04 9.8687741431e-05 8.2811781183e-05 6.9147072975e-05 5.7446017716e-05 4.7486522232e-05 3.9055923773e-05 3.1957647722e-05 2.6018801655e-05 2.1074263116e-05 0.0000000000e+00 0.0000000000e+00 0.0000000000e+00 0.0000000000e+00 0.0000000000e+00 0.0000000000e+00 0.0000000000e+00 0.0000000000e+00 0.0000000000e+00 0.0000000000e+00 0.0000000000e+00 0.0000000000e+00 0.0000000000e+00 0.0000000000e+00 0.0000000000e+00 0.0000000000e+00 0.0000000000e+00 0.0000000000e+00 0.0000000000e+00 0.0000000000e+00 0.0000000000e+00 0.0000000000e+00 0.0000000000e+00 0.0000000000e+00 0.0000000000e+00 0.0000000000e+00 0.0000000000e+00 0.0000000000e+00 0.0000000000e+00 0.0000000000e+00 0.0000000000e+00 0.0000000000e+00 0.0000000000e+00
0.0000000000e+00 0.0000000000e+00 0.0000000000e+00 0.0000000000e+00 0.0000000000e+00 0.0000000000e+00 0.0000000000e+00 0.0000000000e+00 0.0000000000e+00 0.0000000000e+00 0.0000000000e+00 0.0000000000e+00 0.0000000000e+00 0.0000000000e+00 0.0000000000e+00 0.0000000000e+00 0.0000000000e+00 0.0000000000e+00 0.0000000000e+00 0.0000000000e+00 0.0000000000e+00 0.0000000000e+00 0.0000000000e+00 0.0000000000e+00 0.0000000000e+00 0.0000000000e+00 0.0000000000e+00 0.0000000000e+00 0.0000000000e+00 0.0000000000e+00 0.0000000000e+00 0.0000000000e+00 0.0000000000e+00 0.0000000000e+00 1.3517649634e-05 1.6601667758e-05 2.0287449312e-05 2.4664512262e-05 2.9835116263e-05 3.5909195174e-05 4.3002170945e-05 5.1242418129e-05 6.0758231270e-05 7.1685577866e-05 8.4167748740e-05 9.8339311788e-05 1.1434431723e-04 1.3231603430e-04 1.5237979150e-04 1.7466268729e-04 1.9926160892e-04 2.2626915056e-04 2.5575502004e-04 2.8776205671e-04 3.2231878422e-04 3.5941144815e-04 3.9900253299e-04 4.4103087097e-04 4.8538607928e-04 5.3194520161e-04 5.8053416873e-04 6.3096061740e-04 6.8299980850e-04 7.3640252338e-04 7.9089311722e-04 8.4619133233e-04 9.0198207079e-04 9.5796343989e-04 1.0138135088e-03 1.0692279442e-03 1.1238900312e-03 1.1775186629e-03 1.2298281497e-03 1.2805753494e-03 1.3295284931e-03 1.3764679172e-03 1.4212422513e-03 1.4637113303e-03 1.5037537749e-03 1.5413138721e-03 1.5763177452e-03 1.6087872876e-03 1.6387153599e-03 1.6661392894e-03 1.6911293523e-03 1.7137660628e-03 1.7341529771e-03 1.7523939815e-03 1.7685975011e-03 1.7829140123e-03 1.7954559176e-03 1.8063459758e-03 1.8157102661e-03 1.8236770113e-03 1.8303333210e-03 1.8357994530e-03 1.8401449958e-03 1.8434456464e-03 1.8457686086e-03 1.8471290001e-03 1.8475861841e-03 1.8471244661e-03 1.8457394057e-03 1.8434064879e-03 1.8400930567e-03 1.8357365042e-03 1.8302506918e-03 1.8235743948e-03 1.8155971315e-03 1.8062041722e-03 1.7952915297e-03 1.7827333776e-03 1.7683952491e-03 1.7521563516e-03 1.7338927967e-03 1.7134813519e-03 1.6908091026e-03 1.6657932444e-03 1.6383305940e-03 1.6083714165e-03 1.5758673378e-03 1.5408314413e-03 1.5032387844e-03 1.4631648748e-03 1.4206666104e-03 1.3758616272e-03 1.3288901694e-03 1.2799162336e-03 1.2291465812e-03 1.1768204569e-03 1.1231818165e-03 1.0684949690e-03 1.0130818720e-03 9.5722969461e-04 9.0124988525e-04 8.4546017232e-04 7.9017110858e-04 7.3569371048e-04 6.8230659883e-04 6.3028369616e-04 5.7988130567e-04 5.3131895655e-04 4.8478747657e-04 4.4045975562e-04 3.9846187173e-04 3.5890304873e-04 3.2184355666e-04 2.8731988961e-04 2.5534609567e-04 2.2589146081e-04 1.9891657126e-04 1.7434815006e-04 1.5209539496e-04 1.3205982686e-04 1.1411500050e-04 9.8134703164e-05 8.3986615773e-05 7.1526190001e-05 6.0618380986e-05 5.1120641586e-05 4.2896742952e-05 3.5818392333e-05 2.9757248601e-05 2.4598186955e-05 2.0231126171e-05 1.6554250482e-05 1.3477899200e-05 0.0000000000e+00 0.0000000000e+00 0.0000000000e+00 0.0000000000e+00 0.0000000000e+00 0.0000000000e+00 0.0000000000e+00 0.0000000000e+00 0.0000000000e+00 0.0000000000e+00 0.0000000000e+00 0.0000000000e+00 0.0000000000e+00 0.0000000000e+00 0.0000000000e+00 0.0000000000e+00 0.0000000000e+00 0.0000000000e+00 0.0000000000e+00 0.0000000000e+00 0.0000000000e+00 0.0000000000e+00 0.0000000000e+00 0.0000000000e+00 0.0000000000e+00 0.0000000000e+00 0.0000000000e+00 0.0000000000e+00 0.0000000000e+00 0.0000000000e+00 0.0000000000e+00 0.0000000000e+00 0.0000000000e+00 0.0000000000e+00
0.0000000000e+00 0.0000000000e+00 0.0000000000e+00 0.0000000000e+00 0.0000000000e+00 0.0000000000e+00 0.0000000000e+00 0.0000000000e+00 0.0000000000e+00 0.0000000000e+00 0.0000000000e+00 0.0000000000e+00 0.0000000000e+00 0.0000000000e+00 0.0000000000e+00 0.0000000000e+00 0.0000000000e+00 0.0000000000e+00 0.0000000000e+00 0.0000000000e+00 0.0000000000e+00 0.0000000000e+00 0.0000000000e+00 0.0000000000e+00 0.0000000000e+00 0.0000000000e+00 0.0000000000e+00 0.0000000000e+00 0.0000000000e+00 0.0000000000e+00 0.0000000000e+00 0.0000000000e+00 0.0000000000e+00 0.0000000000e+00 0.0000000000e+00 2.0771974552e-06 1.0426348563e-05 1.2675919558e-05 1.5333201054e-05 1.8454692112e-05 2.2099915224e-05 2.6334719534e-05 3.1225039241e-05 3.6840819913e-05 4.3255285459e-05 5.0538331211e-05 5.8763629139e-05 6.7999448468e-05 7.8310028876e-05 8.9761316245e-05 1.0240285564e-04 1.1628222454e-04 1.3143453888e-04 1.4788291120e-04 1.6564055386e-04 1.8470280591e-04 2.0504818058e-04 2.2664697499e-04 2.4943953029e-04 2.7336698547e-04 2.9833772067e-04 3.2424983024e-04 3.5099094199e-04 3.7843634374e-04 4.0643858878e-04 4.3485228294e-04 4.6352393803e-04 4.9229512562e-04 5.2099471570e-04 5.4946670859e-04 5.7755795050e-04 6.0511677317e-04 6.3200246933e-04 6.5807453702e-04 6.8323313939e-04 7.0735220174e-04 7.3036128806e-04 7.5218958668e-04 7.7276501365e-04 7.9207120464e-04 8.1004990699e-04 8.2673919002e-04 8.4211880343e-04 8.5620661633e-04 8.6905104458e-04 8.8068526528e-04 8.9116813124e-04 9.0053951974e-04 9.0886030278e-04 9.1621897652e-04 9.2266417476e-04 9.2825516827e-04 9.3306783992e-04 9.3716531778e-04 9.4059247551e-04 9.4339171853e-04 9.4562670697e-04 9.4731716565e-04 9.4851850590e-04 9.4921225209e-04 9.4945134583e-04 9.4920999656e-04 9.4849756954e-04 9.4729769993e-04 9.4559737745e-04 9.4336416380e-04 9.4054245643e-04 9.3710391675e-04 9.3300630808e-04 9.2818015775e-04 9.2257349421e-04 9.1612100635e-04 9.0875645253e-04 9.0041489372e-04 8.9102964129e-04 8.8053294003e-04 8.6888017868e-04 8.5602480551e-04 8.4191328994e-04 8.2651551772e-04 8.0980967145e-04 7.9181346219e-04 7.7248833391e-04 7.5189825806e-04 7.3005564418e-04 7.0703368916e-04 6.8289227999e-04 6.5772314670e-04 6.3164067696e-04 6.0474650208e-04 5.7718163916e-04 5.4907930805e-04 5.2060321213e-04 4.9190233646e-04 4.6313679570e-04 4.3446400898e-04 4.0605499460e-04 3.7805894970e-04 3.5062389154e-04 3.2389095995e-04 2.9798896562e-04 2.7303335895e-04 2.4912263819e-04 2.2634305627e-04 2.0476129716e-04 1.8443203601e-04 1.6538805488e-04 1.4764856807e-04 1.3121731609e-04 1.1608028894e-04 1.0221905179e-04 8.9593798484e-05 7.8158572798e-05 6.7862915651e-05 5.8641324072e-05 5.0429450910e-05 4.3158960804e-05 3.6755878520e-05 3.1150591630e-05 2.6269873470e-05 2.2043805128e-05 1.8406460039e-05 1.5291707873e-05 1.2640609262e-05 1.0396370769e-05 2.0710669879e-06 0.0000000000e+00 0.0000000000e+00 0.0000000000e+00 0.0000000000e+00 0.0000000000e+00 0.0000000000e+00 0.0000000000e+00 0.0000000000e+00 0.0000000000e+00 0.0000000000e+00 0.0000000000e+00 0.0000000000e+00 0.0000000000e+00 0.0000000000e+00 0.0000000000e+00 0.0000000000e+00 0.0000000000e+00 0.0000000000e+00 0.0000000000e+00 0.0000000000e+00 0.0000000000e+00 0.0000000000e+00 0.0000000000e+00 0.0000000000e+00 0.0000000000e+00 0.0000000000e+00 0.0000000000e+00 0.0000000000e+00 0.0000000000e+00 0.0000000000e+00 0.0000000000e+00 0.0000000000e+00 0.0000000000e+00 0.0000000000e+00 0.0000000000e+00
0.0000000000e+00 0.0000000000e+00 0.0000000000e+00 0.0000000000e+00 0.0000000000e+00 0.0000000000e+00 0.0000000000e+00 0.0000000000e+00 0.0000000000e+00 0.0000000000e+00 0.0000000000e+00 0.0000000000e+00 0.0000000000e+00 0.0000000000e+00 0.0000000000e+00 0.0000000000e+00 0.0000000000e+00 0.0000000000e+00 0.0000000000e+00 0.0000000000e+00 0.0000000000e+00 0.0000000000e+00 0.0000000000e+00 0.0000000000e+00 0.0000000000e+00 0.0000000000e+00 0.0000000000e+00 0.0000000000e+00 0.0000000000e+00 0.0000000000e+00 0.0000000000e+00 0.0000000000e+00 0.0000000000e+00 0.0000000000e+00 0.0000000000e+00 0.0000000000e+00 0.0000000000e+00 6.4527895602e-06 7.8055277594e-06 9.3944997754e-06 1.1250082444e-05 1.3405858005e-05 1.5895227088e-05 1.8753663112e-05 2.2019109920e-05 2.5726575124e-05 2.9913438224e-05 3.4614233765e-05 3.9862492278e-05 4.5691800190e-05 5.2126111715e-05 5.9192255782e-05 6.6904738000e-05 7.5276515968e-05 8.4316184126e-05 9.4019364168e-05 1.0437602766e-04 1.1536831326e-04 1.2697070586e-04 1.3915160589e-04 1.5186224279e-04 1.6504880209e-04 1.7866316648e-04 1.9263238512e-04 2.0688539895e-04 2.2135030472e-04 2.3594454543e-04 2.5058884448e-04 2.6519581078e-04 2.7969395104e-04 2.9398916303e-04 3.0801185619e-04 3.2169985215e-04 3.3497136788e-04 3.4777301081e-04 3.6005509576e-04 3.7176557207e-04 3.8287606888e-04 3.9334672616e-04 4.0317130958e-04 4.1232881385e-04 4.2082228307e-04 4.2864836767e-04 4.3582038225e-04 4.4235497651e-04 4.4827521827e-04 4.5360995870e-04 4.5837986735e-04 4.6261659479e-04 4.6635855857e-04 4.6964117434e-04 4.7249614520e-04 4.7494552176e-04 4.7703384165e-04 4.7877591855e-04 4.8020803297e-04 4.8134290486e-04 4.8220289507e-04 4.8281129808e-04 4.8316785302e-04 4.8328572663e-04 4.8316613487e-04 4.8280465247e-04 4.8219201003e-04 4.8132749082e-04 4.8019209136e-04 4.7875366976e-04 4.7699974532e-04 4.7491237044e-04 4.7245583487e-04 4.6959159421e-04 4.6631023366e-04 4.6256745424e-04 4.5831534222e-04 4.5353769647e-04 4.4819918854e-04 4.4226602361e-04 4.3572696723e-04 4.2854627593e-04 4.2070253784e-04 4.1220092093e-04 4.0303522441e-04 3.9319795393e-04 3.8272346539e-04 3.7160433993e-04 3.5988478832e-04 3.4759756886e-04 3.3478472580e-04 3.2150794353e-04 3.0782017794e-04 2.9379010097e-04 2.7948563087e-04 2.6499107729e-04 2.5038089207e-04 2.3573810609e-04 2.2114420712e-04 2.0668177374e-04 1.9243378537e-04 1.7846937323e-04 1.6486276321e-04 1.5167729948e-04 1.3897729228e-04 1.2680464660e-04 1.1520817804e-04 1.0422339868e-04 9.3875878875e-05 8.4183604775e-05 7.5153687973e-05 6.6790076819e-05 5.9085868295e-05 5.2029815612e-05 4.5603686460e-05 3.9782509136e-05 3.4542198842e-05 2.9848831424e-05 2.5668932831e-05 2.1968216044e-05 1.8708853748e-05 1.5855884806e-05 1.3371456348e-05 1.1220425907e-05 9.3690251741e-06 7.7835714873e-06 6.4341291133e-06 0.0000000000e+00 0.0000000000e+00 0.0000000000e+00 0.0000000000e+00 0.0000000000e+00 0.0000000000e+00 0.0000000000e+00 0.0000000000e+00 0.0000000000e+00 0.0000000000e+00 0.0000000000e+00 0.0000000000e+00 0.0000000000e+00 0.0000000000e+00 0.0000000000e+00 0.0000000000e+00 0.0000000000e+00 0.0000000000e+00 0.0000000000e+00 0.0000000000e+00 0.0000000000e+00 0.0000000000e+00 0.0000000000e+00 0.0000000000e+00 0.0000000000e+00 0.0000000000e+00 0.0000000000e+00 0.0000000000e+00 0.0000000000e+00 0.0000000000e+00 0.0000000000e+00 0.0000000000e+00 0.0000000000e+00 0.0000000000e+00 0.0000000000e+00 0.0000000000e+00 0.0000000000e+00
0.0000000000e+00 0.0000000000e+00 0.0000000000e+00 0.0000000000e+00 0.0000000000e+00 0.0000000000e+00 0.0000000000e+00 0.0000000000e+00 0.0000000000e+00 0.0000000000e+00 0.0000000000e+00 0.0000000000e+00 0.0000000000e+00 0.0000000000e+00 0.0000000000e+00 0.0000000000e+00 0.0000000000e+00 0.0000000000e+00 0.0000000000e+00 0.0000000000e+00 0.0000000000e+00 0.0000000000e+00 0.0000000000e+00 0.0000000000e+00 0.0000000000e+00 0.0000000000e+00 0.0000000000e+00 0.0000000000e+00 0.0000000000e+00 0.0000000000e+00 0.0000000000e+00 0.0000000000e+00 0.0000000000e+00 0.0000000000e+00 0.0000000000e+00 0.0000000000e+00 0.0000000000e+00 0.0000000000e+00 3.9324529885e-06 4.7329048580e-06 5.6676639506e-06 6.7536526278e-06 8.0074698160e-06 9.4477525800e-06 1.1092586050e-05 1.2959991136e-05 1.5069743811e-05 1.7437424123e-05 2.0081554334e-05 2.3018420071e-05 2.6259177301e-05 2.9819854877e-05 3.3703368706e-05 3.7922604639e-05 4.2475593570e-05 4.7362848816e-05 5.2579447226e-05 5.8116099506e-05 6.3960218785e-05 7.0096863715e-05 7.6500379579e-05 8.3146325437e-05 9.0001336590e-05 9.7038545392e-05 1.0421483858e-04 1.1150665885e-04 1.1885911358e-04 1.2623768925e-04 1.3358730956e-04 1.4089062024e-04 1.4809657214e-04 1.5516287760e-04 1.6205827878e-04 1.6874088431e-04 1.7518658544e-04 1.8137156810e-04 1.8727571424e-04 1.9287180845e-04 1.9814917623e-04 2.0309750940e-04 2.0770291670e-04 2.1198317885e-04 2.1592304736e-04 2.1954321498e-04 2.2283489022e-04 2.2581172556e-04 2.2849691738e-04 2.3089931841e-04 2.3303718751e-04 2.3492012128e-04 2.3657887412e-04 2.3801403003e-04 2.3924549444e-04 2.4030702143e-04 2.4117617991e-04 2.4190005689e-04 2.4247450102e-04 2.4290587906e-04 2.4321266490e-04 2.4339288023e-04 2.4345357544e-04 2.4339013315e-04 2.4320672171e-04 2.4289766944e-04 2.4246299536e-04 2.4189264262e-04 2.4116456048e-04 2.4029299525e-04 2.3924038015e-04 2.3799341203e-04 2.3654708217e-04 2.3489802020e-04 2.3300891153e-04 2.3086950281e-04 2.2846641957e-04 2.2577413363e-04 2.2279045297e-04 2.1949559020e-04 2.1587383117e-04 2.1192094079e-04 2.0763129459e-04 2.0302633926e-04 1.9806799311e-04 1.9278898720e-04 1.8718791572e-04 1.8128573177e-04 1.7509245512e-04 1.6864163671e-04 1.6195396892e-04 1.5506085098e-04 1.4799734101e-04 1.4078360123e-04 1.3348093381e-04 1.2612795151e-04 1.1874760617e-04 1.1139751657e-04 1.0411207297e-04 9.6935948325e-05 8.9900855362e-05 8.3046839288e-05 7.6405211308e-05 7.0006141154e-05 6.3872942453e-05 5.8034006314e-05 5.2500594209e-05 4.7289027708e-05 4.2405681632e-05 3.7858595157e-05 3.3643740834e-05 2.9763810109e-05 2.6208909185e-05 2.2972129946e-05 2.0039944106e-05 1.7399909868e-05 1.5035558813e-05 1.2930197938e-05 1.1065848949e-05 9.4246967870e-06 7.9868329024e-06 6.7354518526e-06 5.6519756240e-06 4.7196049610e-06 3.9210070926e-06 0.0000000000e+00 0.0000000000e+00 0.0000000000e+00 0.0000000000e+00 0.0000000000e+00 0.0000000000e+00 0.0000000000e+00 0.0000000000e+00 0.0000000000e+00 0.0000000000e+00 0.0000000000e+00 0.0000000000e+00 0.0000000000e+00 0.0000000000e+00 0.0000000000e+00 0.0000000000e+00 0.0000000000e+00 0.0000000000e+00 0.0000000000e+00 0.0000000000e+00 0.0000000000e+00 0.0000000000e+00 0.0000000000e+00 0.0000000000e+00 0.0000000000e+00 0.0000000000e+00 0.0000000000e+00 0.0000000000e+00 0.0000000000e+00 0.0000000000e+00 0.0000000000e+00 0.0000000000e+00 0.0000000000e+00 0.0000000000e+00 0.0000000000e+00 0.0000000000e+00 0.0000000000e+00 0.0000000000e+00
0.0000000000e+00 0.0000000000e+00 0.0000000000e+00 0.0000000000e+00 0.0000000000e+00 0.0000000000e+00 0.0000000000e+00 0.0000000000e+00 0.0000000000e+00 0.0000000000e+00 0.0000000000e+00 0.0000000000e+00 0.0000000000e+00 0.0000000000e+00 0.0000000000e+00 0.0000000000e+00 0.0000000000e+00 0.0000000000e+00 0.0000000000e+00 0.0000000000e+00 0.0000000000e+00 0.0000000000e+00 0.0000000000e+00 0.0000000000e+00 0.0000000000e+00 0.0000000000e+00 0.0000000000e+00 0.0000000000e+00 0.0000000000e+00 0.0000000000e+00 0.0000000000e+00 0.0000000000e+00 0.0000000000e+00 0.0000000000e+00 0.0000000000e+00 0.0000000000e+00 0.0000000000e+00 0.0000000000e+00 0.0000000000e+00 2.3756865199e-06 2.8448834392e-06 3.3898641368e-06 4.0193711727e-06 4.7420407431e-06 5.5680206506e-06 6.5054197393e-06 7.5643302357e-06 8.7523535270e-06 1.0079183621e-05 1.1553923558e-05 1.3180264395e-05 1.4967860296e-05 1.6916922843e-05 1.9033776749e-05 2.1318923446e-05 2.3771952488e-05 2.6390902727e-05 2.9170097001e-05 3.2102303164e-05 3.5184564120e-05 3.8397997487e-05 4.1731716045e-05 4.5173679465e-05 4.8707303824e-05 5.2309369606e-05 5.5965213133e-05 5.9658319746e-05 6.3359594920e-05 6.7050086496e-05 7.0714963790e-05 7.4330008275e-05 7.7878169563e-05 8.1336513242e-05 8.4691786359e-05 8.7929375791e-05 9.1040616032e-05 9.3996361050e-05 9.6805468496e-05 9.9450615201e-05 1.0193526442e-04 1.0425193744e-04 1.0640256789e-04 1.0838066146e-04 1.1018677908e-04 1.1184050755e-04 1.1334024297e-04 1.1468595198e-04 1.1589274327e-04 1.1696010190e-04 1.1790770117e-04 1.1874128531e-04 1.1946846411e-04 1.2008339501e-04 1.2061569177e-04 1.2105372813e-04 1.2141596314e-04 1.2170277773e-04 1.2191703934e-04 1.2207612408e-04 1.2216136568e-04 1.2219283446e-04 1.2216536526e-04 1.2207103577e-04 1.2191487925e-04 1.2169607541e-04 1.2141571216e-04 1.2104559427e-04 1.2060319697e-04 1.2007484959e-04 1.1945574046e-04 1.1872612568e-04 1.1789487767e-04 1.1695454267e-04 1.1587298054e-04 1.1467163667e-04 1.1331831688e-04 1.1182208810e-04 1.1016322962e-04 1.0835034862e-04 1.0636459918e-04 1.0421365810e-04 1.0189917881e-04 9.9407618236e-05 9.6761937410e-05 9.3951209634e-05 9.0995011163e-05 8.7884277242e-05 8.4642847274e-05 8.1280905588e-05 7.7827092649e-05 7.4279624920e-05 7.0658853033e-05 6.6995415365e-05 6.3303730078e-05 5.9602975891e-05 5.5910620715e-05 5.2254956567e-05 4.8652295085e-05 4.5121715899e-05 4.1683586940e-05 3.8346711800e-05 3.5138128504e-05 3.2058852920e-05 2.9126411154e-05 2.6349856365e-05 2.3733490665e-05 2.1282574630e-05 1.9001231089e-05 1.6885891731e-05 1.4938851925e-05 1.3154370013e-05 1.1529876061e-05 1.0057925952e-05 8.7329797857e-06 7.5465974527e-06 6.4896391619e-06 5.5539945123e-06 4.7301414571e-06 4.0087365399e-06 3.3805317826e-06 2.8369188489e-06 2.3688155583e-06 0.0000000000e+00 0.0000000000e+00 0.0000000000e+00 0.0000000000e+00 0.0000000000e+00 0.0000000000e+00 0.0000000000e+00 0.0000000000e+00 0.0000000000e+00 0.0000000000e+00 0.0000000000e+00 0.0000000000e+00 0.0000000000e+00 0.0000000000e+00 0.0000000000e+00 0.0000000000e+00 0.0000000000e+00 0.0000000000e+00 0.0000000000e+00 0.0000000000e+00 0.0000000000e+00 0.0000000000e+00 0.0000000000e+00 0.0000000000e+00 0.0000000000e+00 0.0000000000e+00 0.0000000000e+00 0.0000000000e+00 0.0000000000e+00 0.0000000000e+00 0.0000000000e+00 0.0000000000e+00 0.0000000000e+00 0.0000000000e+00 0.0000000000e+00 0.0000000000e+00 0.0000000000e+00 0.0000000000e+00 0.0000000000e+00
0.0000000000e+00 0.0000000000e+00 0.0000000000e+00 0.0000000000e+00 0.0000000000e+00 0.0000000000e+00 0.0000000000e+00 0.0000000000e+00 0.0000000000e+00 0.0000000000e+00 0.0000000000e+00 0.0000000000e+00 0.0000000000e+00 0.0000000000e+00 0.0000000000e+00 0.0000000000e+00 0.0000000000e+00 0.0000000000e+00 0.0000000000e+00 0.0000000000e+00 0.0000000000e+00 0.0000000000e+00 0.0000000000e+00 0.0000000000e+00 0.0000000000e+00 0.0000000000e+00 0.0000000000e+00 0.0000000000e+00 0.0000000000e+00 0.0000000000e+00 0.0000000000e+00 0.0000000000e+00 0.0000000000e+00 0.0000000000e+00 0.0000000000e+00 0.0000000000e+00 0.0000000000e+00 0.0000000000e+00 0.0000000000e+00 0.0000000000e+00 1.1125093683e-06 1.6937475670e-06 2.0081572726e-06 2.3692050318e-06 2.7819965566e-06 3.2500316430e-06 3.7790920313e-06 4.3726051017e-06 5.0360492478e-06 5.7715905375e-06 6.5850417058e-06 7.4775976414e-06 8.4519214961e-06 9.5091979713e-06 1.0650992763e-05 1.1876241577e-05 1.3184460265e-05 1.4572765465e-05 1.6037804354e-05 1.7577209210e-05 1.9183077764e-05 2.0847561544e-05 2.2568211230e-05 2.4331560142e-05 2.6130991622e-05 2.7960309718e-05 2.9802533256e-05 3.1654094068e-05 3.3498114836e-05 3.5327550173e-05 3.7137404649e-05 3.8905368965e-05 4.0633149230e-05 4.2310915773e-05 4.3933250250e-05 4.5476568494e-05 4.6957727364e-05 4.8362218746e-05 4.9682579203e-05 5.0926657750e-05 5.2078376764e-05 5.3156247514e-05 5.4142474145e-05 5.5048258279e-05 5.5869515513e-05 5.6615996748e-05 5.7295815501e-05 5.7897118222e-05 5.8427950576e-05 5.8907062301e-05 5.9319864715e-05 5.9677965586e-05 5.9986865041e-05 6.0254168354e-05 6.0471430907e-05 6.0653581641e-05 6.0797104166e-05 6.0902782177e-05 6.0981671670e-05 6.1024601264e-05 6.1040005660e-05 6.1032054411e-05 6.0981419186e-05 6.0900721759e-05 6.0795690533e-05 6.0652948406e-05 6.0468410245e-05 6.0243180377e-05 5.9982169198e-05 5.9670748257e-05 5.9310007958e-05 5.8903239288e-05 5.8423978533e-05 5.7888423114e-05 5.7288812834e-05 5.6611985244e-05 5.5859887691e-05 5.5036380411e-05 5.4130719169e-05 5.3138887548e-05 5.2057314324e-05 5.0908866543e-05 4.9664798945e-05 4.8346340385e-05 4.6934094716e-05 4.5454373585e-05 4.3907036692e-05 4.2284880139e-05 4.0606543997e-05 3.8878453027e-05 3.7111019814e-05 3.5298357621e-05 3.3471259504e-05 3.1627013684e-05 2.9775164914e-05 2.7931188382e-05 2.6104079440e-05 2.4307089841e-05 2.2541779454e-05 2.0822380889e-05 1.9155477858e-05 1.7554605681e-05 1.6014704397e-05 1.4549843050e-05 1.3163284923e-05 1.1857060166e-05 1.0632849871e-05 9.4925955902e-06 8.4364902573e-06 7.4628833783e-06 6.5714582090e-06 5.7593639827e-06 5.0247772269e-06 4.3625133818e-06 3.7699697578e-06 3.2418553503e-06 2.7746986338e-06 2.3628177717e-06 2.0025597104e-06 1.6888831050e-06 1.1091644010e-06 0.0000000000e+00 0.0000000000e+00 0.0000000000e+00 0.0000000000e+00 0.0000000000e+00 0.0000000000e+00 0.0000000000e+00 0.0000000000e+00 0.0000000000e+00 0.0000000000e+00 0.0000000000e+00 0.0000000000e+00 0.0000000000e+00 0.0000000000e+00 0.0000000000e+00 0.0000000000e+00 0.0000000000e+00 0.0000000000e+00 0.0000000000e+00 0.0000000000e+00 0.0000000000e+00 0.0000000000e+00 0.0000000000e+00 0.0000000000e+00 0.0000000000e+00 0.0000000000e+00 0.0000000000e+00 0.0000000000e+00 0.0000000000e+00 0.0000000000e+00 0.0000000000e+00 0.0000000000e+00 0.0000000000e+00 0.0000000000e+00 0.0000000000e+00 0.0000000000e+00 0.0000000000e+00 0.0000000000e+00 0.0000000000e+00 0.0000000000e+00
0.0000000000e+00 0.0000000000e+00 0.0000000000e+00 0.0000000000e+00 0.0000000000e+00 0.0000000000e+00 0.0000000000e+00 0.0000000000e+00 0.0000000000e+00 0.0000000000e+00 0.0000000000e+00 0.0000000000e+00 0.0000000000e+00 0.0000000000e+00 0.0000000000e+00 0.0000000000e+00 0.0000000000e+00 0.0000000000e+00 0.0000000000e+00 0.0000000000e+00 0.0000000000e+00 0.0000000000e+00 0.0000000000e+00 0.0000000000e+00 0.0000000000e+00 0.0000000000e+00 0.0000000000e+00 0.0000000000e+00 0.0000000000e+00 0.0000000000e+00 0.0000000000e+00 0.0000000000e+00 0.0000000000e+00 0.0000000000e+00 0.0000000000e+00 0.0000000000e+00 0.0000000000e+00 0.0000000000e+00 0.0000000000e+00 0.0000000000e+00 0.0000000000e+00 0.0000000000e+00 9.8952594943e-07 1.1674557753e-06 1.3706322790e-06 1.6012884807e-06 1.8624217896e-06 2.1545621493e-06 2.4811640907e-06 2.8437075844e-06 3.2448782251e-06 3.6846463326e-06 4.1646151342e-06 4.6855645841e-06 5.2471219575e-06 5.8518393456e-06 6.4959241323e-06 7.1812392844e-06 7.9016792598e-06 8.6609729041e-06 9.4533383972e-06 1.0272145208e-05 1.1119573855e-05 1.1988272346e-05 1.2877443500e-05 1.3775555962e-05 1.4685344517e-05 1.5599579980e-05 1.6507582455e-05 1.7408051703e-05 1.8294384949e-05 1.9171119542e-05 2.0023979353e-05 2.0845715171e-05 2.1646253354e-05 2.2404287842e-05 2.3133510773e-05 2.3830207341e-05 2.4480437461e-05 2.5096920266e-05 2.5656083434e-05 2.6191753026e-05 2.6678092064e-05 2.7123333597e-05 2.7529862218e-05 2.7895732221e-05 2.8235340925e-05 2.8533541156e-05 2.8787347314e-05 2.9021050896e-05 2.9232488986e-05 2.9399168174e-05 2.9544535729e-05 2.9685634116e-05 2.9794644037e-05 2.9885012804e-05 2.9952927621e-05 3.0003223868e-05 3.0047638265e-05 3.0065693307e-05 3.0078590425e-05 3.0063604856e-05 3.0046078235e-05 3.0002891822e-05 2.9950649757e-05 2.9891339744e-05 2.9791071470e-05 2.9674152170e-05 2.9546059966e-05 2.9397855316e-05 2.9219916577e-05 2.9020670717e-05 2.8788947627e-05 2.8525979956e-05 2.8236461483e-05 2.7891326214e-05 2.7523817086e-05 2.7116172545e-05 2.6673437974e-05 2.6184291972e-05 2.5646813220e-05 2.5087754250e-05 2.4469864520e-05 2.3819887149e-05 2.3120516929e-05 2.2399966035e-05 2.1632977653e-05 2.0831803975e-05 2.0007919479e-05 1.9158884865e-05 1.8283681768e-05 1.7388919630e-05 1.6490997924e-05 1.5582052796e-05 1.4671024959e-05 1.3761530279e-05 1.2861954888e-05 1.1977928841e-05 1.1105838873e-05 1.0261937721e-05 9.4397081896e-06 8.6487136149e-06 7.8908007921e-06 7.1694589063e-06 6.4863103282e-06 5.8422493009e-06 5.2384995161e-06 4.6774475277e-06 4.1568514025e-06 3.6767762039e-06 3.2374098858e-06 2.8375725954e-06 2.4758761041e-06 2.1493087680e-06 1.8575867096e-06 1.5973053155e-06 1.3669546447e-06 1.1643274596e-06 9.8672103800e-07 0.0000000000e+00 0.0000000000e+00 0.0000000000e+00 0.0000000000e+00 0.0000000000e+00 0.0000000000e+00 0.0000000000e+00 0.0000000000e+00 0.0000000000e+00 0.0000000000e+00 0.0000000000e+00 0.0000000000e+00 0.0000000000e+00 0.0000000000e+00 0.0000000000e+00 0.0000000000e+00 0.0000000000e+00 0.0000000000e+00 0.0000000000e+00 0.0000000000e+00 0.0000000000e+00 0.0000000000e+00 0.0000000000e+00 0.0000000000e+00 0.0000000000e+00 0.0000000000e+00 0.0000000000e+00 0.0000000000e+00 0.0000000000e+00 0.0000000000e+00 0.0000000000e+00 0.0000000000e+00 0.0000000000e+00 0.0000000000e+00 0.0000000000e+00 0.0000000000e+00 0.0000000000e+00 0.0000000000e+00 0.0000000000e+00 0.0000000000e+00 0.0000000000e+00 0.0000000000e+00
0.0000000000e+00 0.0000000000e+00 0.0000000000e+00 0.0000000000e+00 0.0000000000e+00 0.0000000000e+00 0.0000000000e+00 0.0000000000e+00 0.0000000000e+00 0.0000000000e+00 0.0000000000e+00 0.0000000000e+00 0.0000000000e+00 0.0000000000e+00 0.0000000000e+00 0.0000000000e+00 0.0000000000e+00 0.0000000000e+00 0.0000000000e+00 0.0000000000e+00 0.0000000000e+00 0.0000000000e+00 0.0000000000e+00 0.0000000000e+00 0.0000000000e+00 0.0000000000e+00 0.0000000000e+00 0.0000000000e+00 0.0000000000e+00 0.0000000000e+00 0.0000000000e+00 0.0000000000e+00 0.0000000000e+00 0.0000000000e+00 0.0000000000e+00 0.0000000000e+00 0.0000000000e+00 0.0000000000e+00 0.0000000000e+00 0.0000000000e+00 0.0000000000e+00 0.0000000000e+00 0.0000000000e+00 5.4973246834e-07 6.4584498808e-07 7.5459829817e-07 8.7746541800e-07 1.0147190499e-06 1.1683865021e-06 1.3396649395e-06 1.5280545914e-06 1.7355174609e-06 1.9618064560e-06 2.2060294967e-06 2.4716134367e-06 2.7558831747e-06 3.0609389503e-06 3.3806792704e-06 3.7202376276e-06 4.0799412195e-06 4.4521894786e-06 4.8366736700e-06 5.2367321196e-06 5.6471637740e-06 6.0649240912e-06 6.4874797632e-06 6.9159639379e-06 7.3462542730e-06 7.7765170686e-06 8.1996669087e-06 8.6166071406e-06 9.0245062900e-06 9.4317907070e-06 9.8162346208e-06 1.0193276461e-05 1.0553586300e-05 1.0896765705e-05 1.1221955585e-05 1.1527894659e-05 1.1816981725e-05 1.2082904057e-05 1.2333542505e-05 1.2566803474e-05 1.2773282970e-05 1.2960719144e-05 1.3134033155e-05 1.3294183863e-05 1.3433797153e-05 1.3554327354e-05 1.3664678684e-05 1.3759874476e-05 1.3848036263e-05 1.3922207735e-05 1.3988261490e-05 1.4039138385e-05 1.4081396454e-05 1.4112255620e-05 1.4132085822e-05 1.4153345023e-05 1.4162595061e-05 1.4170368627e-05 1.4166172447e-05 1.4156183552e-05 1.4137995182e-05 1.4114301471e-05 1.4082197740e-05 1.4036301050e-05 1.3980052649e-05 1.3922959783e-05 1.3843555780e-05 1.3757821034e-05 1.3661476424e-05 1.3555187416e-05 1.3430791528e-05 1.3292998332e-05 1.3133990039e-05 1.2961363161e-05 1.2770300687e-05 1.2566215936e-05 1.2329144707e-05 1.2078067134e-05 1.1810943935e-05 1.1521106402e-05 1.1222272483e-05 1.0891463969e-05 1.0551032787e-05 1.0186124413e-05 9.8090000689e-06 9.4237813648e-06 9.0185416144e-06 8.6119392401e-06 8.1916284824e-06 7.7672996154e-06 7.3399196967e-06 6.9104680631e-06 6.4807953541e-06 6.0573954094e-06 5.6395570562e-06 5.2309813857e-06 4.8325076795e-06 4.4440695333e-06 4.0750963269e-06 3.7154797146e-06 3.3748376800e-06 3.0546176035e-06 2.7513401728e-06 2.4672245605e-06 2.2025263189e-06 1.9581637457e-06 1.7318951908e-06 1.5250322480e-06 1.3364512993e-06 1.1658136160e-06 1.0122510445e-06 8.7478494988e-07 7.5225647497e-07 6.4384229251e-07 5.4818110999e-07 0.0000000000e+00 0.0000000000e+00 0.0000000000e+00 0.0000000000e+00 0.0000000000e+00 0.0000000000e+00 0.0000000000e+00 0.0000000000e+00 0.0000000000e+00 0.0000000000e+00 0.0000000000e+00 0.0000000000e+00 0.0000000000e+00 0.0000000000e+00 0.0000000000e+00 0.0000000000e+00 0.0000000000e+00 0.0000000000e+00 0.0000000000e+00 0.0000000000e+00 0.0000000000e+00 0.0000000000e+00 0.0000000000e+00 0.0000000000e+00 0.0000000000e+00 0.0000000000e+00 0.0000000000e+00 0.0000000000e+00 0.0000000000e+00 0.0000000000e+00 0.0000000000e+00 0.0000000000e+00 0.0000000000e+00 0.0000000000e+00 0.0000000000e+00 0.0000000000e+00 0.0000000000e+00 0.0000000000e+00 0.0000000000e+00 0.0000000000e+00 0.0000000000e+00 0.0000000000e+00 0.0000000000e+00
0.0000000000e+00 0.0000000000e+00 0.0000000000e+00 0.0000000000e+00 0.0000000000e+00 0.0000000000e+00 0.0000000000e+00 0.0000000000e+00 0.0000000000e+00 0.0000000000e+00 0.0000000000e+00 0.0000000000e+00 0.0000000000e+00 0.0000000000e+00 0.0000000000e+00 0.0000000000e+00 0.0000000000e+00 0.0000000000e+00 0.0000000000e+00 0.0000000000e+00 0.0000000000e+00 0.0000000000e+00 0.0000000000e+00 0.0000000000e+00 0.0000000000e+00 0.0000000000e+00 0.0000000000e+00 0.0000000000e+00 0.0000000000e+00 0.0000000000e+00 0.0000000000e+00 0.0000000000e+00 0.0000000000e+00 0.0000000000e+00 0.0000000000e+00 0.0000000000e+00 0.0000000000e+00 0.0000000000e+00 0.0000000000e+00 0.0000000000e+00 0.0000000000e+00 0.0000000000e+00 0.0000000000e+00 0.0000000000e+00 0.0000000000e+00 3.8283651177e-07 4.4515659065e-07 5.1481825300e-07 5.9304159466e-07 6.7954607315e-07 7.7548915264e-07 8.8102659838e-07 9.9427045146e-07 1.1207983964e-06 1.2541766470e-06 1.3984688042e-06 1.5513061596e-06 1.7150152919e-06 1.8853685015e-06 2.0692075376e-06 2.2593627565e-06 2.4541575899e-06 2.6566400964e-06 2.8647358958e-06 3.0748641803e-06 3.2916175588e-06 3.5074137719e-06 3.7345748433e-06 3.9431052599e-06 4.1608997589e-06 4.3748885047e-06 4.5823819137e-06 4.7870942484e-06 4.9821266814e-06 5.1687482189e-06 5.3473740728e-06 5.5275365896e-06 5.6917906353e-06 5.8513909023e-06 5.9890618795e-06 6.1245717471e-06 6.2585437008e-06 6.3707342796e-06 6.4784871793e-06 6.5798230925e-06 6.6599838285e-06 6.7416358196e-06 6.8198588959e-06 6.8750928654e-06 6.9320331029e-06 6.9819781823e-06 7.0289818691e-06 7.0635397239e-06 7.1000477390e-06 7.1186055357e-06 7.1429193395e-06 7.1545041414e-06 7.1640963182e-06 7.1810450582e-06 7.1808881949e-06 7.1923082355e-06 7.1899603316e-06 7.1837753021e-06 7.1708989845e-06 7.1594548400e-06 7.1458505232e-06 7.1203983911e-06 7.0946146781e-06 7.0677569103e-06 7.0244757603e-06 6.9769441275e-06 6.9338856052e-06 6.8767599444e-06 6.8136262148e-06 6.7455709967e-06 6.6623787323e-06 6.5800742874e-06 6.4835442638e-06 6.3734207826e-06 6.2546761657e-06 6.1203943021e-06 5.9975421798e-06 5.8463809411e-06 5.6906852285e-06 5.5213431241e-06 5.3514421415e-06 5.1689572230e-06 4.9824694004e-06 4.7802392017e-06 4.5783657285e-06 4.3742785398e-06 4.1527218445e-06 3.9372024515e-06 3.7287383200e-06 3.5079646965e-06 3.2861714672e-06 3.0725650941e-06 2.8619385398e-06 2.6540911765e-06 2.4524367403e-06 2.2560145446e-06 2.0653594491e-06 1.8833327119e-06 1.7122713283e-06 1.5492829523e-06 1.3953111253e-06 1.2520527071e-06 1.1189851591e-06 9.9337985020e-07 8.7883409660e-07 7.7324872976e-07 6.7808618609e-07 5.9165547303e-07 5.1343458565e-07 4.4370040136e-07 3.8180304312e-07 0.0000000000e+00 0.0000000000e+00 0.0000000000e+00 0.0000000000e+00 0.0000000000e+00 0.0000000000e+00 0.0000000000e+00 0.0000000000e+00 0.0000000000e+00 0.0000000000e+00 0.0000000000e+00 0.0000000000e+00 0.0000000000e+00 0.0000000000e+00 0.0000000000e+00 0.0000000000e+00 0.0000000000e+00 0.0000000000e+00 0.0000000000e+00 0.0000000000e+00 0.0000000000e+00 0.0000000000e+00 0.0000000000e+00 0.0000000000e+00 0.0000000000e+00 0.0000000000e+00 0.0000000000e+00 0.0000000000e+00 0.0000000000e+00 0.0000000000e+00 0.0000000000e+00 0.0000000000e+00 0.0000000000e+00 0.0000000000e+00 0.0000000000e+00 0.0000000000e+00 0.0000000000e+00 0.0000000000e+00 0.0000000000e+00 0.0000000000e+00 0.0000000000e+00 0.0000000000e+00 0.0000000000e+00 0.0000000000e+00 0.0000000000e+00
0.0000000000e+00 0.0000000000e+00 0.0000000000e+00 0.0000000000e+00 0.0000000000e+00 0.0000000000e+00 0.0000000000e+00 0.0000000000e+00 0.0000000000e+00 0.0000000000e+00 0.0000000000e+00 0.0000000000e+00 0.0000000000e+00 0.0000000000e+00 0.0000000000e+00 0.0000000000e+00 0.0000000000e+00 0.0000000000e+00 0.0000000000e+00 0.0000000000e+00 0.0000000000e+00 0.0000000000e+00 0.0000000000e+00 0.0000000000e+00 0.0000000000e+00 0.0000000000e+00 0.0000000000e+00 0.0000000000e+00 0.0000000000e+00 0.0000000000e+00 0.0000000000e+00 0.0000000000e+00 0.0000000000e+00 0.0000000000e+00 0.0000000000e+00 0.0000000000e+00 0.0000000000e+00 0.0000000000e+00 0.0000000000e+00 0.0000000000e+00 0.0000000000e+00 0.0000000000e+00 0.0000000000e+00 0.0000000000e+00 0.0000000000e+00 0.0000000000e+00 2.0619333250e-07 2.3800974695e-07 2.7381066079e-07 3.1422132246e-07 3.5899939860e-07 4.0824854836e-07 4.6014796983e-07 5.1848280818e-07 5.7941386079e-07 6.4672912922e-07 7.1770391439e-07 7.9258846567e-07 8.7105272379e-07 9.5673804030e-07 1.0457538299e-06 1.1338935374e-06 1.2276600840e-06 1.3252257414e-06 1.4229815943e-06 1.5213193474e-06 1.6252029240e-06 1.7236723214e-06 1.8188002636e-06 1.9271796624e-06 2.0225717273e-06 2.1185589106e-06 2.2098818034e-06 2.3019399479e-06 2.3919210561e-06 2.4761139890e-06 2.5545987259e-06 2.6283901458e-06 2.7039877846e-06 2.7718141073e-06 2.8352443260e-06 2.8974103382e-06 2.9458781428e-06 2.9893325016e-06 3.0359226138e-06 3.0746127834e-06 3.1136700116e-06 3.1523262700e-06 3.1741009175e-06 3.1992996500e-06 3.2281352170e-06 3.2577722931e-06 3.2661139302e-06 3.2872260758e-06 3.2982894025e-06 3.3097914198e-06 3.3141486425e-06 3.3179764803e-06 3.3226480135e-06 3.3196201149e-06 3.3273603005e-06 3.3251207917e-06 3.3246459526e-06 3.3161178507e-06 3.3141829119e-06 3.3115146432e-06 3.2957652194e-06 3.2800512790e-06 3.2672446855e-06 3.2549868478e-06 3.2221442960e-06 3.2028127513e-06 3.1811559659e-06 3.1483943256e-06 3.1208071829e-06 3.0785336980e-06 3.0414256947e-06 2.9950606908e-06 2.9437672251e-06 2.8950687837e-06 2.8303277052e-06 2.7691500526e-06 2.6980748764e-06 2.6291673399e-06 2.5598120778e-06 2.4804690660e-06 2.3930448329e-06 2.3017762848e-06 2.2093757583e-06 2.1143734430e-06 2.0214119695e-06 1.9181507850e-06 1.8200912276e-06 1.7206678159e-06 1.6202295506e-06 1.5185394387e-06 1.4222296988e-06 1.3246578167e-06 1.2276192095e-06 1.1343715073e-06 1.0423560656e-06 9.5771082886e-07 8.7169493633e-07 7.9186707812e-07 7.1771438004e-07 6.4472526440e-07 5.7848977504e-07 5.1718451590e-07 4.5910425452e-07 4.0724477058e-07 3.5783789119e-07 3.1362351781e-07 2.7333280766e-07 2.3720211137e-07 2.0551597912e-07 0.0000000000e+00 0.0000000000e+00 0.0000000000e+00 0.0000000000e+00 0.0000000000e+00 0.0000000000e+00 0.0000000000e+00 0.0000000000e+00 0.0000000000e+00 0.0000000000e+00 0.0000000000e+00 0.0000000000e+00 0.0000000000e+00 0.0000000000e+00 0.0000000000e+00 0.0000000000e+00 0.0000000000e+00 0.0000000000e+00 0.0000000000e+00 0.0000000000e+00 0.0000000000e+00 0.0000000000e+00 0.0000000000e+00 0.0000000000e+00 0.0000000000e+00 0.0000000000e+00 0.0000000000e+00 0.0000000000e+00 0.0000000000e+00 0.0000000000e+00 0.0000000000e+00 0.0000000000e+00 0.0000000000e+00 0.0000000000e+00 0.0000000000e+00 0.0000000000e+00 0.0000000000e+00 0.0000000000e+00 0.0000000000e+00 0.0000000000e+00 0.0000000000e+00 0.0000000000e+00 0.0000000000e+00 0.0000000000e+00 0.0000000000e+00 0.0000000000e+00
0.0000000000e+00 0.0000000000e+00 0.0000000000e+00 0.0000000000e+00 0.0000000000e+00 0.0000000000e+00 0.0000000000e+00 0.0000000000e+00 0.0000000000e+00 0.0000000000e+00 0.0000000000e+00 0.0000000000e+00 0.0000000000e+00 0.0000000000e+00 0.0000000000e+00 0.0000000000e+00 0.0000000000e+00 0.0000000000e+00 0.0000000000e+00 0.0000000000e+00 0.0000000000e+00 0.0000000000e+00 0.0000000000e+00 0.0000000000e+00 0.0000000000e+00 0.0000000000e+00 0.0000000000e+00 0.0000000000e+00 0.0000000000e+00 0.0000000000e+00 0.0000000000e+00 0.0000000000e+00 0.0000000000e+00 0.0000000000e+00 0.0000000000e+00 0.0000000000e+00 0.0000000000e+00 0.0000000000e+00 0.0000000000e+00 0.0000000000e+00 0.0000000000e+00 0.0000000000e+00 0.0000000000e+00 0.0000000000e+00 0.0000000000e+00 0.0000000000e+00 0.0000000000e+00 0.0000000000e+00 9.6720437369e-08 1.1091678234e-07 1.2685594074e-07 1.4401433617e-07 1.6309872658e-07 1.8299221732e-07 2.0505477448e-07 2.2807225934e-07 2.5416107519e-07 2.8058290885e-07 3.0774638910e-07 3.3852280366e-07 3.6926700764e-07 3.9827561187e-07 4.3356160777e-07 4.6759804400e-07 5.0198184345e-07 5.3724984517e-07 5.7403618393e-07 6.1109387106e-07 6.4422321654e-07 6.8393790899e-07 7.1731659193e-07 7.4653530689e-07 7.7939176028e-07 8.1263276388e-07 8.4895865960e-07 8.7397495618e-07 9.0248614852e-07 9.3074291277e-07 9.5530386337e-07 9.7956992166e-07 9.9951491830e-07 1.0260142391e-06 1.0423502491e-06 1.0602911240e-06 1.0717694916e-06 1.0896380153e-06 1.0999385333e-06 1.1161440086e-06 1.1155940409e-06 1.1333517726e-06 1.1410162055e-06 1.1454641301e-06 1.1499321005e-06 1.1641484462e-06 1.1653759346e-06 1.1686555048e-06 1.1685786237e-06 1.1623100548e-06 1.1729356357e-06 1.1694237928e-06 1.1688893676e-06 1.1737358534e-06 1.1702986089e-06 1.1643003330e-06 1.1696491171e-06 1.1638587542e-06 1.1599573253e-06 1.1563459039e-06 1.1527884926e-06 1.1473834388e-06 1.1388960164e-06 1.1345293665e-06 1.1234556659e-06 1.1128935878e-06 1.1081101520e-06 1.0894036077e-06 1.0772737391e-06 1.0597691481e-06 1.0438542949e-06 1.0231572094e-06 9.9899658968e-07 9.7773678761e-07 9.5889343502e-07 9.3122202507e-07 8.9880375461e-07 8.7293196294e-07 8.5184914333e-07 8.1290126730e-07 7.8296043696e-07 7.4653878807e-07 7.1774060955e-07 6.7653894521e-07 6.4473751601e-07 6.1209764163e-07 5.7721883329e-07 5.3717068213e-07 5.0090911542e-07 4.6813815601e-07 4.3456415685e-07 3.9796313407e-07 3.6645974618e-07 3.3791453221e-07 3.0895042562e-07 2.7969271811e-07 2.5352572812e-07 2.2809006004e-07 2.0477130908e-07 1.8298982396e-07 1.6259843547e-07 1.4416423398e-07 1.2653344700e-07 1.1038339687e-07 9.6251783357e-08 0.0000000000e+00 0.0000000000e+00 0.0000000000e+00 0.0000000000e+00 0.0000000000e+00 0.0000000000e+00 0.0000000000e+00 0.0000000000e+00 0.0000000000e+00 0.0000000000e+00 0.0000000000e+00 0.0000000000e+00 0.0000000000e+00 0.0000000000e+00 0.0000000000e+00 0.0000000000e+00 0.0000000000e+00 0.0000000000e+00 0.0000000000e+00 0.0000000000e+00 0.0000000000e+00 0.0000000000e+00 0.0000000000e+00 0.0000000000e+00 0.0000000000e+00 0.0000000000e+00 0.0000000000e+00 0.0000000000e+00 0.0000000000e+00 0.0000000000e+00 0.0000000000e+00 0.0000000000e+00 0.0000000000e+00 0.0000000000e+00 0.0000000000e+00 0.0000000000e+00 0.0000000000e+00 0.0000000000e+00 0.0000000000e+00 0.0000000000e+00 0.0000000000e+00 0.0000000000e+00 0.0000000000e+00 0.0000000000e+00 0.0000000000e+00 0.0000000000e+00 0.0000000000e+00 0.0000000000e+00
0.0000000000e+00 0.0000000000e+00 0.0000000000e+00 0.0000000000e+00 0.0000000000e+00 0.0000000000e+00 0.0000000000e+00 0.0000000000e+00 0.0000000000e+00 0.0000000000e+00 0.0000000000e+00 0.0000000000e+00 0.0000000000e+00 0.0000000000e+00 0.0000000000e+00 0.0000000000e+00 0.0000000000e+00 0.0000000000e+00 0.0000000000e+00 0.0000000000e+00 0.0000000000e+00 0.0000000000e+00 0.0000000000e+00 0.0000000000e+00 0.0000000000e+00 0.0000000000e+00 0.0000000000e+00 0.0000000000e+00 0.0000000000e+00 0.0000000000e+00 0.0000000000e+00 0.0000000000e+00 0.0000000000e+00 0.0000000000e+00 0.0000000000e+00 0.0000000000e+00 0.0000000000e+00 0.0000000000e+00 0.0000000000e+00 0.0000000000e+00 0.0000000000e+00 0.0000000000e+00 0.0000000000e+00 0.0000000000e+00 0.0000000000e+00 0.0000000000e+00 0.0000000000e+00 0.0000000000e+00 0.0000000000e+00 8.2942094467e-08 1.4614465439e-07 1.6574511081e-07 1.8725281291e-07 2.1101431935e-07 2.3450398146e-07 2.6208273286e-07 2.9131456077e-07 3.2373206533e-07 3.5369441364e-07 3.8968832170e-07 4.2533015340e-07 4.6104614811e-07 4.9943262321e-07 5.3866876281e-07 5.7817123095e-07 6.1824061991e-07 6.6033895984e-07 7.0202089394e-07 7.4006372062e-07 7.8147317432e-07 8.2001693637e-07 8.6146459881e-07 9.0379996704e-07 9.2872571653e-07 9.6756494883e-07 1.0040716950e-06 1.0358558834e-06 1.0663426371e-06 1.1013920963e-06 1.1342102222e-06 1.1495630937e-06 1.1784959371e-06 1.2021065213e-06 1.2161221417e-06 1.2391604785e-06 1.2508097606e-06 1.2784325783e-06 1.2840832703e-06 1.2909782638e-06 1.2985146040e-06 1.3176560140e-06 1.3143587341e-06 1.3146068945e-06 1.3347372793e-06 1.3364749886e-06 1.3481576665e-06 1.3433186270e-06 1.3441436069e-06 1.3516768502e-06 1.3454532554e-06 1.3552941456e-06 1.3421081042e-06 1.3464845124e-06 1.3460907984e-06 1.3444881230e-06 1.3449503897e-06 1.3367013394e-06 1.3291272042e-06 1.3210431771e-06 1.3148093333e-06 1.3096675028e-06 1.3050333540e-06 1.2960108003e-06 1.2868112410e-06 1.2749030462e-06 1.2509743716e-06 1.2387147570e-06 1.2212628806e-06 1.1988421865e-06 1.1788298873e-06 1.1467662841e-06 1.1294327635e-06 1.1010694371e-06 1.0746893893e-06 1.0351427305e-06 1.0084686772e-06 9.7097397814e-07 9.3375512947e-07 8.9787534030e-07 8.6600779622e-07 8.2555328445e-07 7.7948594046e-07 7.4502431079e-07 7.0234097140e-07 6.5961215110e-07 6.1901153128e-07 5.7792745996e-07 5.4049021840e-07 4.9981612715e-07 4.6359385129e-07 4.2604318634e-07 3.8955339704e-07 3.5571224807e-07 3.2238642205e-07 2.9138294859e-07 2.6367172710e-07 2.3471647689e-07 2.1161846773e-07 1.8778506500e-07 1.6518708716e-07 1.4481291415e-07 8.2720396980e-08 0.0000000000e+00 0.0000000000e+00 0.0000000000e+00 0.0000000000e+00 0.0000000000e+00 0.0000000000e+00 0.0000000000e+00 0.0000000000e+00 0.0000000000e+00 0.0000000000e+00 0.0000000000e+00 0.0000000000e+00 0.0000000000e+00 0.0000000000e+00 0.0000000000e+00 0.0000000000e+00 0.0000000000e+00 0.0000000000e+00 0.0000000000e+00 0.0000000000e+00 0.0000000000e+00 0.0000000000e+00 0.0000000000e+00 0.0000000000e+00 0.0000000000e+00 0.0000000000e+00 0.0000000000e+00 0.0000000000e+00 0.0000000000e+00 0.0000000000e+00 0.0000000000e+00 0.0000000000e+00 0.0000000000e+00 0.0000000000e+00 0.0000000000e+00 0.0000000000e+00 0.0000000000e+00 0.0000000000e+00 0.0000000000e+00 0.0000000000e+00 0.0000000000e+00 0.0000000000e+00 0.0000000000e+00 0.0000000000e+00 0.0000000000e+00 0.0000000000e+00 0.0000000000e+00 0.0000000000e+00 0.0000000000e+00
0.0000000000e+00 0.0000000000e+00 0.0000000000e+00 0.0000000000e+00 0.0000000000e+00 0.0000000000e+00 0.0000000000e+00 0.0000000000e+00 0.0000000000e+00 0.0000000000e+00 0.0000000000e+00 0.0000000000e+00 0.0000000000e+00 0.0000000000e+00 0.0000000000e+00 0.0000000000e+00 0.0000000000e+00 0.0000000000e+00 0.0000000000e+00 0.0000000000e+00 0.0000000000e+00 0.0000000000e+00 0.0000000000e+00 0.0000000000e+00 0.0000000000e+00 0.0000000000e+00 0.0000000000e+00 0.0000000000e+00 0.0000000000e+00 0.0000000000e+00 0.0000000000e+00 0.0000000000e+00 0.0000000000e+00 0.0000000000e+00 0.0000000000e+00 0.0000000000e+00 0.0000000000e+00 0.0000000000e+00 0.0000000000e+00 0.0000000000e+00 0.0000000000e+00 0.0000000000e+00 0.0000000000e+00 0.0000000000e+00 0.0000000000e+00 0.0000000000e+00 0.0000000000e+00 0.0000000000e+00 0.0000000000e+00 0.0000000000e+00 0.0000000000e+00 1.1566517088e-07 1.2993020125e-07 1.4538226305e-07 1.6342252827e-07 1.8330878822e-07 2.0232192002e-07 2.2387449601e-07 2.4603465946e-07 2.7179657992e-07 2.9525861244e-07 3.2064381982e-07 3.4721999644e-07 3.7364257796e-07 4.0224125107e-07 4.3169174820e-07 4.5928471602e-07 4.9014716736e-07 5.1626757856e-07 5.5060141835e-07 5.7321359701e-07 5.9613618856e-07 6.2575320360e-07 6.4828003098e-07 6.7426433939e-07 7.0293045739e-07 7.2715196718e-07 7.4195233257e-07 7.6495454326e-07 7.8756430344e-07 8.0621079316e-07 8.1799149889e-07 8.3793765220e-07 8.4924546625e-07 8.5855058434e-07 8.7085487245e-07 8.8154142270e-07 8.9046010670e-07 8.9310805845e-07 9.0225146184e-07 9.1064739719e-07 9.1819178835e-07 9.2060952763e-07 9.3165898929e-07 9.3706382220e-07 9.4106628345e-07 9.3891780697e-07 9.3425154076e-07 9.4033675556e-07 9.3912754706e-07 9.4493146315e-07 9.4782113243e-07 9.4554888722e-07 9.3652186284e-07 9.4463641133e-07 9.4556331711e-07 9.3922518363e-07 9.2918646764e-07 9.3119494643e-07 9.2444991101e-07 9.0844099770e-07 9.0712672199e-07 9.0038755546e-07 8.8939243583e-07 8.8273782015e-07 8.6976870120e-07 8.5990503688e-07 8.5073354755e-07 8.3799002292e-07 8.1724259098e-07 8.0121534556e-07 7.8204505496e-07 7.6279361682e-07 7.5243284344e-07 7.2338357428e-07 7.0081449392e-07 6.8139098160e-07 6.5104109015e-07 6.3113614312e-07 5.9508010939e-07 5.7261039926e-07 5.4471165095e-07 5.1780425837e-07 4.8867087440e-07 4.6099911526e-07 4.3090297238e-07 4.0287140515e-07 3.7390254316e-07 3.4852263364e-07 3.2162710770e-07 2.9435328703e-07 2.7327145309e-07 2.4688124505e-07 2.2342601201e-07 2.0265831438e-07 1.8364292926e-07 1.6389961128e-07 1.4690077238e-07 1.3067734916e-07 1.1590907890e-07 0.0000000000e+00 0.0000000000e+00 0.0000000000e+00 0.0000000000e+00 0.0000000000e+00 0.0000000000e+00 0.0000000000e+00 0.0000000000e+00 0.0000000000e+00 0.0000000000e+00 0.0000000000e+00 0.0000000000e+00 0.0000000000e+00 0.0000000000e+00 0.0000000000e+00 0.0000000000e+00 0.0000000000e+00 0.0000000000e+00 0.0000000000e+00 0.0000000000e+00 0.0000000000e+00 0.0000000000e+00 0.0000000000e+00 0.0000000000e+00 0.0000000000e+00 0.0000000000e+00 0.0000000000e+00 0.0000000000e+00 0.0000000000e+00 0.0000000000e+00 0.0000000000e+00 0.0000000000e+00 0.0000000000e+00 0.0000000000e+00 0.0000000000e+00 0.0000000000e+00 0.0000000000e+00 0.0000000000e+00 0.0000000000e+00 0.0000000000e+00 0.0000000000e+00 0.0000000000e+00 0.0000000000e+00 0.0000000000e+00 0.0000000000e+00 0.0000000000e+00 0.0000000000e+00 0.0000000000e+00 0.0000000000e+00 0.0000000000e+00 0.0000000000e+00
0.0000000000e+00 0.0000000000e+00 0.0000000000e+00 0.0000000000e+00 0.0000000000e+00 0.0000000000e+00 0.0000000000e+00 0.0000000000e+00 0.0000000000e+00 0.0000000000e+00 0.0000000000e+00 0.0000000000e+00 0.0000000000e+00 0.0000000000e+00 0.0000000000e+00 0.0000000000e+00 0.0000000000e+00 0.0000000000e+00 0.0000000000e+00 0.0000000000e+00 0.0000000000e+00 0.0000000000e+00 0.0000000000e+00 0.0000000000e+00 0.0000000000e+00 0.0000000000e+00 0.0000000000e+00 0.0000000000e+00 0.0000000000e+00 0.0000000000e+00 0.0000000000e+00 0.0000000000e+00 0.0000000000e+00 0.0000000000e+00 0.0000000000e+00 0.0000000000e+00 0.0000000000e+00 0.0000000000e+00 0.0000000000e+00 0.0000000000e+00 0.0000000000e+00 0.0000000000e+00 0.0000000000e+00 0.0000000000e+00 0.0000000000e+00 0.0000000000e+00 0.0000000000e+00 0.0000000000e+00 0.0000000000e+00 0.0000000000e+00 0.0000000000e+00 0.0000000000e+00 0.0000000000e+00 1.0641919921e-08 9.9436389623e-09 1.0500421521e-08 1.2444873205e-08 1.3876357743e-08 1.4246923488e-08 1.6765201348e-08 1.9092893201e-08 1.9737717614e-08 2.0504483194e-08 2.2484274776e-08 2.2407944788e-08 2.5834673957e-08 2.8595825343e-08 3.4102034591e-08 3.0997246220e-08 3.9932336094e-08 3.4509633369e-08 3.9672280173e-08 3.8655869270e-08 4.0983053893e-08 3.6269130458e-08 4.0007299949e-08 4.3203252457e-08 4.4014805111e-08 4.7039057806e-08 4.4276599527e-08 4.4945956105e-08 5.5124668646e-08 4.8388837151e-08 5.4363931618e-08 4.9840636318e-08 4.7654223747e-08 5.2394439168e-08 5.6756398766e-08 4.8580337709e-08 4.9537409666e-08 5.6523885656e-08 6.1532063979e-08 6.0021346414e-08 6.2048828216e-08 5.8735119969e-08 5.8394148314e-08 5.9340044933e-08 6.0251599747e-08 5.6911841057e-08 5.7031608021e-08 6.8190002384e-08 6.1324391255e-08 5.8232991867e-08 5.8128447121e-08 6.2998733159e-08 5.9478954108e-08 6.3558467433e-08 5.9121808578e-08 5.9333480631e-08 5.8054472621e-08 5.4102975909e-08 5.7486703343e-08 5.9942330184e-08 5.7299806512e-08 5.9325931747e-08 4.8725486854e-08 5.5397438018e-08 5.7133094751e-08 4.7133114516e-08 5.0164745820e-08 4.5426187475e-08 4.2204550476e-08 4.5668838430e-08 4.8832501869e-08 4.1277612230e-08 4.0787850991e-08 4.2665770367e-08 3.9637271858e-08 3.9498994101e-08 4.1769231173e-08 3.9728232630e-08 2.8884773752e-08 3.1285469385e-08 3.3565969600e-08 2.9426691537e-08 2.5707882731e-08 2.3061292284e-08 2.2507212886e-08 2.1696709532e-08 1.9451879375e-08 2.0492763786e-08 1.7571742671e-08 1.2777773582e-08 1.2663427803e-08 1.1813821779e-08 1.1249604464e-08 1.0169292207e-08 1.1589508280e-08 0.0000000000e+00 0.0000000000e+00 0.0000000000e+00 0.0000000000e+00 0.0000000000e+00 0.0000000000e+00 0.0000000000e+00 0.0000000000e+00 0.0000000000e+00 0.0000000000e+00 0.0000000000e+00 0.0000000000e+00 0.0000000000e+00 0.0000000000e+00 0.0000000000e+00 0.0000000000e+00 0.0000000000e+00 0.0000000000e+00 0.0000000000e+00 0.0000000000e+00 0.0000000000e+00 0.0000000000e+00 0.0000000000e+00 0.0000000000e+00 0.0000000000e+00 0.0000000000e+00 0.0000000000e+00 0.0000000000e+00 0.0000000000e+00 0.0000000000e+00 0.0000000000e+00 0.0000000000e+00 0.0000000000e+00 0.0000000000e+00 0.0000000000e+00 0.0000000000e+00 0.0000000000e+00 0.0000000000e+00 0.0000000000e+00 0.0000000000e+00 0.0000000000e+00 0.0000000000e+00 0.0000000000e+00 0.0000000000e+00 0.0000000000e+00 0.0000000000e+00 0.0000000000e+00 0.0000000000e+00 0.0000000000e+00 0.0000000000e+00 0.0000000000e+00 0.0000000000e+00 0.0000000000e+00
0.0000000000e+00 0.0000000000e+00 0.0000000000e+00 0.0000000000e+00 0.0000000000e+00 0.0000000000e+00 0.0000000000e+00 0.0000000000e+00 0.0000000000e+00 0.0000000000e+00 0.0000000000e+00 0.0000000000e+00 0.0000000000e+00 0.0000000000e+00 0.0000000000e+00 0.0000000000e+00 0.0000000000e+00 0.0000000000e+00 0.0000000000e+00 0.0000000000e+00 0.0000000000e+00 0.0000000000e+00 0.0000000000e+00 0.0000000000e+00 0.0000000000e+00 0.0000000000e+00 0.0000000000e+00 0.0000000000e+00 0.0000000000e+00 0.0000000000e+00 0.0000000000e+00 0.0000000000e+00 0.0000000000e+00 0.0000000000e+00 0.0000000000e+00 0.0000000000e+00 0.0000000000e+00 0.0000000000e+00 0.0000000000e+00 0.0000000000e+00 0.0000000000e+00 0.0000000000e+00 0.0000000000e+00 0.0000000000e+00 0.0000000000e+00 0.0000000000e+00 0.0000000000e+00 0.0000000000e+00 0.0000000000e+00 0.0000000000e+00 0.0000000000e+00 0.0000000000e+00 0.0000000000e+00 0.0000000000e+00 0.0000000000e+00 -9.9823937663e-10 -7.1389366560e-10 -1.8272314265e-09 -2.1286587509e-09 -1.4747211374e-09 -1.0045625428e-09 -2.1446852001e-09 -1.3467079492e-09 -3.2350443651e-09 -3.1628526432e-09 -4.7818492541e-09 -2.1419080504e-09 5.6086017563e-10 -7.5218424876e-09 4.3571381171e-10 -2.4643823848e-09 -4.9575922361e-09 -4.8128852332e-09 -2.8657031682e-09 -8.0878954748e-09 -5.1322665815e-09 -4.5293103770e-09 -8.1567377951e-09 -2.4328310207e-09 -7.5362021949e-09 -7.3914005357e-09 -2.6446781724e-09 -4.5522841229e-10 -1.1554258107e-08 -1.1072818303e-08 -1.3431667856e-08 -1.2865362453e-08 -7.5911497919e-09 -1.1581189179e-08 -1.3622892002e-08 -6.0306502180e-09 -4.0568388193e-09 -9.7813966916e-09 3.7651824046e-09 1.3319855949e-11 3.4456374403e-09 -5.6796376264e-09 -1.1830635111e-09 -4.1772228423e-09 -2.1595629401e-09 -4.5841309489e-09 2.1611269012e-09 -2.6287651106e-09 -2.4184209521e-09 3.4872076475e-09 2.3288433007e-09 -3.4506907817e-09 -4.3685957236e-09 -4.6249093320e-09 -7.3122147238e-10 -1.0030131055e-08 -1.0671270023e-08 -1.9733459521e-09 -5.2186771131e-09 -2.0004986531e-09 -1.1666787250e-08 -3.1552787611e-09 -6.4401588732e-09 -2.0994992695e-09 8.2434667900e-10 -7.6763956626e-09 -2.0997015696e-10 -6.3932461048e-09 -8.9460576455e-10 -1.9084662634e-09 -1.0727931920e-09 -1.5364336041e-09 -4.7501251396e-09 -6.6285524564e-09 -6.0428516463e-09 2.5745756270e-09 -5.0036815268e-09 -4.5766774597e-09 -1.2250987989e-09 -2.7814151793e-09 -2.6637850895e-09 -1.4126565116e-09 -1.6986225596e-09 -1.2669328746e-09 1.8636291505e-09 -2.2582729207e-09 -1.1285555637e-09 -4.5845219155e-10 -2.6172039755e-09 -5.3899898151e-10 -7.6273089051e-10 0.0000000000e+00 0.0000000000e+00 0.0000000000e+00 0.0000000000e+00 0.0000000000e+00 0.0000000000e+00 0.0000000000e+00 0.0000000000e+00 0.0000000000e+00 0.0000000000e+00 0.0000000000e+00 0.0000000000e+00 0.0000000000e+00 0.0000000000e+00 0.0000000000e+00 0.0000000000e+00 0.0000000000e+00 0.0000000000e+00 0.0000000000e+00 0.0000000000e+00 0.0000000000e+00 0.0000000000e+00 0.0000000000e+00 0.0000000000e+00 0.0000000000e+00 0.0000000000e+00 0.0000000000e+00 0.0000000000e+00 0.0000000000e+00 0.0000000000e+00 0.0000000000e+00 0.0000000000e+00 0.0000000000e+00 0.0000000000e+00 0.0000000000e+00 0.0000000000e+00 0.0000000000e+00 0.0000000000e+00 0.0000000000e+00 0.0000000000e+00 0.0000000000e+00 0.0000000000e+00 0.0000000000e+00 0.0000000000e+00 0.0000000000e+00 0.0000000000e+00 0.0000000000e+00 0.0000000000e+00 0.0000000000e+00 0.0000000000e+00 0.0000000000e+00 0.0000000000e+00 0.0000000000e+00 0.0000000000e+00 0.0000000000e+00
0.0000000000e+00 0.0000000000e+00 0.0000000000e+00 0.0000000000e+00 0.0000000000e+00 0.0000000000e+00 0.0000000000e+00 0.0000000000e+00 0.0000000000e+00 0.0000000000e+00 0.0000000000e+00 0.0000000000e+00 0.0000000000e+00 0.0000000000e+00 0.0000000000e+00 0.0000000000e+00 0.0000000000e+00 0.0000000000e+00 0.0000000000e+00 0.0000000000e+00 0.0000000000e+00 0.0000000000e+00 0.0000000000e+00 0.0000000000e+00 0.0000000000e+00 0.0000000000e+00 0.0000000000e+00 0.0000000000e+00 0.0000000000e+00 0.0000000000e+00 0.0000000000e+00 0.0000000000e+00 0.0000000000e+00 0.0000000000e+00 0.0000000000e+00 0.0000000000e+00 0.0000000000e+00 0.0000000000e+00 0.0000000000e+00 0.0000000000e+00 0.0000000000e+00 0.0000000000e+00 0.0000000000e+00 0.0000000000e+00 0.0000000000e+00 0.0000000000e+00 0.0000000000e+00 0.0000000000e+00 0.0000000000e+00 0.0000000000e+00 0.0000000000e+00 0.0000000000e+00 0.0000000000e+00 0.0000000000e+00 0.0000000000e+00 0.0000000000e+00 0.0000000000e+00 2.9957936326e-10 4.4622712832e-10 1.8381909810e-10 -4.7994282575e-10 -1.3714561270e-09 7.1725030017e-10 -9.7600526479e-10 -2.1019808735e-09 -8.5472700237e-11 2.6295896869e-10 4.0255553098e-09 3.5811418659e-10 6.1826535651e-09 2.3464400903e-09 -1.7797065767e-09 -3.0239611885e-09 -7.5740917186e-10 2.1289743776e-09 -3.3639925493e-09 -2.5009115074e-09 -4.6215404483e-10 -1.7780826870e-09 -2.6375757769e-09 -3.8332843481e-09 5.1672929187e-09 2.6411395887e-09 -4.5756650618e-09 -1.2442111355e-09 -4.4111600862e-09 -1.5289143138e-09 6.3373019997e-09 -5.8131937196e-09 -4.2425818286e-09 5.3751584587e-09 -2.3486521230e-09 -8.2063149564e-09 2.2515608250e-09 1.4492223915e-09 5.3007692588e-09 -7.0214352172e-09 -5.5545438644e-09 1.5861247779e-09 -6.1714598833e-09 -7.3304474536e-09 -8.6557276748e-10 1.9149159080e-09 -2.2325264571e-09 1.7739570520e-09 -4.1149268209e-09 -1.1607686326e-09 -2.9161209417e-09 -5.6608763284e-09 1.4978391137e-09 -6.7728259169e-09 3.6424484122e-09 1.6623466093e-10 2.6466661057e-09 4.5000143095e-09 -1.3591087414e-09 4.6075506619e-09 -2.8560115175e-09 1.4280915312e-09 1.5106013668e-09 -2.8868952967e-09 -1.0773420226e-09 7.4847694637e-10 3.2066106452e-09 -1.4692491339e-09 -4.4380475896e-09 7.4051768111e-09 1.1896672625e-10 2.5148806464e-09 -1.1275121756e-09 4.9319594821e-09 -3.3042741699e-09 1.8408014254e-09 4.7216190438e-09 1.1112715447e-09 -2.6945297962e-09 6.9378985978e-10 2.6768952030e-10 1.3292267433e-09 1.1418246632e-09 -9.1920630420e-10 8.9715730526e-10 -3.6956785907e-10 -5.1067532126e-10 0.0000000000e+00 0.0000000000e+00 0.0000000000e+00 0.0000000000e+00 0.0000000000e+00 0.0000000000e+00 0.0000000000e+00 0.0000000000e+00 0.0000000000e+00 0.0000000000e+00 0.0000000000e+00 0.0000000000e+00 0.0000000000e+00 0.0000000000e+00 0.0000000000e+00 0.0000000000e+00 0.0000000000e+00 0.0000000000e+00 0.0000000000e+00 0.0000000000e+00 0.0000000000e+00 0.0000000000e+00 0.0000000000e+00 0.0000000000e+00 0.0000000000e+00 0.0000000000e+00 0.0000000000e+00 0.0000000000e+00 0.0000000000e+00 0.0000000000e+00 0.0000000000e+00 0.0000000000e+00 0.0000000000e+00 0.0000000000e+00 0.0000000000e+00 0.0000000000e+00 0.0000000000e+00 0.0000000000e+00 0.0000000000e+00 0.0000000000e+00 0.0000000000e+00 0.0000000000e+00 0.0000000000e+00 0.0000000000e+00 0.0000000000e+00 0.0000000000e+00 0.0000000000e+00 0.0000000000e+00 0.0000000000e+00 0.0000000000e+00 0.0000000000e+00 0.0000000000e+00 0.0000000000e+00 0.0000000000e+00 0.0000000000e+00 0.0000000000e+00 0.0000000000e+00
0.0000000000e+00 0.0000000000e+00 0.0000000000e+00 0.0000000000e+00 0.0000000000e+00 0.0000000000e+00 0.0000000000e+00 0.0000000000e+00 0.0000000000e+00 0.0000000000e+00 0.0000000000e+00 0.0000000000e+00 0.0000000000e+00 0.0000000000e+00 0.0000000000e+00 0.0000000000e+00 0.0000000000e+00 0.0000000000e+00 0.0000000000e+00 0.0000000000e+00 0.0000000000e+00 0.0000000000e+00 0.0000000000e+00 0.0000000000e+00 0.0000000000e+00 0.0000000000e+00 0.0000000000e+00 0.0000000000e+00 0.0000000000e+00 0.0000000000e+00 0.0000000000e+00 0.0000000000e+00 0.0000000000e+00 0.0000000000e+00 0.0000000000e+00 0.0000000000e+00 0.0000000000e+00 0.0000000000e+00 0.0000000000e+00 0.0000000000e+00 0.0000000000e+00 0.0000000000e+00 0.0000000000e+00 0.0000000000e+00 0.0000000000e+00 0.0000000000e+00 0.0000000000e+00 0.0000000000e+00 0.0000000000e+00 0.0000000000e+00 0.0000000000e+00 0.0000000000e+00 0.0000000000e+00 0.0000000000e+00 0.0000000000e+00 0.0000000000e+00 0.0000000000e+00 0.0000000000e+00 0.0000000000e+00 -2.2568516984e-09 -1.7780899806e-09 -2.2876681202e-09 -3.1332653572e-09 -2.2776878507e-09 -2.0085923766e-09 -6.0211921250e-09 -2.1197892173e-09 -2.7872456263e-09 -1.4305429317e-09 -2.5519334021e-09 -5.4371633482e-09 -3.5341283608e-09 -4.6385388770e-09 -1.0322747225e-08 -6.4879585771e-09 -2.2010023817e-09 -1.1653607218e-09 -8.4495120445e-09 4.4093152530e-10 -5.4678456011e-09 -3.9711477493e-09 -2.5257154208e-09 -2.8240880899e-09 -4.8269510720e-09 -9.3093760625e-09 -7.3080621054e-09 5.4806005555e-10 -3.4975048537e-09 -9.6510903587e-09 -7.9699744610e-09 -4.3493941214e-09 -8.5901280765e-09 -1.2892509490e-08 -7.2324473838e-09 -7.3816131664e-09 -7.2273683505e-09 -1.5149137673e-08 -1.4041225897e-08 -1.0477315158e-08 -1.1123873464e-08 4.6442327120e-09 -6.8247659739e-09 -3.6395551146e-09 -2.5800696488e-09 -5.4385793504e-09 -1.5087522422e-09 -4.5762649452e-09 -4.6109701514e-09 -1.4273447290e-08 -8.9922886719e-10 -3.4718961040e-09 -2.2539783647e-09 -4.7224722426e-09 9.7810869200e-10 -6.2640135551e-09 -1.1410688472e-08 -9.2285432443e-10 -1.5178153150e-09 1.0507456067e-09 -3.7236955752e-09 -1.0003611208e-08 -3.2071917380e-09 -2.6483489472e-09 -2.2644476398e-09 -8.4711537543e-09 -9.2337614366e-10 -2.8340344289e-09 -7.1505162122e-09 -2.7252666458e-09 -3.2289766712e-09 1.9375254025e-09 -6.3481316138e-09 -8.7417434149e-10 -1.2433617036e-10 -3.2410891557e-09 -2.8353938985e-09 -2.2964175592e-09 -2.4627720509e-09 -9.1657645261e-10 -4.4516238989e-09 -1.4434041937e-09 -1.0624370690e-09 0.0000000000e+00 0.0000000000e+00 0.0000000000e+00 0.0000000000e+00 0.0000000000e+00 0.0000000000e+00 0.0000000000e+00 0.0000000000e+00 0.0000000000e+00 0.0000000000e+00 0.0000000000e+00 0.0000000000e+00 0.0000000000e+00 0.0000000000e+00 0.0000000000e+00 0.0000000000e+00 0.0000000000e+00 0.0000000000e+00 0.0000000000e+00 0.0000000000e+00 0.0000000000e+00 0.0000000000e+00 0.0000000000e+00 0.0000000000e+00 0.0000000000e+00 0.0000000000e+00 0.0000000000e+00 0.0000000000e+00 0.0000000000e+00 0.0000000000e+00 0.0000000000e+00 0.0000000000e+00 0.0000000000e+00 0.0000000000e+00 0.0000000000e+00 0.0000000000e+00 0.0000000000e+00 0.0000000000e+00 0.0000000000e+00 0.0000000000e+00 0.0000000000e+00 0.0000000000e+00 0.0000000000e+00 0.0000000000e+00 0.0000000000e+00 0.0000000000e+00 0.0000000000e+00 0.0000000000e+00 0.0000000000e+00 0.0000000000e+00 0.0000000000e+00 0.0000000000e+00 0.0000000000e+00 0.0000000000e+00 0.0000000000e+00 0.0000000000e+00 0.0000000000e+00 0.0000000000e+00 0.0000000000e+00
0.0000000000e+00 0.0000000000e+00 0.0000000000e+00 0.0000000000e+00 0.0000000000e+00 0.0000000000e+00 0.0000000000e+00 0.0000000000e+00 0.0000000000e+00 0.0000000000e+00 0.0000000000e+00 0.0000000000e+00 0.0000000000e+00 0.0000000000e+00 0.0000000000e+00 0.0000000000e+00 0.0000000000e+00 0.0000000000e+00 0.0000000000e+00 0.0000000000e+00 0.0000000000e+00 0.0000000000e+00 0.0000000000e+00 0.0000000000e+00 0.0000000000e+00 0.0000000000e+00 0.0000000000e+00 0.0000000000e+00 0.0000000000e+00 0.0000000000e+00 0.0000000000e+00 0.0000000000e+00 0.0000000000e+00 0.0000000000e+00 0.0000000000e+00 0.0000000000e+00 0.0000000000e+00 0.0000000000e+00 0.0000000000e+00 0.0000000000e+00 0.0000000000e+00 0.0000000000e+00 0.0000000000e+00 0.0000000000e+00 0.0000000000e+00 0.0000000000e+00 0.0000000000e+00 0.0000000000e+00 0.0000000000e+00 0.0000000000e+00 0.0000000000e+00 0.0000000000e+00 0.0000000000e+00 0.0000000000e+00 0.0000000000e+00 0.0000000000e+00 0.0000000000e+00 0.0000000000e+00 0.0000000000e+00 0.0000000000e+00 0.0000000000e+00 -1.2232694953e-09 -2.2932732493e-10 -3.4609336637e-09 1.5651729993e-09 -2.4867574042e-09 1.3497822978e-09 -1.4348233642e-09 1.4869706037e-09 2.5996372444e-09 1.4987993434e-09 -4.2988133090e-09 -3.4353090123e-09 -2.7797713457e-09 -3.3824573954e-09 -3.7841795386e-11 3.3932638351e-09 -3.5774066621e-09 -1.2081111745e-09 1.8065633145e-09 -4.8505068828e-09 4.1847022098e-09 2.6502944390e-09 -1.3782318742e-09 -1.4829878080e-09 -4.0521991516e-09 -3.1178881195e-09 -5.6512301178e-09 -9.8612650949e-09 -6.3836578582e-09 2.0233579366e-09 -2.2094591459e-10 -3.7603668154e-09 8.4405029364e-10 3.8637079968e-09 9.5143869098e-09 -6.1148188532e-10 -5.5662364616e-09 -5.4881075548e-09 3.6682807013e-09 7.4687699592e-10 -2.3929243728e-11 4.4721658872e-09 -5.2084173895e-10 -1.0245557464e-10 -4.5121025429e-09 -2.7998781121e-09 -4.9877367774e-09 3.8471208395e-09 5.6133739394e-09 -2.3731941056e-09 2.2885752321e-09 1.8992090322e-09 4.9500119953e-09 4.9832920476e-09 -2.7628114087e-09 -1.0566093074e-09 3.3652346925e-09 -1.9256069012e-09 3.7898822689e-10 -2.4516062510e-09 -1.9512167858e-09 -3.2056682441e-09 6.0513619943e-09 2.9294524185e-09 8.1790417547e-10 9.8709504582e-09 -2.4558996480e-09 1.0357191118e-09 -3.6186187050e-09 6.0711824847e-10 -2.6089103448e-09 3.5589860980e-09 8.8463477988e-10 1.6831262728e-09 -2.4158440768e-10 1.1811706331e-09 6.7114172338e-10 2.3341128527e-09 1.0132839027e-10 0.0000000000e+00 0.0000000000e+00 0.0000000000e+00 0.0000000000e+00 0.0000000000e+00 0.0000000000e+00 0.0000000000e+00 0.0000000000e+00 0.0000000000e+00 0.0000000000e+00 0.0000000000e+00 0.0000000000e+00 0.0000000000e+00 0.0000000000e+00 0.0000000000e+00 0.0000000000e+00 0.0000000000e+00 0.0000000000e+00 0.0000000000e+00 0.0000000000e+00 0.0000000000e+00 0.0000000000e+00 0.0000000000e+00 0.0000000000e+00 0.0000000000e+00 0.0000000000e+00 0.0000000000e+00 0.0000000000e+00 0.0000000000e+00 0.0000000000e+00 0.0000000000e+00 0.0000000000e+00 0.0000000000e+00 0.0000000000e+00 0.0000000000e+00 0.0000000000e+00 0.0000000000e+00 0.0000000000e+00 0.0000000000e+00 0.0000000000e+00 0.0000000000e+00 0.0000000000e+00 0.0000000000e+00 0.0000000000e+00 0.0000000000e+00 0.0000000000e+00 0.0000000000e+00 0.0000000000e+00 0.0000000000e+00 0.0000000000e+00 0.0000000000e+00 0.0000000000e+00 0.0000000000e+00 0.0000000000e+00 0.0000000000e+00 0.0000000000e+00 0.0000000000e+00 0.0000000000e+00 0.0000000000e+00 0.0000000000e+00 0.0000000000e+00
0.0000000000e+00 0.0000000000e+00 0.0000000000e+00 0.0000000000e+00 0.0000000000e+00 0.0000000000e+00 0.0000000000e+00 0.0000000000e+00 0.0000000000e+00 0.0000000000e+00 0.0000000000e+00 0.0000000000e+00 0.0000000000e+00 0.0000000000e+00 0.0000000000e+00 0.0000000000e+00 0.0000000000e+00 0.0000000000e+00 0.0000000000e+00 0.0000000000e+00 0.0000000000e+00 0.0000000000e+00 0.0000000000e+00 0.0000000000e+00 0.0000000000e+00 0.0000000000e+00 0.0000000000e+00 0.0000000000e+00 0.0000000000e+00 0.0000000000e+00 0.0000000000e+00 0.0000000000e+00 0.0000000000e+00 0.0000000000e+00 0.0000000000e+00 0.0000000000e+00 0.0000000000e+00 0.0000000000e+00 0.0000000000e+00 0.0000000000e+00 0.0000000000e+00 0.0000000000e+00 0.0000000000e+00 0.0000000000e+00 0.0000000000e+00 0.0000000000e+00 0.0000000000e+00 0.0000000000e+00 0.0000000000e+00 0.0000000000e+00 0.0000000000e+00 0.0000000000e+00 0.0000000000e+00 0.0000000000e+00 0.0000000000e+00 0.0000000000e+00 0.0000000000e+00 0.0000000000e+00 0.0000000000e+00 0.0000000000e+00 0.0000000000e+00 0.0000000000e+00 0.0000000000e+00 0.0000000000e+00 3.4794944729e-10 1.2892904390e-09 -1.9478980201e-09 2.5718568851e-09 -9.3182133334e-10 5.9536585511e-09 1.7921867116e-09 4.5296931440e-09 -2.6624540805e-10 -1.0003043234e-09 -4.8141909974e-09 -5.7010154242e-09 -3.0659706134e-09 -3.6926224518e-09 1.2024386919e-09 -3.8382850418e-09 -1.3546194342e-09 7.7605076102e-10 -8.6272585515e-10 -3.0458749007e-09 1.2279770435e-09 -5.5198356927e-10 2.3709488015e-09 -6.1023356605e-09 -6.3100370473e-09 -6.1731472460e-09 4.0747858954e-09 2.4859983527e-09 -6.1445411235e-10 4.6260739072e-09 6.9069398816e-09 8.8589926760e-09 -3.4147801519e-09 1.2075083711e-10 4.5612900304e-10 1.2730008609e-09 2.3222620406e-09 5.7639727460e-09 2.7615989032e-10 -4.9849035333e-10 2.5749503996e-09 3.3312884442e-09 2.3021232469e-09 -2.2825168188e-09 -1.4862595520e-09 2.9856433955e-09 1.3830042644e-09 -2.4160424358e-09 3.6111481754e-09 1.6110363860e-09 2.5041532461e-09 1.6155959194e-09 4.9788539457e-09 1.2957807176e-09 3.2742087991e-09 -1.4171874807e-09 2.3149329287e-10 2.3059767647e-09 -7.8166458233e-10 5.1082692281e-10 -4.9663710172e-09 -9.3578549317e-10 -9.8428921089e-10 5.4598587507e-09 3.3664455854e-09 1.8366073087e-09 6.1997582071e-09 -6.1065901804e-10 2.1640891226e-09 4.5816008921e-09 -5.5416800374e-10 -1.4630034238e-11 1.6376838168e-09 0.0000000000e+00 0.0000000000e+00 0.0000000000e+00 0.0000000000e+00 0.0000000000e+00 0.0000000000e+00 0.0000000000e+00 0.0000000000e+00 0.0000000000e+00 0.0000000000e+00 0.0000000000e+00 0.0000000000e+00 0.0000000000e+00 0.0000000000e+00 0.0000000000e+00 0.0000000000e+00 0.0000000000e+00 0.0000000000e+00 0.0000000000e+00 0.0000000000e+00 0.0000000000e+00 0.0000000000e+00 0.0000000000e+00 0.0000000000e+00 0.0000000000e+00 0.0000000000e+00 0.0000000000e+00 0.0000000000e+00 0.0000000000e+00 0.0000000000e+00 0.0000000000e+00 0.0000000000e+00 0.0000000000e+00 0.0000000000e+00 0.0000000000e+00 0.0000000000e+00 0.0000000000e+00 0.0000000000e+00 0.0000000000e+00 0.0000000000e+00 0.0000000000e+00 0.0000000000e+00 0.0000000000e+00 0.0000000000e+00 0.0000000000e+00 0.0000000000e+00 0.0000000000e+00 0.0000000000e+00 0.0000000000e+00 0.0000000000e+00 0.0000000000e+00 0.0000000000e+00 0.0000000000e+00 0.0000000000e+00 0.0000000000e+00 0.0000000000e+00 0.0000000000e+00 0.0000000000e+00 0.0000000000e+00 0.0000000000e+00 0.0000000000e+00 0.0000000000e+00 0.0000000000e+00 0.0000000000e+00
0.0000000000e+00 0.0000000000e+00 0.0000000000e+00 0.0000000000e+00 0.0000000000e+00 0.0000000000e+00 0.0000000000e+00 0.0000000000e+00 0.0000000000e+00 0.0000000000e+00 0.0000000000e+00 0.0000000000e+00 0.0000000000e+00 0.0000000000e+00 0.0000000000e+00 0.0000000000e+00 0.0000000000e+00 0.0000000000e+00 0.0000000000e+00 0.0000000000e+00 0.0000000000e+00 0.0000000000e+00 0.0000000000e+00 0.0000000000e+00 0.0000000000e+00 0.0000000000e+00 0.0000000000e+00 0.0000000000e+00 0.0000000000e+00 0.0000000000e+00 0.0000000000e+00 0.0000000000e+00 0.0000000000e+00 0.0000000000e+00 0.0000000000e+00 0.0000000000e+00 0.0000000000e+00 0.0000000000e+00 0.0000000000e+00 0.0000000000e+00 0.0000000000e+00 0.0000000000e+00 0.0000000000e+00 0.0000000000e+00 0.0000000000e+00 0.0000000000e+00 0.0000000000e+00 0.0000000000e+00 0.0000000000e+00 0.0000000000e+00 0.0000000000e+00 0.0000000000e+00 0.0000000000e+00 0.0000000000e+00 0.0000000000e+00 0.0000000000e+00 0.0000000000e+00 0.0000000000e+00 0.0000000000e+00 0.0000000000e+00 0.0000000000e+00 0.0000000000e+00 0.0000000000e+00 0.0000000000e+00 0.0000000000e+00 0.0000000000e+00 -1.0668170117e-09 -4.0561114776e-10 -3.7309557930e-09 -2.9471706034e-09 -5.0704067603e-09 -7.1810039502e-09 -1.0791635703e-08 -8.8991258339e-09 -6.7953359819e-09 -5.4749151553e-09 -4.8239051707e-09 -1.4303694877e-08 -8.4392681371e-09 -2.2829014320e-09 -6.0112963711e-09 3.9958268072e-10 1.3998907000e-09 -1.4551774878e-08 -1.8156041391e-08 -1.3917416443e-08 -1.2806352058e-08 -1.0716371609e-08 -1.6879513539e-08 -1.1646007482e-08 -8.3547582251e-09 -4.4153167279e-09 -1.2843869210e-08 -6.8126043552e-09 2.5549766360e-11 -1.0687334734e-09 -7.6652173894e-09 -3.7309589275e-09 -9.8085511066e-09 -3.9479249225e-09 -9.0252192424e-09 -4.8307807563e-09 -4.9466157275e-10 -1.0671004876e-08 4.6895034298e-09 -5.4144901879e-09 -2.7799280476e-09 -6.8608477401e-09 -8.4461957902e-09 -1.9983674284e-09 -6.8115105298e-09 -1.5189972919e-08 -9.5936422730e-09 -8.5341106723e-09 -7.3678407258e-09 -1.5753212913e-08 -6.0892546238e-09 -6.5018785422e-09 -5.4532067700e-09 -2.4951032599e-09 -1.0962616231e-08 -7.7915690714e-09 -7.7572811070e-09 -2.6656221982e-09 -1.4859390520e-09 -5.2158206154e-09 -2.9699208701e-10 -4.3498604525e-09 -7.5499946216e-09 -6.7757047010e-09 -3.0500960227e-09 -6.1937741517e-09 -7.5550805563e-09 -3.2687125497e-09 2.7545503197e-10 0.0000000000e+00 0.0000000000e+00 0.0000000000e+00 0.0000000000e+00 0.0000000000e+00 0.0000000000e+00 0.0000000000e+00 0.0000000000e+00 0.0000000000e+00 0.0000000000e+00 0.0000000000e+00 0.0000000000e+00 0.0000000000e+00 0.0000000000e+00 0.0000000000e+00 0.0000000000e+00 0.0000000000e+00 0.0000000000e+00 0.0000000000e+00 0.0000000000e+00 0.0000000000e+00 0.0000000000e+00 0.0000000000e+00 0.0000000000e+00 0.0000000000e+00 0.0000000000e+00 0.0000000000e+00 0.0000000000e+00 0.0000000000e+00 0.0000000000e+00 0.0000000000e+00 0.0000000000e+00 0.0000000000e+00 0.0000000000e+00 0.0000000000e+00 0.0000000000e+00 0.0000000000e+00 0.0000000000e+00 0.0000000000e+00 0.0000000000e+00 0.0000000000e+00 0.0000000000e+00 0.0000000000e+00 0.0000000000e+00 0.0000000000e+00 0.0000000000e+00 0.0000000000e+00 0.0000000000e+00 0.0000000000e+00 0.0000000000e+00 0.0000000000e+00 0.0000000000e+00 0.0000000000e+00 0.0000000000e+00 0.0000000000e+00 0.0000000000e+00 0.0000000000e+00 0.0000000000e+00 0.0000000000e+00 0.0000000000e+00 0.0000000000e+00 0.0000000000e+00 0.0000000000e+00 0.0000000000e+00 0.0000000000e+00 0.0000000000e+00
0.0000000000e+00 0.0000000000e+00 0.0000000000e+00 0.0000000000e+00 0.0000000000e+00 0.0000000000e+00 0.0000000000e+00 0.0000000000e+00 0.0000000000e+00 0.0000000000e+00 0.0000000000e+00 0.0000000000e+00 0.0000000000e+00 0.0000000000e+00 0.0000000000e+00 0.0000000000e+00 0.0000000000e+00 0.0000000000e+00 0.0000000000e+00 0.0000000000e+00 0.0000000000e+00 0.0000000000e+00 0.0000000000e+00 0.0000000000e+00 0.0000000000e+00 0.0000000000e+00 0.0000000000e+00 0.0000000000e+00 0.0000000000e+00 0.0000000000e+00 0.0000000000e+00 0.0000000000e+00 0.0000000000e+00 0.0000000000e+00 0.0000000000e+00 0.0000000000e+00 0.0000000000e+00 0.0000000000e+00 0.0000000000e+00 0.0000000000e+00 0.0000000000e+00 0.0000000000e+00 0.0000000000e+00 0.0000000000e+00 0.0000000000e+00 0.0000000000e+00 0.0000000000e+00 0.0000000000e+00 0.0000000000e+00 0.0000000000e+00 0.0000000000e+00 0.0000000000e+00 0.0000000000e+00 0.0000000000e+00 0.0000000000e+00 0.0000000000e+00 0.0000000000e+00 0.0000000000e+00 0.0000000000e+00 0.0000000000e+00 0.0000000000e+00 0.0000000000e+00 0.0000000000e+00 0.0000000000e+00 0.0000000000e+00 0.0000000000e+00 0.0000000000e+00 0.0000000000e+00 0.0000000000e+00 3.2894848629e-09 4.1335614778e-09 -4.5568674709e-10 -2.3046240002e-09 -2.7744487047e-09 3.8885900187e-09 -4.0127588461e-09 -4.1968910983e-09 -5.5947301491e-09 -2.7811899726e-09 -2.9476151144e-09 -4.6548196639e-09 7.8290343504e-10 4.4989840717e-10 -4.6377662217e-09 8.2206569915e-10 -3.2790563093e-09 -9.7657325650e-10 -3.5242262244e-09 -1.1908424659e-08 -3.2034831807e-09 1.1038866138e-09 -4.7187927757e-09 -3.8323596863e-09 -3.2420572410e-09 -1.4226229939e-09 -2.1401865715e-09 -3.1588365369e-09 -1.0133812006e-08 -8.7962704693e-10 -4.3357211185e-09 -4.7589466428e-09 -1.3165080823e-09 -3.2592577839e-09 -1.8367802767e-09 -2.3054900875e-09 -1.5889659612e-09 -4.5959377496e-09 -2.7961363909e-09 -7.2250690263e-09 -3.5840872818e-10 -2.6667654520e-10 1.9893819986e-09 -2.6755706582e-09 -3.6486304578e-09 4.9748632968e-09 -6.4781183469e-09 -1.6023794435e-09 -3.0491163055e-09 -4.0792963771e-09 -6.2548337398e-09 -5.1743431407e-09 -3.1608121394e-09 -4.2711315701e-09 3.0139392967e-09 -4.9914614384e-09 -4.6792895360e-09 3.7914266633e-09 2.9048524625e-09 8.5818596892e-10 -1.4331621651e-09 3.0818228060e-09 -5.1029827807e-10 0.0000000000e+00 0.0000000000e+00 0.0000000000e+00 0.0000000000e+00 0.0000000000e+00 0.0000000000e+00 0.0000000000e+00 0.0000000000e+00 0.0000000000e+00 0.0000000000e+00 0.0000000000e+00 0.0000000000e+00 0.0000000000e+00 0.0000000000e+00 0.0000000000e+00 0.0000000000e+00 0.0000000000e+00 0.0000000000e+00 0.0000000000e+00 0.0000000000e+00 0.0000000000e+00 0.0000000000e+00 0.0000000000e+00 0.0000000000e+00 0.0000000000e+00 0.0000000000e+00 0.0000000000e+00 0.0000000000e+00 0.0000000000e+00 0.0000000000e+00 0.0000000000e+00 0.0000000000e+00 0.0000000000e+00 0.0000000000e+00 0.0000000000e+00 0.0000000000e+00 0.0000000000e+00 0.0000000000e+00 0.0000000000e+00 0.0000000000e+00 0.0000000000e+00 0.0000000000e+00 0.0000000000e+00 0.0000000000e+00 0.0000000000e+00 0.0000000000e+00 0.0000000000e+00 0.0000000000e+00 0.0000000000e+00 0.0000000000e+00 0.0000000000e+00 0.0000000000e+00 0.0000000000e+00 0.0000000000e+00 0.0000000000e+00 0.0000000000e+00 0.0000000000e+00 0.0000000000e+00 0.0000000000e+00 0.0000000000e+00 0.0000000000e+00 0.0000000000e+00 0.0000000000e+00 0.0000000000e+00 0.0000000000e+00 0.0000000000e+00 0.0000000000e+00 0.0000000000e+00 0.0000000000e+00
0.0000000000e+00 0.0000000000e+00 0.0000000000e+00 0.0000000000e+00 0.0000000000e+00 0.0000000000e+00 0.0000000000e+00 0.0000000000e+00 0.0000000000e+00 0.0000000000e+00 0.0000000000e+00 0.0000000000e+00 0.0000000000e+00 0.0000000000e+00 0.0000000000e+00 0.0000000000e+00 0.0000000000e+00 0.0000000000e+00 0.0000000000e+00 0.0000000000e+00 0.0000000000e+00 0.0000000000e+00 0.0000000000e+00 0.0000000000e+00 0.0000000000e+00 0.0000000000e+00 0.0000000000e+00 0.0000000000e+00 0.0000000000e+00 0.0000000000e+00 0.0000000000e+00 0.0000000000e+00 0.0000000000e+00 0.0000000000e+00 0.0000000000e+00 0.0000000000e+00 0.0000000000e+00 0.0000000000e+00 0.0000000000e+00 0.0000000000e+00 0.0000000000e+00 0.0000000000e+00 0.0000000000e+00 0.0000000000e+00 0.0000000000e+00 0.0000000000e+00 0.0000000000e+00 0.0000000000e+00 0.0000000000e+00 0.0000000000e+00 0.0000000000e+00 0.0000000000e+00 0.0000000000e+00 0.0000000000e+00 0.0000000000e+00 0.0000000000e+00 0.0000000000e+00 0.0000000000e+00 0.0000000000e+00 0.0000000000e+00 0.0000000000e+00 0.0000000000e+00 0.0000000000e+00 0.0000000000e+00 0.0000000000e+00 0.0000000000e+00 0.0000000000e+00 0.0000000000e+00 0.0000000000e+00 0.0000000000e+00 0.0000000000e+00 0.0000000000e+00 -3.0883619955e-10 -4.8970388273e-09 -2.2015367763e-09 -1.4879309059e-09 -1.6440383228e-09 -9.3567446544e-09 -1.6541966000e-09 -6.5441339914e-09 -2.7432508433e-09 -4.4859453166e-09 4.1901475310e-09 -1.3670417463e-09 -3.4863865040e-09 -1.0408979327e-08 2.0430854616e-10 -1.6018561878e-09 -8.1736504072e-09 5.3168910480e-11 -3.3070452421e-09 -7.9521135542e-09 -1.2475830038e-08 1.5455543078e-10 -2.8319000033e-09 2.4632868646e-09 -4.2000735610e-09 -1.1358162480e-08 -6.4304386164e-09 -6.9972722218e-09 2.6857325387e-09 -2.7278932862e-09 -3.8055183465e-09 1.0516362270e-09 -8.3378311118e-09 -7.9474836961e-09 -1.2085752039e-09 -7.8293720119e-09 -8.8914198804e-09 -2.8605531170e-09 -3.1974901738e-09 2.0254964185e-09 8.5978938752e-11 -7.2734433141e-09 2.2692588759e-09 -7.1382670403e-09 -8.6811389665e-10 -1.1459279885e-09 -2.0965823644e-11 -3.3719268530e-09 -3.8292427009e-09 -8.9435842235e-09 -2.3770637918e-09 2.1532630859e-09 -2.9799006960e-09 -4.9406929766e-10 -1.4958207540e-09 -5.4876620419e-09 -4.1510412043e-09 0.0000000000e+00 0.0000000000e+00 0.0000000000e+00 0.0000000000e+00 0.0000000000e+00 0.0000000000e+00 0.0000000000e+00 0.0000000000e+00 0.0000000000e+00 0.0000000000e+00 0.0000000000e+00 0.0000000000e+00 0.0000000000e+00 0.0000000000e+00 0.0000000000e+00 0.0000000000e+00 0.0000000000e+00 0.0000000000e+00 0.0000000000e+00 0.0000000000e+00 0.0000000000e+00 0.0000000000e+00 0.0000000000e+00 0.0000000000e+00 0.0000000000e+00 0.0000000000e+00 0.0000000000e+00 0.0000000000e+00 0.0000000000e+00 0.0000000000e+00 0.0000000000e+00 0.0000000000e+00 0.0000000000e+00 0.0000000000e+00 0.0000000000e+00 0.0000000000e+00 0.0000000000e+00 0.0000000000e+00 0.0000000000e+00 0.0000000000e+00 0.0000000000e+00 0.0000000000e+00 0.0000000000e+00 0.0000000000e+00 0.0000000000e+00 0.0000000000e+00 0.0000000000e+00 0.0000000000e+00 0.0000000000e+00 0.0000000000e+00 0.0000000000e+00 0.0000000000e+00 0.0000000000e+00 0.0000000000e+00 0.0000000000e+00 0.0000000000e+00 0.0000000000e+00 0.0000000000e+00 0.0000000000e+00 0.0000000000e+00 0.0000000000e+00 0.0000000000e+00 0.0000000000e+00 0.0000000000e+00 0.0000000000e+00 0.0000000000e+00 0.0000000000e+00 0.0000000000e+00 0.0000000000e+00 0.0000000000e+00 0.0000000000e+00 0.0000000000e+00
0.0000000000e+00 0.0000000000e+00 0.0000000000e+00 0.0000000000e+00 0.0000000000e+00 0.0000000000e+00 0.0000000000e+00 0.0000000000e+00 0.0000000000e+00 0.0000000000e+00 0.0000000000e+00 0.0000000000e+00 0.0000000000e+00 0.0000000000e+00 0.0000000000e+00 0.0000000000e+00 0.0000000000e+00 0.0000000000e+00 0.0000000000e+00 0.0000000000e+00 0.0000000000e+00 0.0000000000e+00 0.0000000000e+00 0.0000000000e+00 0.0000000000e+00 0.0000000000e+00 0.0000000000e+00 0.0000000000e+00 0.0000000000e+00 0.0000000000e+00 0.0000000000e+00 0.0000000000e+00 0.0000000000e+00 0.0000000000e+00 0.0000000000e+00 0.0000000000e+00 0.0000000000e+00 0.0000000000e+00 0.0000000000e+00 0.0000000000e+00 0.0000000000e+00 0.0000000000e+00 0.0000000000e+00 0.0000000000e+00 0.0000000000e+00 0.0000000000e+00 0.0000000000e+00 0.0000000000e+00 0.0000000000e+00 0.0000000000e+00 0.0000000000e+00 0.0000000000e+00 0.0000000000e+00 0.0000000000e+00 0.0000000000e+00 0.0000000000e+00 0.0000000000e+00 0.0000000000e+00 0.0000000000e+00 0.0000000000e+00 0.0000000000e+00 0.0000000000e+00 0.0000000000e+00 0.0000000000e+00 0.0000000000e+00 0.0000000000e+00 0.0000000000e+00 0.0000000000e+00 0.0000000000e+00 0.0000000000e+00 0.0000000000e+00 0.0000000000e+00 0.0000000000e+00 0.0000000000e+00 0.0000000000e+00 0.0000000000e+00 1.5226803746e-09 -5.5493552667e-09 -3.8545458477e-09 -2.6470509195e-09 -2.5899153145e-09 -3.7070992198e-09 1.4343412533e-09 1.5449289649e-09 -3.9256716071e-09 -2.8348335094e-09 1.5793493215e-09 -9.0622258545e-09 -1.0101773558e-08 -6.5957009407e-09 -2.3307789715e-09 -4.7442835595e-09 -6.7062315371e-09 -1.8236309978e-09 2.4896206651e-09 4.7786429538e-10 -2.1493898888e-09 -1.0116745649e-08 -8.4938561782e-09 -2.5447666252e-09 1.5004616602e-09 -2.8018514142e-09 1.0294292424e-09 -1.8655799835e-09 3.7908556659e-10 -1.3966808398e-08 -4.3635100254e-10 -2.9027386863e-09 -6.0269059343e-09 3.1453052014e-09 -2.5808947788e-09 5.4183329402e-09 7.0471793487e-10 4.4995398893e-09 4.3388239373e-09 -4.0740177582e-09 1.6198299752e-09 9.9174068700e-10 -7.7929162373e-10 -1.4089871387e-10 -3.5653686084e-09 -6.9540280464e-09 -2.8027512819e-09 3.5382357131e-09 -1.0116251908e-09 0.0000000000e+00 0.0000000000e+00 0.0000000000e+00 0.0000000000e+00 0.0000000000e+00 0.0000000000e+00 0.0000000000e+00 0.0000000000e+00 0.0000000000e+00 0.0000000000e+00 0.0000000000e+00 0.0000000000e+00 0.0000000000e+00 0.0000000000e+00 0.0000000000e+00 0.0000000000e+00 0.0000000000e+00 0.0000000000e+00 0.0000000000e+00 0.0000000000e+00 0.0000000000e+00 0.0000000000e+00 0.0000000000e+00 0.0000000000e+00 0.0000000000e+00 0.0000000000e+00 0.0000000000e+00 0.0000000000e+00 0.0000000000e+00 0.0000000000e+00 0.0000000000e+00 0.0000000000e+00 0.0000000000e+00 0.0000000000e+00 0.0000000000e+00 0.0000000000e+00 0.0000000000e+00 0.0000000000e+00 0.0000000000e+00 0.0000000000e+00 0.0000000000e+00 0.0000000000e+00 0.0000000000e+00 0.0000000000e+00 0.0000000000e+00 0.0000000000e+00 0.0000000000e+00 0.0000000000e+00 0.0000000000e+00 0.0000000000e+00 0.0000000000e+00 0.0000000000e+00 0.0000000000e+00 0.0000000000e+00 0.0000000000e+00 0.0000000000e+00 0.0000000000e+00 0.0000000000e+00 0.0000000000e+00 0.0000000000e+00 0.0000000000e+00 0.0000000000e+00 0.0000000000e+00 0.0000000000e+00 0.0000000000e+00 0.0000000000e+00 0.0000000000e+00 0.0000000000e+00 0.0000000000e+00 0.0000000000e+00 0.0000000000e+00 0.0000000000e+00 0.0000000000e+00 0.0000000000e+00 0.0000000000e+00 0.0000000000e+00
0.0000000000e+00 0.0000000000e+00 0.0000000000e+00 0.0000000000e+00 0.0000000000e+00 0.0000000000e+00 0.0000000000e+00 0.0000000000e+00 0.0000000000e+00 0.0000000000e+00 0.0000000000e+00 0.0000000000e+00 0.0000000000e+00 0.0000000000e+00 0.0000000000e+00 0.0000000000e+00 0.0000000000e+00 0.0000000000e+00 0.0000000000e+00 0.0000000000e+00 0.0000000000e+00 0.0000000000e+00 0.0000000000e+00 0.0000000000e+00 0.0000000000e+00 0.0000000000e+00 0.0000000000e+00 0.0000000000e+00 0.0000000000e+00 0.0000000000e+00 0.0000000000e+00 0.0000000000e+00 0.0000000000e+00 0.0000000000e+00 0.0000000000e+00 0.0000000000e+00 0.0000000000e+00 0.0000000000e+00 0.0000000000e+00 0.0000000000e+00 0.0000000000e+00 0.0000000000e+00 0.0000000000e+00 0.0000000000e+00 0.0000000000e+00 0.0000000000e+00 0.0000000000e+00 0.0000000000e+00 0.0000000000e+00 0.0000000000e+00 0.0000000000e+00 0.0000000000e+00 0.0000000000e+00 0.0000000000e+00 0.0000000000e+00 0.0000000000e+00 0.0000000000e+00 0.0000000000e+00 0.0000000000e+00 0.0000000000e+00 0.0000000000e+00 0.0000000000e+00 0.0000000000e+00 0.0000000000e+00 0.0000000000e+00 0.0000000000e+00 0.0000000000e+00 0.0000000000e+00 0.0000000000e+00 0.0000000000e+00 0.0000000000e+00 0.0000000000e+00 0.0000000000e+00 0.0000000000e+00 0.0000000000e+00 0.0000000000e+00 0.0000000000e+00 0.0000000000e+00 0.0000000000e+00 0.0000000000e+00 8.1937662759e-10 1.0314525657e-09 2.0268449568e-09 1.0166755602e-10 1.4404246244e-09 -5.1975873956e-10 5.4576246861e-11 3.5042299421e-09 -7.0410332724e-09 -7.0177387577e-09 3.9445412393e-09 -9.2564884462e-10 -4.6481023339e-09 6.3909425241e-10 1.0466845419e-10 6.1070442665e-09 -4.6712827270e-09 -5.0123200971e-09 -1.5925787689e-09 -2.6795588950e-09 8.4019450270e-10 -4.4002420532e-10 2.2826467361e-09 9.5250860856e-10 6.5765442999e-09 -2.8792843647e-09 5.1702473473e-09 -2.8999178281e-09 -4.5148427339e-10 -3.4228692945e-09 -6.9386329740e-09 -2.1135795858e-09 1.4879842191e-09 -1.7220311993e-09 6.5308774686e-09 -1.0496900576e-10 1.4958381845e-09 -1.7602357815e-10 3.0095798984e-09 2.2055064583e-09 -2.1920865280e-09 0.0000000000e+00 0.0000000000e+00 0.0000000000e+00 0.0000000000e+00 0.0000000000e+00 0.0000000000e+00 0.0000000000e+00 0.0000000000e+00 0.0000000000e+00 0.0000000000e+00 0.0000000000e+00 0.0000000000e+00 0.0000000000e+00 0.0000000000e+00 0.0000000000e+00 0.0000000000e+00 0.0000000000e+00 0.0000000000e+00 0.0000000000e+00 0.0000000000e+00 0.0000000000e+00 0.0000000000e+00 0.0000000000e+00 0.0000000000e+00 0.0000000000e+00 0.0000000000e+00 0.0000000000e+00 0.0000000000e+00 0.0000000000e+00 0.0000000000e+00 0.0000000000e+00 0.0000000000e+00 0.0000000000e+00 0.0000000000e+00 0.0000000000e+00 0.0000000000e+00 0.0000000000e+00 0.0000000000e+00 0.0000000000e+00 0.0000000000e+00 0.0000000000e+00 0.0000000000e+00 0.0000000000e+00 0.0000000000e+00 0.0000000000e+00 0.0000000000e+00 0.0000000000e+00 0.0000000000e+00 0.0000000000e+00 0.0000000000e+00 0.0000000000e+00 0.0000000000e+00 0.0000000000e+00 0.0000000000e+00 0.0000000000e+00 0.0000000000e+00 0.0000000000e+00 0.0000000000e+00 0.0000000000e+00 0.0000000000e+00 0.0000000000e+00 0.0000000000e+00 0.0000000000e+00 0.0000000000e+00 0.0000000000e+00 0.0000000000e+00 0.0000000000e+00 0.0000000000e+00 0.0000000000e+00 0.0000000000e+00 0.0000000000e+00 0.0000000000e+00 0.0000000000e+00 0.0000000000e+00 0.0000000000e+00 0.0000000000e+00 0.0000000000e+00 0.0000000000e+00 0.0000000000e+00 0.0000000000e+00
0.0000000000e+00 0.0000000000e+00 0.0000000000e+00 0.0000000000e+00 0.0000000000e+00 0.0000000000e+00 0.0000000000e+00 0.0000000000e+00 0.0000000000e+00 0.0000000000e+00 0.0000000000e+00 0.0000000000e+00 0.0000000000e+00 0.0000000000e+00 0.0000000000e+00 0.0000000000e+00 0.0000000000e+00 0.0000000000e+00 0.0000000000e+00 0.0000000000e+00 0.0000000000e+00 0.0000000000e+00 0.0000000000e+00 0.0000000000e+00 0.0000000000e+00 0.0000000000e+00 0.0000000000e+00 0.0000000000e+00 0.0000000000e+00 0.0000000000e+00 0.0000000000e+00 0.0000000000e+00 0.0000000000e+00 0.0000000000e+00 0.0000000000e+00 0.0000000000e+00 0.0000000000e+00 0.0000000000e+00 0.0000000000e+00 0.0000000000e+00 0.0000000000e+00 0.0000000000e+00 0.0000000000e+00 0.0000000000e+00 0.0000000000e+00 0.0000000000e+00 0.0000000000e+00 0.0000000000e+00 0.0000000000e+00 0.0000000000e+00 0.0000000000e+00 0.0000000000e+00 0.0000000000e+00 0.0000000000e+00 0.0000000000e+00 0.0000000000e+00 0.0000000000e+00 0.0000000000e+00 0.0000000000e+00 0.0000000000e+00 0.0000000000e+00 0.0000000000e+00 0.0000000000e+00 0.0000000000e+00 0.0000000000e+00 0.0000000000e+00 0.0000000000e+00 0.0000000000e+00 0.0000000000e+00 0.0000000000e+00 0.0000000000e+00 0.0000000000e+00 0.0000000000e+00 0.0000000000e+00 0.0000000000e+00 0.0000000000e+00 0.0000000000e+00 0.0000000000e+00 0.0000000000e+00 0.0000000000e+00 0.0000000000e+00 0.0000000000e+00 0.0000000000e+00 0.0000000000e+00 0.0000000000e+00 0.0000000000e+00 -1.2960591723e-08 -7.7037759539e-09 -1.9726157038e-08 -1.3213719468e-08 -1.1694047672e-08 -1.2036672232e-08 -1.3184182673e-08 -7.3929818225e-09 -7.2006704381e-09 -5.5706831669e-09 -1.1450871652e-08 -1.2429674160e-08 -7.3841263272e-09 -9.8716647573e-09 -1.8811174475e-09 -7.0260343753e-09 -6.4148492184e-09 -2.8449748986e-09 -2.5380757441e-09 -1.2309926911e-08 -4.9359789167e-09 -9.0165720851e-09 -1.1984054456e-08 -5.0611104312e-09 -1.3952990572e-08 -9.2509647840e-09 -8.9634624593e-09 -6.0903821851e-09 -2.9701599227e-09 0.0000000000e+00 0.0000000000e+00 0.0000000000e+00 0.0000000000e+00 0.0000000000e+00 0.0000000000e+00 0.0000000000e+00 0.0000000000e+00 0.0000000000e+00 0.0000000000e+00 0.0000000000e+00 0.0000000000e+00 0.0000000000e+00 0.0000000000e+00 0.0000000000e+00 0.0000000000e+00 0.0000000000e+00 0.0000000000e+00 0.0000000000e+00 0.0000000000e+00 0.0000000000e+00 0.0000000000e+00 0.0000000000e+00 0.0000000000e+00 0.0000000000e+00 0.0000000000e+00 0.0000000000e+00 0.0000000000e+00 0.0000000000e+00 0.0000000000e+00 0.0000000000e+00 0.0000000000e+00 0.0000000000e+00 0.0000000000e+00 0.0000000000e+00 0.0000000000e+00 0.0000000000e+00 0.0000000000e+00 0.0000000000e+00 0.0000000000e+00 0.0000000000e+00 0.0000000000e+00 0.0000000000e+00 0.0000000000e+00 0.0000000000e+00 0.0000000000e+00 0.0000000000e+00 0.0000000000e+00 0.0000000000e+00 0.0000000000e+00 0.0000000000e+00 0.0000000000e+00 0.0000000000e+00 0.0000000000e+00 0.0000000000e+00 0.0000000000e+00 0.0000000000e+00 0.0000000000e+00 0.0000000000e+00 0.0000000000e+00 0.0000000000e+00 0.0000000000e+00 0.0000000000e+00 0.0000000000e+00 0.0000000000e+00 0.0000000000e+00 0.0000000000e+00 0.0000000000e+00 0.0000000000e+00 0.0000000000e+00 0.0000000000e+00 0.0000000000e+00 0.0000000000e+00 0.0000000000e+00 0.0000000000e+00 0.0000000000e+00 0.0000000000e+00 0.0000000000e+00 0.0000000000e+00 0.0000000000e+00 0.0000000000e+00 0.0000000000e+00 0.0000000000e+00 0.0000000000e+00 0.0000000000e+00 0.0000000000e+00
0.0000000000e+00 0.0000000000e+00 0.0000000000e+00 0.0000000000e+00 0.0000000000e+00 0.0000000000e+00 0.0000000000e+00 0.0000000000e+00 0.0000000000e+00 0.0000000000e+00 0.0000000000e+00 0.0000000000e+00 0.0000000000e+00 0.0000000000e+00 0.0000000000e+00 0.0000000000e+00 0.0000000000e+00 0.0000000000e+00 0.0000000000e+00 0.0000000000e+00 0.0000000000e+00 0.0000000000e+00 0.0000000000e+00 0.0000000000e+00 0.0000000000e+00 0.0000000000e+00 0.0000000000e+00 0.0000000000e+00 0.0000000000e+00 0.0000000000e+00 0.0000000000e+00 0.0000000000e+00 0.0000000000e+00 0.0000000000e+00 0.0000000000e+00 0.0000000000e+00 0.0000000000e+00 0.0000000000e+00 0.0000000000e+00 0.0000000000e+00 0.0000000000e+00 0.0000000000e+00 0.0000000000e+00 0.0000000000e+00 0.0000000000e+00 0.0000000000e+00 0.0000000000e+00 0.0000000000e+00 0.0000000000e+00 0.0000000000e+00 0.0000000000e+00 0.0000000000e+00 0.0000000000e+00 0.0000000000e+00 0.0000000000e+00 0.0000000000e+00 0.0000000000e+00 0.0000000000e+00 0.0000000000e+00 0.0000000000e+00 0.0000000000e+00 0.0000000000e+00 0.0000000000e+00 0.0000000000e+00 0.0000000000e+00 0.0000000000e+00 0.0000000000e+00 0.0000000000e+00 0.0000000000e+00 0.0000000000e+00 0.0000000000e+00 0.0000000000e+00 0.0000000000e+00 0.0000000000e+00 0.0000000000e+00 0.0000000000e+00 0.0000000000e+00 0.0000000000e+00 0.0000000000e+00 0.0000000000e+00 0.0000000000e+00 0.0000000000e+00 0.0000000000e+00 0.0000000000e+00 0.0000000000e+00 0.0000000000e+00 0.0000000000e+00 0.0000000000e+00 0.0000000000e+00 0.0000000000e+00 0.0000000000e+00 0.0000000000e+00 0.0000000000e+00 0.0000000000e+00 0.0000000000e+00 0.0000000000e+00 0.0000000000e+00 -5.0827100355e-09 -6.1953506063e-09 -6.3669639744e-09 -5.5631446161e-09 -4.6260777190e-09 -1.0797571726e-09 -1.6936214648e-09 0.0000000000e+00 0.0000000000e+00 0.0000000000e+00 0.0000000000e+00 0.0000000000e+00 0.0000000000e+00 0.0000000000e+00 0.0000000000e+00 0.0000000000e+00 0.0000000000e+00 0.0000000000e+00 0.0000000000e+00 0.0000000000e+00 0.0000000000e+00 0.0000000000e+00 0.0000000000e+00 0.0000000000e+00 0.0000000000e+00 0.0000000000e+00 0.0000000000e+00 0.0000000000e+00 0.0000000000e+00 0.0000000000e+00 0.0000000000e+00 0.0000000000e+00 0.0000000000e+00 0.0000000000e+00 0.0000000000e+00 0.0000000000e+00 0.0000000000e+00 0.0000000000e+00 0.0000000000e+00 0.0000000000e+00 0.0000000000e+00 0.0000000000e+00 0.0000000000e+00 0.0000000000e+00 0.0000000000e+00 0.0000000000e+00 0.0000000000e+00 0.0000000000e+00 0.0000000000e+00 0.0000000000e+00 0.0000000000e+00 0.0000000000e+00 0.0000000000e+00 0.0000000000e+00 0.0000000000e+00 0.0000000000e+00 0.0000000000e+00 0.0000000000e+00 0.0000000000e+00 0.0000000000e+00 0.0000000000e+00 0.0000000000e+00 0.0000000000e+00 0.0000000000e+00 0.0000000000e+00 0.0000000000e+00 0.0000000000e+00 0.0000000000e+00 0.0000000000e+00 0.0000000000e+00 0.0000000000e+00 0.0000000000e+00 0.0000000000e+00 0.0000000000e+00 0.0000000000e+00 0.0000000000e+00 0.0000000000e+00 0.0000000000e+00 0.0000000000e+00 0.0000000000e+00 0.0000000000e+00 0.0000000000e+00 0.0000000000e+00 0.0000000000e+00 0.0000000000e+00 0.0000000000e+00 0.0000000000e+00 0.0000000000e+00 0.0000000000e+00 0.0000000000e+00 0.0000000000e+00 0.0000000000e+00 0.0000000000e+00 0.0000000000e+00 0.0000000000e+00 0.0000000000e+00 0.0000000000e+00 0.0000000000e+00 0.0000000000e+00 0.0000000000e+00 0.0000000000e+00 0.0000000000e+00 0.0000000000e+00 0.0000000000e+00
